# File generated by ForgeFPGA Workshop v.6.53 (Build 003)
## Project name: IR_PROJECT
## Netlist name: internal: netlist.edif
# Generation date: Tue Jun 16 11:54:19 2026
# Synthesis tool: Yosys v.0.37
# Place and Route tool: v.23
# Netlist SHA-256 f3cea7163b9457ca05a3ea082a134c65ad73fb43e1bbc6608541c8315e62d673
## High Density IO Packaging: off
## High Density Packaging Logic: on
## Clock-Concurrent Optimization CCopt: on
## Place-and-Trial-route: off
## Place-and-Trial-route iteration count: 20
## Max-CPU: 16
## Maximum Routing Iterations: 300
## Timing Analysis Corner: tt1pv25c_typical(0)

# axi_bus_width: 32, bits_per_cycle_per_tile: 32, array_size: 1x1, crc16: false
22222220
00000000
00000000
00000000
00410047
00000000
00aa00a8
00000000
00000000
00000000
11011103

2aaaaaa8
2aaaaaa8
ffffffff
feffffff
fffbffff
00000000
ffffffff
ffffffff
fdffffff
d5555557
d5455547

01400140
feffffff
d5455407
d5555407
2abaaab8
00000000
d5515557
2aaaaaa8
2aaaaa28
fd7ffd7f
00000000

09c889c0
d5555557
d5555557
d5555557
d5005500
00000000
2a00aa00
2aaeaaa8
2aaaaa28
282aa828
c4404400

00000008
01000000
00000110
00000150
00000000
00000000
00000000
00000000
00000000
00000000
00040044

22022220
2aaaaaa8
2abaaae8
2aaaaaa8
2abbaaff
00000000
d5ff55df
d5555557
d5555557
d5555557
11111113

22eaabe8
ffffffff
d5555407
d5555407
fffbffff
08400020
ffffffdf
2a2aaaa8
2aaaaa88
fd7ffd7f
d5155557

00000000
00000000
d5555557
d5555557
00000000
08000000
00000000
2aaaaaa8
2aaaaa88
00000000
00000000

00a88880
00000000
00000110
00000150
d5005d00
00400020
2a00aa00
00000000
00000000
00000000
c4040444

01400148
ffffffff
2aaaaae8
2aaaaaa8
2aeaaaa8
00000000
d5555457
d5555557
d5555557
fd7ffd7f
00004000

21622360
ffffffff
00000000
00000000
00410053
08200080
08aa2008
00800000
00000000
fd7ffd7f
11011103

2aaaaaa8
00000000
00000000
00000000
d5555557
083060a4
2aaaaaa8
00000000
00000000
00000000
d5455547

02000000
00000000
00000000
00000000
2aaee2ac
00102004
d55554d7
00000000
00000000
00000000
00000000

09c889c0
feffffff
ffffffff
d5555557
d5001500
00004020
22008a20
2aaaaaa8
ffffffff
fd7ffd7f
c4404400

00000008
2aaaaaa8
d5555407
2aaaabf8
2abaaaa8
00000000
d5555557
d5555d57
2aaaa2a8
d5555557
00040044

22222200
00000000
00000000
00000000
00500044
00000000
00aa00a8
00000000
00000000
00000000
11010003

2beaabc8
d5555517
00000000
00000000
d5515557
00810003
2aaaaaa8
00000000
00000080
282aa828
d5455547

01c08140
ffffffff
ffffffff
d5555557
2aaaaaba
00800002
d5555557
2aaaaaa8
ffffffff
fd7ffd7f
00001100

09480948
ffffffff
d5555507
00000050
d5015500
00010001
2a00aa00
00000000
2aaaaa28
fd7ffd7f
c4004000

00000080
00000000
00000000
2aaaaaa8
2aaaaaa9
00000000
d5555557
d5555557
00000000
00000000
00440444

00000000
00000000
d5555407
d5555557
00510017
00000100
00aa00a8
2aaaaa28
2aaaaa28
00000000
00000000

2a00aa00
2aaaaaa8
ffffffbf
d55555d7
d5515457
00004340
2aaaaaa8
2aaaaaa8
ffffffff
d5555557
d5005510

00000000
2aaaaaa8
00000000
00000000
2baaea28
00000000
d5555557
00000080
00000080
d5555557
00000000

01400140
d5555557
00000110
00000000
d40014c0
00004240
2a00aa40
00000000
00000000
282aa828
00000010

2b40ab00
d5555557
d5554557
ff55de57
00000080
00000000
00000040
ffaafea8
2aaaa828
282aa828
d5005500

01400140
feffff7f
ffffffff
ffffdfff
00000080
00000040
00000000
fffffeef
ffffffff
fd7ffd7f
00000000

01408140
ffffff7f
00000000
00aa00a8
2aaeaa78
00000000
d45d5557
00550047
00000080
fd7ffd7f
00004000

2b40ab40
d5555557
00001000
00000100
d5045550
ff04ff00
2a08aa80
00000000
00000200
282aa828
d5005500

00000000
00000000
00000000
2a008a00
00000000
00040000
00000000
d5005400
00000000
00000000
00000000

00000000
2aaaaaa8
2aaeaaf8
2aaa8aa8
00000000
00000000
00000080
d5555457
d55d55d7
d5555557
01000000

2b402b40
ffffffff
00000050
00aa00a8
d5005500
ff00ff00
2a00aa00
00510057
00000080
fd7ffd7f
d4001500

00000000
00000000
00040000
00000000
00000000
00000000
00000000
00040000
00080000
00000000
00000000

22622204
00401504
00004004
04500000
00550047
00000000
000a00a8
00200000
00008000
00800228
1115113b

2aeabb28
2aeabba8
ffffffff
fbabffab
ffffffef
00040000
ff5fffff
f7577f57
ffffffff
d5d57777
d5d53577

00401140
eaeabbeb
d5544554
d5555553
2a0aaaa8
00040000
d5555547
2aaaaa80
2a2a0a80
d5d577f7
008020a0

0848086c
c0401547
d5555557
d5f55557
d5005500
00000000
2200aa00
2aaaaab8
2aaaaaa8
008002a8
c00004ec

00808404
00100504
00000000
00000004
00000000
00000000
08000000
00000028
00000028
00a00a28
04400a28

22223720
2abaaba8
2aabbaab
2aaaaaa8
2aefeaef
00004000
d55f555f
d5555557
d5d5f557
d5f57f57
11913b13

2aaabfe8
eabaabeb
d5555555
d55d5553
fff7ffef
000040a0
ff5fffff
2aa8a880
2aaaaa88
d5f57fd7
d5d57fd7

00000444
00100544
d5555557
d5555557
00100000
000000a0
000000a0
2aaaaaa8
2aaaaaa8
00a00aa8
00000aa8

0898080c
00001404
00000002
00000004
d5003500
00000000
2200ea40
00000028
00000020
00800008
c024440c

00009180
2aaabaa8
2aaaaaa8
2aaaaaa8
2aaaaaa8
00000000
dd555557
d5575557
d5555557
d5d57577
04c02060

22221140
eaaabaeb
00000000
00000000
00050047
00180000
002a2088
00000200
00000000
d5d575f7
118171b3

2abaaacc
c0001447
00000000
00000000
d5455547
04b82020
2aaaaaa8
40000000
00000000
00800088
d56555df

04102604
04100404
00000000
00000040
2aea8aa8
04202000
95551517
00000000
00000000
08a00808
08200a08

0c889588
2ebaaaa8
ffffffff
d5555557
d1001500
00800020
2a008a60
2aaaaaa8
ffffffff
ddf57d57
ccc42e04

04001d40
eebaaaeb
d5551513
2aaaaaac
2eaaeaa8
00000000
d5d55557
d555557f
2aaa8a80
ddf57dd7
08802ac0

26322664
04100444
00000000
00004000
00450047
00000010
000a0008
00000000
00002000
08a00888
19311b9b

2aaaaaa8
c4100103
00000000
00080000
d5555547
010020b0
2a0aaaa8
00000000
00000000
08202a20
d5555577

00004000
eebaabab
ffffffff
d5555557
2ab2aaa8
000000a0
d5555597
2aaaaaa8
ffffffff
dd757f77
00000020

08884808
eafaaaab
d5555553
00000004
d4001500
01002000
2200aa20
00000028
2aaaaa80
d5f55757
c084c404

00008080
c0000003
00000000
2aaaaaa8
2baaeaa8
00000000
dd555557
d5555557
00000000
00800220
04c08060

08000000
04104100
d5510007
d5510003
00150104
00000100
00aa00a8
2aa20080
2aa20000
08202820
18004020

2a00ea00
2ebaeba8
fffbaaaf
d5510403
d5555547
0210cf03
2aaaaaa8
2aa22088
fff7557f
dd757d77
d5005520

00004000
2aeaeaa8
00000000
00000400
2aaaaae8
02100000
d5555556
00002009
00000028
d5d55557
00808000

00000000
00004000
00000000
00000000
ffaad42b
0000ce03
3555ea10
00000000
00000000
00800020
00808020

2200bf44
c0101547
d5510003
ff51dd47
2aea8828
00000000
1f555044
ffa25d00
2aa20008
00a0aa88
c5803f88

00005544
eababfef
fffbaaab
fffbddef
2beaa348
3fff9df4
17d543d0
fff75dd7
fff7555f
d5f5ffff
00802aa8

08405544
eafabeef
00000000
000200a8
02000100
00000000
c1000023
00550047
00000000
d5f5d7df
00a0ea88

2a60bf44
c0401447
00000000
00a80000
d7005510
ffa0ff10
2be0aa20
00000090
00000000
00808288
d5c0ff88

00001544
00105544
00000000
2a008800
02800000
00a00010
01a00000
d5405500
00000000
00a0a888
00802a88

00205544
2abaffec
2aaaabb8
2a8a88a8
02800210
00000000
01000000
d5555557
d5555577
d5f5fdff
00c02aa8

2240ff44
eaeafeef
00000010
000a00a8
d5001400
f700bf00
2240aa40
00150057
00000020
d5d5d5df
d580bf88

00401544
00405444
00000100
00800000
00004000
08004000
08000000
00000000
00000000
00808088
0080aa88

00002020
15154014
00004000
00004000
00010057
00800000
080a00a8
00008000
00008080
2aa20028
00000000

3fffff3c
3fbfffbc
ffffffff
ffffffff
ffffffff
08800080
ff7fffff
ffffffff
ffffffff
ffffffff
ffefffff

22020a00
eaaaaaab
d1510013
d1510003
2afeaaa8
08000000
d5655457
2a220000
2a220000
d55d7fd7
11015583

00000000
c0001503
d1510013
d1510003
d5005500
00000080
2200aa00
2a320100
2a220000
00008000
04400040

08a8800c
11450054
00000000
00000000
00000000
00000000
00000000
00000000
00000000
2aa20028
c0040014

1d557530
3beffffc
2aaaaaa8
2aaaaaa8
2abfaaef
00202090
d5ff755f
d5555557
d5555557
ffff7fff
2aaeaa28

2a2aaaa8
eaaaeaab
d1510003
d1110013
ffffffef
0ce0a0b0
ffffff7f
2a220200
2a220800
d55d7fd7
d5155547

33230a80
00001500
d1510003
d1510013
00000000
0c408020
00008000
2aa20200
2a220800
00000000
33131503

11090000
15154054
00000000
00000000
d5005500
00800000
2e100a00
00000000
00000000
2aa20028
22020040

00008008
ffffffff
2aaaaaa8
2aaaaaa8
2aeaaa88
00000000
d5555577
d5555557
d5555557
ffffffff
c4004004

00200000
eaaaaaab
00000000
00400000
00451057
00001100
00aa80a8
00800000
00000000
d55d7fd7
00000000

37ff4aa8
00401500
00000000
00000000
d5455457
00809100
2aaaaaa8
00000000
00000000
00008000
fff77f57

37575534
11054044
00000000
00000000
2aaaaa88
00008000
d1455557
00000000
00000000
00000000
3fa3aa87

00800a80
ffffffef
ffffffff
d5510003
d5004400
00800000
2c002a00
2a220000
ffffffff
d55555d7
00100180

0008001c
2efaaaa8
d5410003
2abaaaa8
2aaaaaa8
00000000
d7555557
d5555557
2a220000
d55555d7
c044d450

00801580
00001500
00000000
00000000
00150057
00400a00
008a0088
00000000
00000000
00000000
00500000

2a8affc8
d5510017
00000000
00000000
d5155557
01420e30
2aaaa0a8
00000000
00000000
00000000
d15d5557

2a022200
ffffffff
ffffffff
d1510003
2aaaaba8
01020020
d1755557
2a220020
ffffffff
d5555557
19a51103

00000040
eaaebfeb
d1510003
00000000
d4005400
00000410
2e00a020
00000000
2a220000
d5555557
00000440

155ddd5c
00004000
00000000
2aaaaaa8
2baaaaa8
00000000
d5555557
d5555577
00000000
2aaa2a28
ea2aeabc

00000000
00045554
d5115507
d1155517
00450057
00100120
00aa00a8
2a2aaa0c
2aaaa028
00000000
00000000

2a00aa00
2efefffc
ffbfffef
d1155557
d5455457
00101120
2aaaaaa8
2a2aab28
fffff7ff
d5555557
d5005500

15555514
2ef2aaa8
00000040
00000040
2aaaaaa8
00000000
d1554451
00001002
00000000
d555555f
2a2aaaa8

15555554
c0000003
000c0000
00000000
d508ee28
00001000
2e44ff14
00000020
00000280
2aaa2a20
2a2aaaa0

3f51aa00
c0044053
d1555517
f3517507
0008ba28
00000000
00045514
fb2af788
2a2aaaa8
00000000
ffaa7e28

00000000
ffffffff
fbffffff
f3fb75ef
1559aa28
04ccffbc
00145554
fb7fffdf
ff7fffff
f7d75557
00000100

15455754
eaaaaaab
00000040
00aa00e8
00044000
00000000
c0000003
00450057
00000000
f7d75557
2aaaaaa8

2a00ea10
c0000007
00000000
00000000
d5145500
ff10ff00
2a00aa00
00100800
00000000
00000000
d5045480

00000040
15511500
00000000
22002000
00100000
00100000
00000000
d1005400
00000000
00000000
00808000

15451504
2aaaaaa8
2aaeeab8
22aa20a8
02800280
00000000
00000000
d1515557
d5555557
d5555557
2e2a2a28

3f51bd14
eaaaaaeb
00040000
00aa00a8
d7001500
ff00ff00
2a00aa00
00510157
00000000
d55555d7
fb2e7e28

15554054
00000040
00004010
00000000
00000000
00000000
00000000
00000000
00000000
00000080
00000000

08000040
04101440
00040014
04400000
00450007
0c000000
08aa00a8
08200000
00000008
08a00020
00000020

2a8aaae8
2ebabae8
ffffffff
fbabbfab
fbefffff
0c0800f0
ffffffff
f7577f57
ffffffff
ddf55577
d5455577

220a0060
eebabaeb
d5510403
d5510403
2aaaaaa8
00000060
d5555557
2aa20000
2aaa0000
ddf55777
15410023

008400c0
c4141403
d5510403
d5510403
d1005410
00080090
22008a00
2aa22088
2aaa2028
08a80220
00080060

0000bf4c
04101404
00000000
00000000
00000140
00000000
00002000
00000008
00000008
08202808
c0847d1c

00001544
2ebabaac
2aaaaaa8
2aaaaaa8
2eefbbbf
00001110
d57f557f
d55575d7
d5557577
dd757d7f
04802868

2aaabfac
eababaef
d5510403
d4500003
fff7ffff
0c6091d0
ffefffef
2ab20000
2aa20800
d5757f7f
d5d57d7f

2a823704
00101404
d5510503
d5590043
00100000
046080c0
00808000
2aa228b8
2aa22880
00202a08
1181280b

04240828
04140540
00000000
01010040
d1004440
08000000
22101a80
00000808
00000000
08280020
08085734

00088080
eebaabeb
2aaaaba8
2aaaaaa8
2aaaaaa8
00000000
dd557557
d55575d7
d55575d7
dd755557
c0540200

000820e0
eeaaabeb
00000000
00000000
00550057
00000000
00aa00a8
00000020
00000000
dd555757
00000210

2e3aaae8
04100500
00000000
00000020
d5555557
00000200
2aaaaaa8
00000000
00000000
08200220
d9354637

26421d04
04100504
00000000
00020480
2aa8aa08
00000200
d5414557
00040000
00000020
08202808
19912e0f

0000170c
eebaabaf
ffffffff
d5511407
d5007520
00000000
2a00aa00
2aa200a8
ffffffff
dd757d5f
00842a08

08609504
2aaaabec
d5410007
2abaaaa8
2aaaaaa8
00000000
d5555557
d555555f
2aa20000
d5557f5f
c0806a08

04003504
00100504
00000000
00001000
00450046
00000800
002a0088
00000080
00000000
00202a08
08902b08

22ae2a18
c4040013
00000004
00000400
d5455547
01a15fc1
2aaaa2a8
00000000
00000000
00882820
d55d55e7

26260a00
eaaeaaab
ffffffff
d5511407
2aaa9a88
01211080
d5555557
2aa22088
ffffffff
d5dd7d57
11091487

00040418
eeaeaebb
d5510003
00000000
d4004501
00804741
2a008224
00000008
2aa20000
d5dd5f77
044808a0

009c0410
04140410
00001000
2aaaaaa8
2baaaaa8
00000000
d5d57557
d55575d7
00000000
00880a20
c00c4860

00042100
00040000
d5510407
d5510403
00550057
00200000
008a00a8
2aa20022
2aaa0080
00082800
00880000

2a00ab00
2aaaaaa8
fffbaeaf
d5510443
d5555557
00200200
2a8aaaa8
2ba20020
ffff5df7
d5557d57
d5905500

00000500
2eaaaea8
00000000
00000000
2aaaaaa8
00000200
d4555551
00000000
00000820
d5545f57
00800880

00040500
c4040403
00000000
00000040
ffaa5d00
00000000
3f518a50
00000000
00010000
00080a00
80880800

2a049a14
c0441117
d1110413
ff55f747
2aa200a0
00000000
15512450
fb9aff28
2aa20220
00082028
550877a8

00041004
eaaebbaf
fbbfaefb
fffff7ef
2be201e0
3ff7fbbc
17d107c0
fbffffff
fff75777
d55d655f
00182288

00043404
eeaebfaf
00040000
00a200a8
02010000
00000000
c1400023
00450057
00000000
d55d475f
00082a88

2a04be84
c4041507
00000040
00080000
d7015500
ff00ff00
2b00a220
00200080
00000000
00080208
d5087f08

00441104
00041104
00010000
2a00a200
02800000
00000000
01000000
d1005500
00000000
00082008
00882208

00001104
2aaabbac
2aabaea8
2aaaa2a8
02000000
00000000
01000040
d1555557
d5555d77
d555655b
00802608

2a409f04
eeaabfaf
00000400
00aa00a8
d5805180
ff00df00
2a408240
00450057
00000020
d555475b
d5807b88

00041584
04041504
00000000
00000000
00000400
00002000
00002000
00100000
00000800
00080208
00882a08

21000060
01000140
00000000
00000000
00050017
00000040
028800a8
0a000000
00000028
00000200
15510013

2a08aaa8
2aaaeba8
ffffffff
faaaabeb
ffffffff
0ef204c0
f7dfffff
f5f55757
ffffffff
d555d557
d5555557

08002104
eaaafbaf
d5015543
d5011553
2baaaaa8
0c500080
d5155557
2842a800
28828880
d755f55f
02001008

011889c4
c1101147
d5415547
d5415557
d0004540
02a20400
2002a800
2882aa80
28a2aa80
00202208
c024044c

07000248
01000040
00000004
00004004
04501000
00000000
00000200
00800000
00200000
00000200
08004300

22a222e0
2aaaeae8
2aeaaaa8
2aeaaa88
2aafaabf
00000080
d57f557f
d54557d7
d5557757
d555d557
10001613

2abaa3ac
eabafaaf
d5000041
d5000003
ffafffdf
06e00cc0
ffefff7f
28800000
28000000
d575f55f
d475575f

05100104
01101004
d5115543
d5415547
00000000
06000440
00000000
28a2aaa0
28a2aa80
00202208
08300208

09088008
01040100
00000000
00400404
d5824740
00e00800
2200a000
00000000
00800000
00080200
c4050104

01000000
2baeeba8
2aaaaaa8
2aaaaaa8
2aaabaa8
00000000
dd955f57
d55557f7
d5575dd7
d57dd557
00404040

21002124
efaefbaf
00115500
00015140
00050047
00000000
08aa0088
0002a000
0000a200
dffdf55f
1281111b

2138ab2c
c5141107
00000002
00000000
d5154547
0010b050
2aaaaa88
00200800
00200000
08282208
d525551f

05000000
01040000
00004500
00040020
2a28a888
00008050
d515d557
00008020
00002000
00080200
0c000200

01200a08
2baeeaa8
ffbfffbf
d5555557
d5004500
00102000
26003800
2820aaa0
ffffffff
d55dd557
c1044604

01188104
efbefaaf
d1101003
2eaaaaac
2abaaaa8
00001000
d5555757
d5755557
28000000
ddfdf55f
00a00208

2d102324
05141004
00000000
00010010
01150047
000c0010
080a0088
00000892
00000200
08282208
1820125b

2aeaaae8
c0400143
00015500
00080000
d5155557
018c1c30
2aaaa2a8
00220000
0000aa00
00000200
d1d55157

027001c0
ebfabbab
ffffffff
d5455543
2aa2aab8
00001820
d1750545
28a2eaa0
ffffffff
d5757757
01e00300

00da8908
eafefaab
d5400043
00000000
d0004500
00800400
2280a000
00800000
28000000
d55df757
c0040204

00400000
c0444043
00000000
2aaeaaa8
2eaabaa8
01000000
d5555777
d55555d7
00000020
00088200
00114000

00400200
00008140
d5414457
d515544f
00150445
00000000
00aa00a8
6a8228a0
28220820
00110200
00001000

2258ab00
2b9abb88
fffffeff
d5155447
d5155557
08020c02
2aaaaaa8
2aa2a8a0
fff75ff7
d5717757
d5a15700

00508100
2a9e7a88
00141000
00000080
2aaaaa20
08000000
94457555
01308002
00800280
d548f757
00000200

00480000
00044040
00000000
00000000
ff0259b2
00000802
3f418e44
00000000
02000000
00088280
00010080

22402840
c0408103
d4014447
f1195d47
2aa22aa0
00020400
15114504
fd0befa8
2a8228a0
02040000
d7004500

00500140
eaf8bbab
febfefe7
f9bfddef
23c28960
3fbf8ffc
17d11684
ff5fefff
bfe77df7
d7757553
02200200

00500100
eabc7aa3
00040100
08a600a8
00000000
00004400
c0000043
00140057
00200000
9769f553
02201200

2240aa00
c0444003
00100000
00008000
d5405500
ff01ff40
2a20aac0
02400000
00000000
0a088000
df455540

00400200
00000920
00000000
20008a00
02400000
00000000
01200040
d5044500
00000000
00400050
00010000

02500100
2ababba8
2aaaaba8
28abcea8
02000100
00000000
00000040
d5554557
d57555d7
d5757557
05600200

2050a900
eabef28b
00000100
08ab00a8
d5804400
ff01a940
2b40a840
00100057
00000080
d53df507
d0244700

00400000
00044000
00000000
00004400
00001000
00001200
00000280
00410000
00200000
00088000
00000040

228000a0
00000000
00000010
00000010
04440047
00000000
00020028
04000020
0008a020
00000000
10141013

3fdb8fec
2aaefaa8
ffffffff
ffffffff
fffeffef
048028c0
ff77ffff
ffffffff
ffffffff
d55df557
ffbffeff

00000800
eaaefaab
d1405503
d1505507
2b92aaa8
00000080
db745547
2a20aa00
2a000800
d55df557
0008a400

00088208
c0055453
d1555543
d1795547
d0004500
04802840
2000aa80
2aa3aa10
2aa2aa00
00000000
c1004004

08020000
15555554
00000000
00000000
00001000
00000000
00000000
00800000
00808000
20a00000
04010048

35530564
2aaaaaa8
2abfaae8
2aabaae8
2aaeaaaf
00000000
d557557f
d5575557
d5777757
f5f55557
3ba71bb3

282a88a8
eaaaaaab
d1501000
d1000003
fffeffef
06f013c0
ffd7fdff
2aa80000
2a200000
d5555557
d5455557

11400004
15500104
d1515547
d1515503
00001040
06f012c0
00000000
2aaaa200
2aaaaa00
00000000
20000000

19488808
00545554
00000000
00100000
d5004480
00000100
2840a800
00008000
00008000
00000000
e4004444

00200080
effeffff
2aabaae8
2aebaaa8
2afaaba8
00000000
d3d455d7
d5575557
d55f5557
fff75fdf
00400000

20202a24
efaaaaab
00004407
00005500
00500007
00000000
00828828
00002200
00802a00
d5555557
10000153

3baabe78
00000000
00000100
00000000
d5545547
013c8c80
2aaaaa28
00000000
00000000
00000000
f2774757

1b565554
11100004
00000104
00000000
2aaaaa28
01000000
d1145517
00000040
00000a00
00000000
222ba2a8

00004008
fbbfffff
fbffffbf
d5115547
d5004500
000c8400
2a002200
2aa2aaa0
ffffffff
fff75fdf
c01820a4

008c8000
2aafbff8
d1100003
2aaaaaa8
2aaebae8
00300880
d57d5557
d5d55557
2a200080
d5555557
0044c400

28d20324
00004000
00000400
00015000
01540047
00000030
008200a8
40020020
0000a000
0008a000
1401111b

2aff9bf8
d5055457
00014500
00000800
d5555547
0f010830
2a82aaa8
04000000
00000a00
0008a400
d5775d17

00200004
ffffffff
ffffffff
d5514543
2aaaa2a8
0a010000
11555547
aaa22a10
ffffffff
d5555557
0a100008

06088888
eabaabab
d1500003
00000000
d0014500
00000800
2800aa04
00800000
2a200000
d5555157
c0044404

14514554
00400000
04000000
2aaaaae8
2eaabaa8
05000000
d7554557
d5575557
00002000
00000000
2beaaaa8

00000010
1005d414
d0100517
d0000553
00441147
00000100
000a2088
28a22aa8
2a220a28
22800008
00000000

2a80ea00
3fffffbc
febaafff
d4404553
d5545557
00983130
2aaaaaa8
2aa22ea8
ff7fffff
f7ffffff
d5405500

10510544
2eaa2ba8
00000000
00400000
2aaaaab8
00903030
d5f54173
02000000
0008a000
d55f7ff7
2aaaaaa8

14550554
c1500003
04000040
04004000
d5a26e28
00080000
2f40cf14
00000000
00000080
00208000
2aaaaaa8

2a80aa00
d5045017
d4500553
ff154f53
00920a28
00000000
01445514
fbeacfa8
2aa22aa8
22201008
ffe25f88

00000000
fffefbbf
fefaaffb
ffbfcffb
15220a28
000b9f38
00405514
ffffffff
fff77fff
f77fff7f
00088000

15551554
eaaaabab
00000000
008a80a8
00104100
02118200
c0000003
00151047
00000000
d55f6f77
2aaaba88

2a04ae20
c0500003
00000000
00200000
d5115500
fb9dff18
2a28aa00
04002010
00000000
00008000
dd047500

00001010
15545074
00000000
2a100a20
00010000
00800010
00200000
d1844500
00000000
26205048
02000000

1d510944
3fff7bfc
2abaeaa8
2abecaa8
02800280
00044000
00080000
d7fd5757
d55d5557
f77fff7f
25a20a88

3751a704
eaab2b8b
00000000
00a6c088
d5000400
f9082d08
2a00aa00
00781047
00080000
d15d2737
f2a6cf88

15055474
00000000
00104000
00080000
00001000
00001000
00000000
06010210
00000000
00028800
2a000000

04002460
04510000
00010400
05000000
00011045
00000000
08a800a8
00000000
00000000
08200080
08040000

2a2aaae8
2abaaaa8
fffeffff
faaaabab
ffbbffed
00068000
fffd7fff
f5575fd7
ffffffff
d57557d7
d5455157

22120e40
eafaafab
d5045047
95165045
2ba8a8a8
00000000
55055545
a238aa88
22a82a08
d5755557
11201313

05288448
c4100103
d5455057
d5155257
d4104400
00048000
22002a00
2aeaaaba
2aaa2a28
08200200
0cc10240

0c000580
04000000
00410010
40010010
00000100
00020000
00000000
00820000
08000000
08200080
ca004004

00022100
2aaaaae8
2aaaaaa8
2aaaaaaa
2aaefafd
00004000
d55d55ff
dd555577
d5575577
d7755f57
02001800

2a9aaf88
eaeaafab
d5040047
d4540047
ffb7fbfd
0ca14630
ffedffff
28080028
2a200008
d5755dd7
d7755f47

04000f00
04000100
d5055557
d55d5557
00000000
0c810200
00a00000
2abaaa28
2a2aaa28
0a200200
1b910243

20080400
00145000
00010010
00000010
d5000100
00200030
2a00aa00
00000000
00020000
0028a800
00004c00

0a808088
eabefaab
2aaaaaa8
2baaaaa8
2abbaaa8
00000400
d5555557
d5f75557
d5555577
d57df757
c4440104

00100400
eabeffab
00005400
00005500
00450045
00000000
00880028
0000a800
00002800
d57df557
00301350

23aaaca8
00145100
00000100
00010000
d5455545
01603180
2aa8aa28
02400200
00088200
0028aa00
d1d45f57

2222a520
01045000
00004510
00000200
2aaab9a8
01201000
d5155557
00000000
0000aa00
0028a800
13004803

00000908
ebaefaab
fffbffff
d5155557
d1084400
00402000
22209a00
2a2aaa28
fff7ffff
d77dff57
02000800

00980580
2baeffa8
d5100047
2aabaaa8
2eaaaaa8
00000180
dd557557
d5555557
2a220008
d57dfd57
c2640e04

0000a520
01045100
00001000
00000000
00050045
00040000
080802a8
10000020
00000000
0228aa00
03801a10

2aaaaee8
c0000403
00005500
00000000
d5055555
81b40100
2aa8aaa8
00000000
00008a00
00000080
d5451557

22220400
eeaaaeab
fffffffe
d5055557
2aa2aaa8
01a00100
c5d54547
2a2aaa38
ffffffff
dd5757d7
10010103

00880408
eeaaafab
d5040046
00010010
54005410
80000000
2220a810
00020000
2a280008
dd575557
00000200

09000e80
04000500
00000000
2aaaaaa8
abaaaba8
00100000
d5555556
d5555577
00002000
08000200
c4c40644

00400140
00045000
d5105003
d5405003
00111045
00000010
00a800a8
28808a00
28008a00
0008a080
02000100

2a40ab00
2eaedae8
fffafeef
d5405153
d5515547
00062c12
2aaaaaa8
28a08aa0
fdd5df57
df5ff757
57144500

00400300
2eaedba8
00400440
00000140
2aeaaaa8
00000000
dd555546
00200000
00800000
dd5ff5d7
02000200

00400100
c4045103
00000004
00000010
ff804f0a
00062c02
3743be44
000000a0
00000000
0a08a200
02840200

2e00ac40
c0020403
c5005003
ff05f943
2a020088
00000000
15510444
7d2e6080
2a828200
00100000
5d004400

00000000
eeaaaaab
fffafbff
ffefffff
2bc289e8
3d5e2d4c
17d14294
fd6ff9ff
fff7dff7
ddd75757
00100000

00000000
eea8abab
00100140
00a202a8
00801080
08010500
c0600003
80011947
00200000
dd475557
00001300

2700ae00
c4000503
10400014
00480414
d5d05592
ff13ef12
2262aa60
00408038
000008a0
08000200
dd905700

00500540
01145400
00401000
2201aa00
00100092
00020012
00020240
dd005020
00a00000
000ca000
02000000

00500100
2fbefaa8
2afabab8
2aabafa8
00000080
00000000
01400100
df455177
d5f57ff7
df5ff757
03100000

2241a300
efaefbab
00000000
08a805a8
d5c04480
f500ea00
2200a800
02050155
00002a20
dd5bf557
d6024600

00510d00
05145500
00100010
00020000
00000100
02100000
00000020
00400002
00000080
0a08a200
02820200

02701000
00101040
00001000
01100000
00050043
00010800
00a808a8
00000000
00000000
00222200
03322280

2afa3abc
2ababefc
ffffffff
eeeeaaeb
ffefffeb
02130a10
fdffffff
dd5d55d7
ffffffff
d5777f77
d77773f7

20523ba4
eababfef
d1444407
55444443
2aeaaaa8
02000210
55555553
aa080a8c
2a282a28
d5777f57
12a332d3

00501108
c0101143
d5554417
d5554457
d5005500
00120000
2802a200
2a0a2aa8
2a2a2aa8
00222200
02e22380

08880000
00004040
00100010
80110014
00000000
00000000
00000000
00020020
00020080
00028000
c6064004

00200810
2aaaeef8
2eabaaa8
2aaaaaa8
2aefaaab
00000000
d5fd75ff
d5557557
d5555557
d557df77
02020220

2aaaabb8
eaaaeffb
d5140503
d5440403
ffefafbb
0012fc50
fffd7efe
2a800008
2a000008
d557df77
d7d747e7

22002320
00004140
d5555517
d5555517
00000000
0010d850
00000800
2a8aaba9
2a0aaaa8
00028000
13860183

10c09000
10001000
00400004
00110014
d5008110
00000400
2a001100
00020000
00020000
20002200
22416280

094a509c
2baabebc
2aabaaa8
2aaabaa8
2aaaaea8
00022000
d5155757
d5555557
d555d557
d5557f77
c61026e4

01401344
ebaabfef
00005000
00004000
00440453
00000400
00aa00a8
0008a2a0
00082a00
d5557f5f
01812298

2ae8bbe8
c0001143
00000010
00000100
d5555553
02130c00
28aaaaa8
00000800
000000a0
00002200
d7d53797

22200020
00004000
00004000
00011000
2aba2aa8
02110800
dd154446
00000019
00002a00
00008000
12101503

01806890
2baaeeb8
ffffffff
d5555517
d7005100
00020000
2000a800
280aaaa8
ffffff5f
d555df77
02000224

09088148
ebaaefeb
d5440103
2abaaabc
2aabaaa8
00000000
d5555757
d5575557
28080000
d555df57
c4c40280

00020140
00004140
00000400
00000000
00510450
00000000
00aa0028
00000002
00008000
00008000
02c00080

3bea83e8
d1000103
00005100
00000000
d5555553
0c041483
2aaaaaa8
00000000
0000aa00
22020080
f7c55557

21488340
ebaaabab
ffffffff
d5155517
28aabaab
0c000083
d5555555
2a0aaaa8
ffffffff
d7575557
12815113

028001a0
eaaaafab
d5040003
00100014
d7044100
00041000
2a002a80
00020000
2a080088
d7575d5f
03000440

08204108
c0000503
00010400
2aaaaaa8
2aaaaaa8
00000400
d555d557
d5555577
00000000
02020828
c6040024

01010300
01014100
d5440543
d5140457
01400043
00000020
00000088
2a0a2088
2a8820a8
000280a0
00020020

2b02ab40
2aabeba8
ffffafff
d515145f
d1555553
05af3120
2a8aaaa8
2aaaaaa8
ffdff7ff
d556d557
55005504

00000000
2aabeea8
00010004
00011000
28baaab0
00880000
d5d55556
00008021
00000000
d556dd5f
00005004

00024000
00014400
00100010
00000000
faadf408
04073100
3f17e920
00a00a00
00028200
00028828
00000020

2b40b940
c1001183
d5140417
ff053e17
2aaa03a0
01200000
051d0314
7f28bc0c
0a2a2008
024220a0
57a02520

01401140
ebaabbab
fffffeff
ffbdffff
0beaabe8
3f7efadc
17954790
fffdbd7f
ffff77ff
d5777557
00802000

00001300
eaaabf2b
00410040
00a8c1e8
04001110
0a000000
c0400903
80550172
20000000
d5377d5f
00002000

2a20bb00
c0001503
00005000
00100000
d5005514
ff02ff00
2a40aa00
00800001
008002a0
00222828
d5407520

01209104
01015128
00000000
2a00aa50
02000204
00000100
00400140
dd004400
00200000
0023a0a0
00003028

01001140
2aabfba8
2eaaaab8
2aaaaaf8
00000000
00000000
00000000
df555557
dd755557
d577f557
00402000

2a003800
eaabfe83
00000010
00aa00a8
d1804480
f502fc00
2200a000
00551153
08000000
d576fd5f
d5006500

00001004
00015400
04000000
00000000
00000000
00000200
08000200
02000004
00000000
0022a828
00002028

00022000
14141114
00000000
00004000
00400014
02000000
00800020
00008000
00008800
2a8a2828
00005113

3fffbafc
3ffebbfc
ffffffff
ffffffff
ffffffff
02e0c434
fdffffff
ffffffff
ffffffff
ffffff7f
ffffffff

22808028
ebeaaaab
d5045143
d4545511
2abfa2ab
00200030
955f55de
4208a280
2a20a208
d5555757
00408a40

08280080
c0000043
d5055547
d4555d57
00004040
00c0c404
20208000
0a2aaa89
2aaaaa88
00208000
c5150404

00001a00
14445144
00010404
00010004
d5001500
00000000
08002a00
08220008
00820880
2a0a28a8
10000000

15d52254
3eeefbec
2aaaaaa8
2aaaaa6a
3babeaa8
30028008
d555dd77
d5455d57
d55d5557
ffffffff
2aaa31af

08aaaaa8
eaaaaaab
d4105443
d0145403
ffbffb2f
33d3cc78
dfedbf7f
0000a280
0a20a200
d5555757
d5155117

04250084
00000000
d4155547
d4155547
00140007
03810010
00880000
0a22ea88
0aa2aaa8
00a08000
1b990000

0c0f080c
14141140
00010004
00000004
00000000
00100820
03200018
00020008
00820008
2a8a28a8
ce8c4010

00008020
fffffffb
2aaeaaa8
2aaaaaa8
eeaabba8
00404440
dd557757
d5555557
d5555577
ffffffff
00000000

0200a000
eaebaebb
00000000
04010140
00040000
00000030
00000000
0a140800
00000880
d5555757
00111043

2f0caa0c
01004000
00000100
00000000
d5545553
045d803c
2aaaaa80
00200000
00000000
00208000
fedd5d7f

1555194c
05441500
01000400
00400000
2abaaafb
004c0000
d4cb55c7
00000000
00200000
00000000
2aaaeab8

08080200
effeffef
ffffbfff
d5555557
20600000
0410800c
00204010
2a2aaa88
ffffffff
d555dd57
d4062380

20100100
2abaeaec
d4141013
2aabaaec
ffaadfa8
00010000
ff55ff57
d557555f
2a080880
d555dd57
00608404

30633260
00000000
00000100
00000000
00000001
44040800
00080200
00000000
0000a200
00000000
00401403

3a6b32e0
d5051417
00000040
00000000
91515557
4c4c1e02
22aaa2a8
00008008
00000800
00000000
c5463547

00000000
ffffffff
ffffffff
d4155547
0a9b8afe
00481602
d5f715cf
0a2aaaa8
ffffdfff
d5555557
02200004

0a080100
eaaaabeb
d4141403
00010004
00401400
00000000
00008020
00020020
0a280080
d5555557
c4040140

155555d4
00504000
00004100
2aaaaaa8
bbaaeba8
08000000
f7557517
d5555557
00000200
2aaa20a8
2b8aaaa8

2a00a200
10405500
d4145053
c4155043
00000001
01080480
000a0020
282a28a8
082aa280
00400000
95001400

2aaaeea8
3bfaff80
ffbefeff
c4155557
d4555157
4beadcf1
22aaaaa8
28aaaaa8
fd7ff7ff
d5555557
95551557

15551054
2bbaaa80
01000400
00000484
2abfaa2e
00e20031
d555551f
00800000
00000000
d5157557
2a8aaaa8

15ff1cfc
c0000003
00000004
00000110
4042e050
4200d840
03a191c0
00008200
20000028
2aaa00a8
2adf8bff

05140004
c000c403
d4145143
d514f043
9482b100
08000000
20107a44
983ab0a2
2a0aa808
00000000
2aaa2088

00004000
ffffffff
fefeffef
d57cf55b
0796aa24
0102f134
00005504
d8bafabe
ffffffff
dddd5557
00200800

3f555754
eaaa2aab
00400404
00080018
00000100
00000000
c00000a3
40800a1c
00200080
dddd5557
ffaafda8

2abaa7a8
c0001003
00000000
00600500
d5555557
fefdffff
2aaaaaa8
00004000
00800220
00000000
d545d557

00000000
35550954
00000000
0000a000
00000000
00000400
00000000
d0005002
00000000
00000440
00000000

15ef10fc
2aaaaaa8
2aaaaba8
0128ac08
02d502d7
00fd00ff
00aa0108
d0125016
d55f55f7
d5555557
2acf20ff

15459454
caaaa6ab
00000100
00080c08
00000000
00009000
00008000
00000014
000a0020
d5555937
2aaa20a8

05146514
00000400
00000000
01200000
d5005400
fe006b00
2a002a00
00120000
00000080
00000820
00000000

10604140
10004050
00011000
01000000
00000000
00000010
00000080
02000000
00002000
22808820
2010c383

2ae9e3e0
2aabeaf8
ffffffff
eeeeaaa3
ffffffff
02304098
ffdfffff
dd5d55d7
ffffffff
d5d7dd77
d557d757

2001c370
eaebeafb
c4041106
e1141007
0affaae7
00004000
97cf5573
6a98a80c
2a28aa28
d7d7ddd7
108286d0

0a890150
c0010043
c4055557
c5155557
00000110
00000088
00000000
2aaaa888
2a2aaaa8
00820880
c5470200

00413080
00011000
00014440
04014540
d5005400
02300000
2800aa08
04220000
00000000
00022a20
00023224

02431040
2aabbaa8
2aaaaab9
28aaaab8
2afbeaf8
10000000
d5755577
d54555d7
d55755d7
d5d77f77
00022123

2a3b9bb8
eabbbaab
d4141001
c4145047
edffffff
31e3e83c
f9ef7fff
2228a208
2828a020
d5777dd7
d47677c7

00011350
00011000
d5155517
c4155557
01040003
21a0e820
20082088
2aaaaa08
2aaaaaa0
00022880
00126000

282809e8
00000010
00014000
00010010
00000100
00420014
00c20800
00000000
00020000
02828820
c44696c4

00018140
eaabaabb
2baaaaba
2aaaaaa8
ee8abeac
00010008
dd555717
d5555557
d5d555d7
d5d7dd77
10028200

000123d4
eaebaabf
00000500
00000500
00110000
0001000c
000a8000
08920800
02000a00
d7d75d57
008213a3

098babf8
00010000
00000004
00000000
d5555547
14af805c
288aaaa8
00000000
00000000
00820800
c5575773

00011c00
00011000
00400100
00000000
3acaeaaf
100a0000
d58555bf
00002000
00000800
00822aa0
00432a20

080b9040
eaabbaab
ffffffff
c5555517
00040000
04040050
04000000
2aaaaaa8
ffffffff
d5d77ff7
c4162070

00811138
2aabbaa8
81000017
6eabaaa8
efaa9fe8
00a08000
fd557f57
d5575577
22a80008
d5d77dd7
01026680

00013158
00011000
00105400
00040000
84040001
80c00081
00000000
08000080
00008200
00822880
00023153

2aea6bc8
c0014443
00000400
00000040
d5151557
8ccc60c3
2aa2aaa8
00084000
00200800
02828400
d50597d7

02604140
eaabeeeb
ffffffff
c5155547
6abb8afe
08002042
d1f7155f
2aaaaaa8
ffffdfff
d5d75557
01000204

08084940
eaabeeeb
c1140007
00010000
00000100
00000000
480020a0
00020080
2a800028
d7d751d7
d4050680

208243c0
00014440
00005100
2eaaaaa8
3baabea8
040c4000
f755df57
d5555557
00008200
00828080
00008200

0a40ce10
00014420
d5154403
c5150557
04000002
00600022
00000080
28ba0028
2aa80088
00068200
9500de20

0aebea70
2aabeea8
ffffefbf
c5154557
d5155557
07f00aa2
2a8aaa88
28aa0a28
fffd57ff
d5d75657
95575573

10014100
3aabee88
00000104
00004000
2aafaabd
00100880
95cf575f
00000200
00000220
d55354d7
02020280

10aa6160
d0014403
00400010
00000000
0b2a8248
03000000
15544550
00000800
00000000
00028080
00558013

00005140
c1007407
d4150503
c514b883
fa3a5fa8
04800200
3f15e814
8fbdb68b
2a280028
0282a030
0000a3c0

00005144
eaa2fe0f
febfefff
e5d4bfcb
2b6a8a60
3fbcbcb8
17d446d0
efbfbe9f
ff7d55ff
d5d77577
00002208

2a00fb44
eaa2de0f
00000054
20c00208
00800100
00200000
c1400243
60020804
00000080
d7d77567
d4007688

2abafbec
c0105407
00004000
00000540
d5555557
ffffffbf
2aeaabe8
00000010
00000000
0082a020
d555f71f

00005014
08005404
00000000
2000a808
001002c0
04100800
01400000
c5151487
00000200
0092a2a0
0000a228

00ab507c
2aaafe8c
2aaeabea
2180aa88
00410015
00cf00bf
01aa0088
c5151cd7
d5555777
d1d777e7
0053203f

00011104
e2aabe8f
00040142
01800200
02800002
01000100
01000020
00000840
00000020
d1c775e7
00062388

100011c4
10001404
00000000
00000080
d5045400
fa00f600
2a00a800
00000010
00000000
0082a0a0
0100a008

14000008
14000004
00001000
01400000
00000044
00100800
0a000000
00000000
00002200
22000200
23800004

32baaaa8
3aaaaaac
ffffffff
eaaeaafb
ffafffff
0bd00cec
ff7ff7df
d5555557
ffffffff
f7555757
f7f15557

328a1260
faaabaaf
c1505556
c1565412
2badaabb
03800448
d57f555f
22a82820
22a8aa20
f7557757
26c02103

102010c0
d0001047
d1515557
d1545513
00000000
004000a4
00000280
22aa2a20
22aaaaa0
22002200
22816000

1001a814
10010004
10010000
10002001
d4005500
08000000
2000a000
00000000
00000000
22220280
f2921478

129000a4
3aaaaaac
2aaaaaa9
2aaaab88
2ebabaa8
00040200
d55d575f
d5575757
d55755d7
f77557d7
22a004c8

3a8cb2e8
faaebaef
81505556
c1005513
fffbdbcf
0f3f1eb8
fdffffbf
20a0a020
2080a820
f77577d7
f6c575d7

1001305c
10011044
c1515557
d5115513
00400047
013b1828
00820000
2aa2aae0
20a2aaa0
22222280
228320ab

21490000
01410010
00000001
10000000
01200000
0c000090
04700900
00000000
00200000
02020220
12c61114

09458200
2befaab8
2aabaaa8
2eaaaaa8
faabeba8
02000400
fd55f5f7
d5575557
d55755d7
d7575777
c6024000

09451000
ebefbaab
00000000
00110000
00504000
32004080
20008000
02000a00
00000200
d7577757
02122000

29e3baa0
c1411003
40000000
00000000
d5555517
33f1c8bc
28aaaaa8
08040080
00000000
02022200
d7d67557

21612214
01410010
04010000
00000004
3a8eaabf
01b0801c
d10b54df
00000000
00200200
02220220
1386113b

01c40004
2beeaab8
ffffffff
d5115517
01010400
00000820
00a00a00
20aaaa20
ffffffff
d77557f7
060040c8

014698e0
ebeebaeb
c1001010
3aaaaaa9
eeaabba8
00410000
dd557567
d5555557
20880820
d57577d7
c2402484

01411854
01411040
00004400
00100102
c0114041
c0a04400
02880020
00020000
0000a000
02222200
02c32068

2beea800
c1440003
00100410
00000000
d5555157
c7bd4471
2a8aaaa8
00000000
00000200
02080000
d3594147

3140b000
fbeebaab
fffffffd
d1515513
2aeaaaae
04190041
d55755cf
20a2aa20
ffffffff
f75d757f
3218200f

18421000
daaebaab
c1400001
10000000
04000000
03040010
00000202
00000000
20a00820
f75d755f
23006008

03ec0000
c1440003
20005100
2aabaaa8
3baebbb8
00000020
fd55fd57
d5575557
0000a000
02880000
c2080100

2b44a800
01440000
d1544557
c5404513
c0000000
c0000000
00000000
2aa88a28
28a88aa8
02080080
47085181

3bebba88
3befbaa8
fffeefff
c5404517
d5455457
c4100981
2aaa8a88
2aa88a28
fffddfff
f74d75d7
f75d75d7

10401008
3aaebaa8
04000000
00020000
2aedaafe
04100000
d5ff555d
00000000
00000000
f74d75d7
b2002082

01ee0080
01040000
00000000
00000004
2eaa8ea9
00000881
05504e84
00000000
02000000
02080080
021d00d4

01440240
c14c0043
c5544513
fdd3770b
33aada28
00000100
2b51c514
73eae8a0
2a208a20
02080004
02080400

11441000
fbeebaab
effeefbb
fdd3f7bf
0be28bc8
3ff4fef4
07d546d4
fbfbeaba
fff5df7f
f75d755f
22482008

3a44ba04
faa6baaf
00000000
000080a4
00410180
00000500
c0000803
08100218
00000000
f75d755b
f2086518

2beeaacc
c1040047
00000000
00000010
d5555517
ffedffdf
2aaaaaa8
80010002
00800008
02080000
d74d5557

014400c0
014c0040
00010000
28822280
00000000
00000000
00000000
c1404002
00000000
02090001
02080000

11ee1008
3beebaa8
2eebabe8
2892a2a0
00100087
00ed005f
00aa00e8
d1514092
d5555d57
f75d61d5
264d2087

10441004
faa6baaf
04000000
00008020
04000680
00000200
00000300
10100090
00000000
fd5c61dc
2a083088

01440044
01040044
00400140
00100000
d1045010
ff00f880
2a00a000
00010000
00000800
02280208
03280048

00000020
04000000
00000100
00000100
00400000
01310020
000200a0
00000000
00000200
00000000
10010000

3dfffe7c
2eaaaaa8
ffffffff
ffffffff
feeefffb
09750064
ffdfffff
ffffffff
ffffffff
d5555757
fbebfebb

20222000
eaaaaaab
50505516
c0400407
2aaeaabb
08440000
dcdd555f
21002280
2028aa08
d5555757
00005003

00000000
c0014403
d0555517
c0511507
00000440
00000004
00000200
2002a280
222aaa28
00000000
00400010

18889a08
15555554
00000001
00000000
d4005100
00000040
2200a800
00000000
00000000
00020008
c1002400

0fd54454
2aaaaaa8
aaafaaa8
2abbbb88
2ebaaab8
00000840
df555d57
d557d557
d7575577
d557555f
3aba8ba8

2aaaaaa8
faaabaab
41145103
c1005d47
ffbff6df
0e500bf4
fffbffff
20088020
20202000
d5555557
d5555547

20002208
05540154
c1555557
c1515557
00040007
065002a0
00aa0088
222eaa20
2222aa28
00000000
0124106f

002a0880
14055550
00400050
00000010
00800040
00000010
80100420
00000000
00000000
00000000
04210428

00008020
fffffffb
2aabaea8
2aabaaa8
fbabfea8
08000104
f555f757
d7577f57
d7575d57
ffff7dff
c0404000

00000000
ebfaaaab
00000004
00100000
00040404
00300000
20020080
00200000
00008208
d5555577
10000000

2ab8a088
00000000
80000000
00400000
d5055517
3371c474
2a8aa288
00000000
00000020
00000000
fd3d513f

3698b514
10115444
00100100
00000000
3a2aaabb
31408444
57cd515f
00020800
00800200
20002000
2c2bb9bb

08000408
febfffff
ffffffbf
c1515547
01004000
00014020
01008000
2282aa20
ffffffff
dfff5ddf
01060084

00200180
2aaeaba8
41400007
2aaaaea8
eeabbba8
02000010
dd557757
d5555557
20008020
d5555557
c010c800

16201014
04000010
00005000
88010000
01110002
002000a2
00820020
02000000
00002000
00000000
01442144

36aaffbc
d1015143
00000000
00004000
d5515557
06bb00e3
2a8aaa28
00000000
00000a00
00000040
fd56dd57

20023280
ffbbfffb
ffffffff
c0555557
22eaaafc
06180040
d455555f
2202aa20
ffffffff
d5555557
10b03003

00800928
eebaaebb
c0400407
00000050
04000401
00810001
02000200
00000000
20008000
d5555517
02000400

154dd554
00000000
00101100
2aafaaa8
faaafba8
00020000
fd5dfd57
d7555557
00022020
00000000
eeaaeab8

2a00a800
11505100
c1405507
d1555547
c0141100
00001000
00220000
2a0aaa21
2822a828
202a2828
d5204100

2aa8aa08
3bf8ffec
fbeeffff
d1555547
d5555557
c428f903
2aaa8a88
2a8aaaa8
fffffd7f
fd6ffdff
d5d15557

15455454
2aa8aeec
00000000
00000000
2aebaafe
c4202102
d5d555de
00800000
02800400
d545d1d7
280aaaa8

15ed545c
c0000003
10040050
00000000
0c28ec21
0008c801
001ddf04
00000088
00080000
08000000
085bbaff

00000200
d0005413
d0455453
dd447f53
190aaa28
00000000
2b455500
28a2f8ab
2acaa8a0
20222998
22aaaca8

00400400
ffeeffbb
faffffff
df477ff3
0978a800
0d1dff20
01455500
aaeef8ff
ffdffdf7
fd7bfddf
00000000

39557d54
eaeaabab
00100104
020300a0
04000100
00000000
c0000003
82040054
00000000
d519d447
ffaaf9a8

2aa8aa28
c5040003
00000000
00000000
d5415557
ffc9ff5f
2aa8aa88
00480000
00000000
08000000
d541d557

02010000
14021850
00000100
0a002a20
00000000
01000000
00000000
00105003
00000000
20222028
00200000

11bc517c
3ffffadc
2eaaafa8
0b022ea0
02c002d7
00c9245f
00a00208
80767057
d55557d7
fd7bb5ff
2a8b28ff

15551754
eba9a28f
00000400
00020480
00010000
00000200
00080000
80062054
00000280
dd5995d7
2a8a2ca8

0155c540
00544000
04000000
01000000
d1005400
fe00d900
2a00a880
00600000
00000000
00000000
02e00000

22062e00
04040400
00015500
01100800
01500000
00000000
00820000
02800000
0800a000
08080828
10091813

2a2ebe88
2eaebea8
ffffffff
eaaeebfb
ffffffff
01100800
ffffffff
dd5d5d57
f7ffffff
dd5d7dd7
d40d7957

18141004
febebaab
c4101012
c0410040
2aafa2ff
01100800
d57d5dff
08200088
00880200
fd7d7557
20282000

1024808c
d4040017
d4515557
d1455557
10000000
00000000
00008200
0aaa28a8
088aaaa8
28080088
e60c0104

000c0400
04050400
10014004
10044005
c4005500
00000000
2a002000
02020020
0002a888
08080820
00084840

22043060
2eafbae8
2aeaafe9
2baabfba
2aaaaba8
00020120
d5575757
d5dd7d57
dd555577
dd5d75d7
10083103

3aacbaec
beafbaeb
c0111103
c0000103
fffffbff
01428720
ffff7fff
08a20800
08008000
fd5d7557
f55d7557

10240444
14050450
d1155517
d1545517
00550057
01000000
00a80088
0aaaaa28
2aaaa828
28080880
230d4810

08848a08
04040400
10044404
11040414
13282000
00408200
05410000
02002008
022a0800
0a880828
c04804c4

00081080
eeaebeab
2baaaab8
2abaaaa8
eeaafaa8
00000400
ff557d77
d5555557
d5557557
dfd57d77
04102000

32403000
feaebeab
00000000
00000000
00440000
00000000
02800000
00080000
20800028
ffd57d57
31123013

3aaea0a8
14040414
00000000
00405000
d5555557
032e00a0
2aaaaa88
00008220
00000000
2a880808
f75f5457

00040410
04050400
00000000
00005000
28928aef
002a0080
d03c55df
00000200
00000000
02880020
0c0800a0

008a1438
aeafbeab
ffbfffff
d5555517
10000030
02040020
00028800
0a8aaa28
ffff7fff
dfd575f7
c0046460

182095d0
3eafbee8
c5100103
3aaaaaac
efabffa8
01000000
fd556757
d5555d5f
0a822020
ffd57557
20432024

30262650
14050450
00050000
00000410
00400400
000a0020
00020000
00080000
00000000
2a880080
320b1123

2aaa2aa8
c0140007
00000000
00004000
d5555517
010a0c60
2aa2aaa8
00000000
00000020
00280000
d5455557

120c1820
f2fefabf
ffffffff
d1555517
2abfaa9f
00000440
d5f545df
0aaaa828
f7ff5fff
f57d75d7
21082008

1880500c
f2befabf
c0110103
10040404
10080000
01000800
00048a00
02280808
00820000
f57d7577
e040605c

00004084
00140004
00001000
2beaaab8
efaafba8
00000000
ff557577
d5555557
00000000
00280000
06040400

2a11a040
00050044
c4004053
c1400003
00011000
00000080
00800020
00800808
008022a8
00228008
d5025500

3a29bac8
7abffaec
eebeeafb
c1501503
d5555557
004737c0
2aaa8aa8
02882aa8
d7d5ffff
f577f5df
f5577557

10005044
3abefafc
00140000
00101100
2ab2aaff
00040200
d57b555f
00002220
00008800
f575f57f
20002008

0028404c
c0140047
00000000
00000400
12e807a8
00020500
0151cbd4
02080080
02000000
00208088
0255005f

00000a00
c0140207
c5500043
d8451407
cfae6a00
00413040
2b510010
faa31987
02a88800
02a80000
00008080

10041080
fabefabf
effaaaff
faef96b7
0bea0bc8
3fecfde4
07d14390
fbf759f7
d7fdfdf7
f7fd7577
2088a008

38007000
fabef8bf
00000004
22aa8230
40000610
00000080
e10800c3
00144060
00002000
f7fd7577
e540b508

2a24ee88
c0140407
00000010
00000080
c51555d7
fbffbfff
2a2aa2e0
01400010
000000a0
02a80000
d74dd557

04010000
04150004
00000000
08040000
00040080
00240800
01408100
d0015947
00000008
02a28408
0002c0c0

14211088
3ebffaac
3faeaea8
2eb6c3a0
011102c7
00cb027f
01200140
d165d977
d757d57f
f7f7f5ff
2003a017

1401db40
bebffaff
14000000
22b28320
00800200
10002000
01400240
00048020
02020020
f7f5f17f
3000a000

03044040
01140044
01040400
04004080
84005100
eb109500
0a022020
01600010
00008000
02a88088
020c8000

21412464
00450004
00001010
00000000
00414000
00040040
00020280
00000000
00002000
02020088
1513110b

29efa67c
2aebeabc
ffffffff
efbbaba3
fffbffff
00264350
ffffffff
df775757
ffffffff
d75555ff
d5575d6f

01451654
eaebbebf
c4111103
c4014115
2abaaaa7
00220110
d4dd557f
088a8028
0000a088
d7d57dff
02822828

09e3d444
c0451407
c5555557
c4455557
00000500
00000200
00000000
098aa8a8
088aaaa8
02822888
c286644c

10490408
10450000
01044444
00440040
d5001050
00004000
2a20a800
00000080
08880000
22020080
20420000

32472600
3aebaaa8
2aeaaab8
2aaabeaa
2bebafe8
00100120
d5555557
d5557d57
d5575f77
f75755d7
31061813

3afeb6b8
faebbabb
c4414141
c4550003
ffffffff
033a4fa4
fdf7f77f
00a20008
0002a008
f7d775f7
f7f77c77

18701420
10451000
c5555557
c5555517
00140017
00220204
00800028
00aaa8a8
02aaa828
22822080
22836000

008984cc
00050004
01040404
00000414
08200800
03084c80
05320200
00000000
02200020
020202a8
c002002c

00050444
2aabeaac
2aaaaab8
2aaaaaa8
fcaafaa8
00000000
fd55f557
d55d5557
d5dd5d57
d75557ff
04520c68

22053444
eaabbeaf
00100000
01000000
00400010
00000000
00000080
00000000
00000000
d7d57dff
1693786b

2a83feec
c0051407
00001002
00005100
d5555557
0100003c
2aaaaaa0
0000a8a0
00000000
028228a8
d6d7717b

10030c00
10040000
00000001
00000000
219fa2eb
00000000
d0ed5577
0000a000
00000080
220202a0
20020130

18850600
3aaaaaa8
ffffefff
c5455557
02000604
00000008
04020801
08aaaaa8
fffffdff
f75757f7
e0020820

101494a8
faaabaab
c1410102
2aaaaeec
feaafba8
01000034
ff55f757
d5555d77
08820008
f7d77577
22e62820

32383400
10041000
00044000
04000010
01401042
00100202
00080080
00080000
00200000
228220a0
32833423

2ba9a898
c0050013
00000000
00004000
d5555557
009b1b22
2a28aaa8
0000a000
00000080
008a0020
d7c71567

01818400
eaabaeab
ffffefff
c555555f
2cbfa8b5
00020900
d175575e
02aaa8a8
ffffffff
d5d75d57
02860800

08450c04
eaebaeaf
c4510103
01040404
00000400
00010020
00004820
00200020
00820008
d5d75ddf
c5ca894c

0045008c
c0454007
00000000
2aaaaaf8
faaaeba8
00881000
ff55f557
d55d5d57
02000000
008a0088
008a0008

2a00aa00
00010000
c4040407
c4054003
04400000
00000000
00000020
0a00a280
00082800
00860000
d5805504

2a2aaa60
2aabaae8
efafefff
c5054503
d5515157
840524f0
2aaaaaa8
0a02a2a0
df7f7f57
d5d75557
d5945517

00440044
2aebaaec
01014100
01000500
2abbaaaf
00000030
d5ff155f
00020000
02220200
d5d355df
00a80008

00760024
00410004
00000050
00000000
88a2aab8
800120c0
05516140
00000020
08000000
00820088
00bc001b

11011000
d0041003
c4101003
f480bd43
5baadb68
04040400
2f11cad0
f40271a2
08002a80
20082000
22022000

11091400
faaabeab
eebfffef
f6beffef
09c283e8
3e981cdc
07854390
f55b73f6
df7d7fd7
f5557f57
22022a00

3841be04
faeabeaf
00054540
023242a8
90018094
0000c840
c1a10043
00510044
02200000
f55577df
f502f218

3aebbeac
d0445407
00000004
000c0004
d555d597
ffffff7f
2aabaaa8
01080210
00080000
20082088
f516751f

12001000
10001000
00000000
2200a808
02400000
00000000
01000000
d4085002
00800000
20002000
20002100

10a210e8
3aaabae8
2aeaaaa9
223beea8
02140081
00ec023f
000a0040
d559db56
d5f555ff
f5557517
20102007

10401444
faeabeef
00400001
00330620
00000682
00030100
00000128
00510244
002000a8
f555759f
20242408

10581404
10401404
00000000
00084080
45005100
ff103400
2a00aa80
01008910
00000000
20002088
20202008

02000000
15411004
00040000
00044000
00500140
00100100
00800088
00088000
00080000
288020a8
01010040

3ffbf57c
3feffefc
ffffffff
ffffffff
ffffffff
00928de8
ffffffff
ffffffff
ffffffff
fffdf7ff
fff3fbff

20020000
eaaaeafb
d0100002
d0155012
2aafaa3b
00020480
d57fdf77
0a002a80
08022200
d575d757
10001003

00282000
c0040403
d4150047
d4155497
00001404
00000848
00000000
2aa22aa8
280aaa80
02080000
00100000

18c0902c
15401054
04040004
00000404
d5004000
00808020
2a002000
20800008
20000800
288020a8
e4406114

05914750
3febfefc
2aabaae9
2eaaaaa9
2afaaab8
00000010
f5575557
d5675577
d55dd5d7
fffdf7ff
0ba28ae8

2aa8aaa8
aaabeeab
d4001006
d5051003
fffbfbff
201f0dd8
ffe7ff7f
08020000
0a222200
d575d757
d5555447

26246044
00000000
d4055517
d5155557
00010047
00000948
00a00028
2a2aaaa8
2a2a2a88
02080000
18099883

040440e8
14511000
00040400
00100404
00001100
200c0480
01500000
20080208
20000008
2a8022a8
0808cc84

08088804
fffffeef
2aaaaba8
2aaaaaa8
ffaaeaa8
00130000
df51ff57
d5755d57
d5555d57
ffd5f7ff
c4540000

00000020
ebaaeeef
00000001
08000040
04400010
04040020
02000800
02000080
00080000
d555d557
00000000

2ee2aae4
00040000
00014010
00004110
d5555557
06254830
2aaaaaa8
0000a020
00000080
00000000
ffe755df

355535d4
15441400
00000000
00004001
22beaaef
02214000
d48355ff
00002000
02000000
00000000
3baeb9bb

02a00a00
bfeeffff
ffebffff
d5555517
02025300
00000810
082c0400
2a2aa888
ffffffff
d5555557
00000860

08028000
2aaaebec
d5010512
2aaaaaac
fba3aea8
00000000
f555f757
e555555f
08008000
d5555557
c449c404

11179d98
00000010
00001000
00400000
00000100
00010840
00000000
00200880
000a0000
00000000
00102504

1bbfbfb8
d4511157
00000000
00005400
d5555517
00a189f1
2aaaaaa8
0000a000
00080000
00000000
d556dd37

10083220
ffffffff
ffffffef
dc055517
20f5a8ac
00800030
c5fb53df
2a2aaaa8
ffffffff
d5554557
30003003

02240000
eaaeeaab
d4010103
00000004
04081013
00008001
08008831
20000008
0a020220
d5554557
01040010

1dd55554
01000400
00040000
2aaaaaa8
fbaaeea8
00200180
f7517557
d5755dd7
00000000
2aaa2288
eeeaeaa8

2a00aa00
11155510
d4111147
c4041503
00400000
00440000
00802000
288a2208
0a8aa220
00000000
d4004400

2aaaaaa8
7bbfff98
fffbffff
d4555503
d5555557
02d52111
2aaaaaa8
2a8aaa28
ffdff7ff
d5555157
d51d5557

15515554
2aaaaa88
01400000
00000000
2aa6aaff
00100111
d57b55ee
00000800
00000088
f5d5515f
2aa2aaa8

15f355fc
c0000003
00004410
10514000
0211a988
02010000
02101440
02008020
20000000
0a2a2280
2a3faaf7

04400044
c000c003
d4011503
ddc37213
d7087488
00802000
28149e00
fc883182
2a8aa008
00000000
2a823b88

00084000
ffffffff
febfffab
fffffebf
06c828cc
00587c74
00441444
feff7db2
ffdfff7f
dfd54d6f
01000800

3f55ff44
eaaa2aab
00140000
223c842c
10000400
00092084
e0a00803
00754c30
00000020
df554d6f
ffaaefa8

2aa2aaa8
d0400007
00004000
00000880
d515d557
febf7fff
2aabaa28
02020000
00000a00
00800000
d505d557

00000080
05151550
10000000
088a2280
00008000
00000010
00010000
d4001102
00800000
00000001
00000020

15f5156c
2aaaaab8
fabeeaa8
2baaaaf8
c28542d7
0026006b
000a0028
d4d5fd12
d5d55757
d5555557
2aaf22df

15575544
aabaeabb
c0144000
22208068
00101100
00901000
02000000
00c54c10
00000200
d555d556
2aaaaa88

04404044
00104000
00000000
01000810
05000000
fe004f00
0800a200
0010a000
00000000
00008000
00801008

00004490
00004040
00044000
00000000
00400001
00000000
00200200
00000000
00088800
00aa8000
002a0030

2ac2aab8
2aaaebe8
ffffffff
efaeafab
fffaffff
00250698
ffffffff
dd7f5757
ffffffff
d5ffd5d7
d5ba5377

00042018
eaaaeabb
10511047
d4011053
2abaaaee
00000408
d5df5d7f
02002200
2820a208
d7d7d557
11021027

02420630
c0004013
d5555547
d4055557
00000100
00250010
00000000
2a08a220
28a8aa08
02828080
00920060

38808d00
10404004
05044000
00004004
d5005410
00000280
2a00a080
28008020
00880800
20828000
e4024180

10600308
3aeaeba8
eaaaafa8
2aaeaf28
2aebaea9
00010400
d55d55d7
d55d5557
d5555557
f5d7d557
20800280

39aaaaa8
faeaeabb
44000142
d5001143
fffbff3f
03ff8ef8
ffddffdf
08280000
08000200
f5d5d557
f55555c7

11402420
10404110
d5055547
d5151557
01100006
029c8a50
00000000
2a28aaa0
2a28aaa0
20808000
209201c3

20024c04
01000040
01050404
00100004
08000000
00400088
02508a10
22000000
22080880
00200000
12201408

08c88094
eaaaabeb
2aaaaaa8
2aabaaa8
fea8fbb8
01220020
fdd5755f
d5555557
d5555557
d57555d7
c5e5422c

00200014
ebaaafbb
90000001
00040010
00400101
00000000
08800000
00000000
00200000
d5555d57
02250428

286a2404
00000510
00005000
00000400
d5555557
08854920
2aaaaaa8
0000aaa0
0000a020
00000880
d4c5545f

30022404
10400000
00000040
00001000
22bcaafe
00014820
d52fd5cf
00020000
00000028
20020000
3002101b

10480114
faeaabab
ffefbfef
d5555553
00084008
00800000
00000044
2a02aa28
ffff5fff
f55755d7
2080422c

18000014
3aeaaeb8
d4010103
2baeaea8
ffabbea8
08040100
f7557f77
ff555d57
00000200
f5555d57
e4400068

10600404
10400510
00000000
00400000
04001010
04080200
00000200
00000000
00000000
20000800
20820008

28a0aaec
c0040043
00000000
00001000
d5555556
c4585281
2aaaaaa8
00000000
00000000
00808000
d5555597

20402a54
eaaaaafb
ffbfbfff
d5455547
2aa7aae6
00000000
d5fd553b
2a0a2a00
ffffdfff
d5d5d5d7
10911003

10004044
faaaaaab
d4010143
01000404
c0004400
c0004080
08000080
20080800
08020200
f5d5d557
21448180

18c0c0ec
10040000
00040000
2aaaaaa8
3bfaaba8
00501001
f757fd57
d7555557
00000000
20808080
e480c414

2a00a344
00440000
c4141013
c54410c7
00000101
00000180
00002000
0a8aa000
08282080
00a08200
d5005480

2aeaabfc
28eaaab8
effefaff
c5545047
d5555557
01022190
2aaaaaa8
0aaaa088
fdfffddf
d5b5d757
d59555c7

11130044
38ebaaac
00004040
00104000
2bffaa6e
01020000
d5ff5d7f
00200080
20020808
f5b5d75f
20200080

11e9086c
d0450403
01400004
00000000
0a0aa2b8
00000000
05405540
00000008
00808000
20a88200
20a501c7

00000144
c0040063
c4001007
cc467e03
dc0a7e80
00002010
3f15d694
6ca37d82
0882a008
00088000
00000000

004000c4
eaaeaaeb
effafaef
cf4eff73
2bc821e0
2d167830
178513d0
6ff77dd6
dffffdff
d55dd5d7
00900000

3200e154
faaeab9b
01004040
03088150
00108280
00011000
c1010903
01440054
02280820
f55dd577
f5008420

3aeaea7c
d0040113
00500000
00000020
d715d746
ff9ffffe
2a8baba8
02100000
00000080
200880a0
f595d566

00000344
00560000
00000000
08013800
00010280
00040000
01000040
44215502
00200000
00288000
00000040

00ea097c
2afe2ab8
2babbaea
0a0db9b0
02040084
009a02ee
008a0108
45755717
d57554f7
d579d557
00951006

10100144
fafc2aab
01011042
02088110
02000382
00000810
00000140
01440215
000000a0
f579d457
20204000

18410004
10550000
00000000
000400a0
d5005440
ff00e500
2a00a2a0
00100000
00000000
20288000
20a00100

070431a0
05141100
01001000
04000000
00410053
00008000
00008008
00000000
00000000
08282000
0c2c2183

2aaeb3bc
2ababbbc
ffffffff
eaaaaeab
ffffbffb
0cbcc0a0
fff7ff5f
d57755d3
ffffffff
d575755f
d57d71df

10029114
fababbbf
d4515407
94010187
2aaaab28
000400a0
d5755753
28aa8828
00a28808
f7d575df
2280200c

1d881300
d5141103
d5555557
d5551117
d5101400
0ca84000
2a802800
2aaaa8a8
22aaa8a8
2a882000
ead06040

21641108
01541100
01040050
01141000
00040000
00100000
00020000
02002000
22082020
00282000
11293090

00ce1104
2afabbac
2aaaaba8
6aeaaab8
2aefeaab
00010000
dd5f5d5f
d55555d7
d55555d7
d575755f
0028208b

32cab93c
3afabbbc
d4114114
d4414017
ffefffbf
08b94ff4
ffdffdff
00a00088
00028aa8
f7d5755f
f7c5354f

11401920
11541100
d5555157
d5555557
00000014
08b00574
00800000
22a8aaa8
22aaaaa8
22882000
22802100

2710a000
05140000
01040000
01040040
d5009100
00080200
2204a020
22082020
22002000
08280000
dd611000

0000041c
2aaaaebc
2aaaaaa8
2aaaaaa8
2aaaaea8
00004880
d55555d7
d555d757
d5555557
d575555f
0024044c

3a00a214
faaaaabf
00001000
00101000
00550153
00020100
00aa00a8
00000000
00000000
f7f5555f
32a0100b

3f3aaa88
d5140003
00400043
00000500
d5555553
00220100
2aaaaaa8
00000800
00a80000
2aa80200
fff45717

01580000
01540000
00001000
00000001
2aaa2aa8
00000000
d5515557
00000000
00000000
00080000
01004010

00600884
2aeaaaac
ffffffff
d5555157
d5005408
00000000
2a00a200
228aaaa8
ff7f7ff7
d557555f
c044050c

1042401c
3aeaeabc
d4554106
2baaaae8
2aaaaaa8
00200000
d5555d57
f75d7577
00020a80
f7d5d55f
26908008

33702800
11540100
00000010
00000000
00500140
00000c10
00a00a08
00000000
00000000
22880000
33905013

2ab2aa88
c0000003
00000000
00000000
d5555543
ccc7ef33
2aa8aa28
00000000
00000000
08000000
d5745453

19101404
fbaebeaf
ffffefff
d5555157
2aaeaaa3
00072003
d5555577
22aaaaa8
ffffdfff
ff5d7d5f
22042c48

11c2500c
fbeefaaf
d4514107
01040050
d5005400
cc00c000
2a00a000
220000a0
00a28a08
ff5dfd5f
e640a808

0040c280
c0404003
00000000
2aaaaaa8
2aab8aa8
00c00320
d55d4557
d5555557
00080000
08008000
00008000

00144800
00104000
c4410007
c4510007
04510043
00000000
00aaa028
08a88288
00a0aaa8
08208000
00288220

3b14fa84
3bb6feac
eeefaeef
c4550017
d5515553
0406a110
2aaaaa28
08a88aa8
fdfdffff
ff7dfd5f
f708f728

11405004
fbf6feaf
00000040
00040000
2aaa8aa8
00000100
d5554557
00000820
20080000
ff7dfd5f
2200a228

00404210
00504000
00040400
00000010
dba25898
00000010
2e510344
00000000
08000000
08208000
00008320

2a10a040
c0100043
c4050007
d701ffc3
0aaaaf28
0406a000
14514954
ffa27388
0820aaa8
00a200a0
dda25480

11101484
fbbebe2f
eeefeabf
d7abfffb
2bc2a3c8
3de5baac
07d443d4
fff77fdf
dd75ffff
f7fd7d7f
22802808

11405c04
fbfefe2f
00000000
00aa0038
00001010
00003000
c0212003
00550c57
00000000
f7fdfd7f
2280b808

2a40ee40
c0504453
00404010
00000000
d5015754
ff41ffc4
2a2baae0
00000000
00000000
00a08020
d580d550

00144440
00b04040
00000000
0200ba40
00010004
000000c4
00000000
d5007140
00000008
00a082b1
00a88ae0

11145504
3bbefeac
2abbaaf8
03aabae8
00000000
00410400
00000100
d5557547
d55f55ff
f7fdffff
2288eab8

3b40f604
3b5efeac
00110050
01aa0028
d7804780
fe00c300
2b4a8360
00550403
000a00a0
f7fdfd6e
f780ad28

00404450
00504050
00000000
00000080
00000040
01000800
00000880
00000004
00000000
00a08220
00808a20

22002000
00000000
00000000
00000000
00400007
00000000
00800028
00080000
00080000
00000000
11015043

3ffbf77c
2aaeaaa8
ffffffff
ffffffff
ffefbfff
0c09c7d0
ffd77fff
ffffffff
ffffffff
d5555557
ffafffef

08220240
eaaeaaab
c0410143
54400045
2aafabe8
00090740
d5555757
28a0a808
20828028
d5555557
00080100

00888008
c0040003
d5551143
d5455057
d5001000
0c000090
2a002880
2aaaaaa8
2a8aa0a8
00000000
c0040404

11001020
15555554
11141000
01251002
00000410
0000c000
00020000
020a0220
02080000
0088a808
24000000

26536594
2aaaaaa8
2eaaaaa8
aaaaea98
2aaeafef
00000000
d557d57f
d54555d7
dd5575d7
d55ddd57
1fb2babb

222aa8a8
3baabaa8
c4410150
c4014053
ffdfffdf
08fa8fd0
ffeffdff
20a28a88
28a20080
d5555557
d5505157

00508844
04514554
d5551157
d5555553
00400010
00a00890
08080000
2aaaaaa8
2aaa20a8
00802008
00800008

00100048
11155150
11040000
10041000
d5287000
08008400
22a12080
00082000
02080000
00000000
c0404104

00280020
fffffbff
2aaabaa8
2aaaaaa8
2abbaaa8
005a0340
d5554d57
d5555577
d5555577
fff7ffff
00000040

2240a024
eeaaaaab
00000001
00500100
00550057
00000000
00a200a8
00000000
00000008
d5555557
1184140b

2ec0afbc
00400004
00100006
01000400
d5555557
00080880
2aa2a2a8
0a000000
00002000
00000000
fff7d41f

14554554
14515044
00000000
00000000
2a828aa8
00000080
d5544557
00000000
00000000
22002000
2aaaa018

08800a08
3ffffbec
ffffffff
d5451153
d5005580
00080000
2a002200
2aaa20a8
ffdfdf5f
ddf7dfff
c4596004

00040080
2baeaaa8
c4400153
3baabaa8
2aaaaaa8
00000800
d555d557
d7555557
288a0008
d5555557
00000000

3a396240
00000100
00040000
00010000
00110047
00040400
00a80028
00000000
00000000
00080020
11000103

3fff6ffc
d5441007
00000000
00000000
d5515547
00470790
2aaaaaa8
00000000
00000000
00080020
fdf7ffff

10400004
fffebf9f
ffffefff
d5551153
2beaaa28
00000080
d55757d7
2aaa20a8
ffffffff
d5555557
20800008

008000a8
eabaab8b
84510153
11040000
d4007500
00020310
2a002000
02002000
28a20088
d5555557
c0410054

15575d54
00000410
00000000
6aaaaaa8
2aaaaaa8
00410000
d555cd57
d5555557
00080020
00000000
2ebefea8

00048000
11441064
c1051117
d1015113
00550057
00810000
00aa00a8
2a2a2280
2a2a8080
2880a088
00000040

2a00aa00
ffffbaff
fbbfbfff
d1055153
d5555557
00813400
2aaa8aa8
2a2a22a0
ff7fddf7
ffeff5df
d5105541

15515554
2eabaa98
00000040
00000040
2aaa8aa8
00002000
d5554d57
00000000
00000000
d74f5557
2aaaaaa9

15515554
c0100003
10100400
00040000
d780f500
00001000
2b501244
00000020
00000820
00200000
28aa8aa8

2a002a00
d5441547
d1415113
ff195553
02800000
00000400
01549010
ef203a60
28222a08
28a2a008
ffa2ff88

00000000
fff6bfff
fbebffff
ff9f75fb
06488804
078c9c18
05541050
ef7fbff7
ff77ffff
bffffd5f
00180000

1151d554
eaa2aaab
00000444
008620a8
00551010
00844000
c00a2003
004d8517
00008080
975d5557
2aaaaaa8

2800aa80
c0100013
00000000
00000000
d555d550
ff8cff30
2a2baaa0
00120080
02000020
00000800
d5005540

00000000
15515004
00010000
28000004
00008000
00000020
00010080
c5801040
00020000
2884a008
00000000

115155d4
3ffbffbc
eaafeae8
2daa203c
c2804280
00001400
00200000
c5d51557
d57757f7
fffff55f
2aa2aae8

3d517f54
2aaaaeb8
c0044040
05aa2038
15000500
fa002b00
2a008a20
00550517
000002a0
d77b5557
ffa2ffa8

05441514
00000100
00000000
00000000
00000040
05088010
00000000
00000000
00200000
00000000
08800008

00000440
04010400
01001000
00000000
00540003
00000000
00aa0028
08000000
02002000
0a020a80
00000910

2bee662c
2eabeeac
ffffffff
eaaaab6b
fffffffb
000501d0
ffffffff
d5775557
ffffffff
df57df5f
d5dddddf

360c3274
ffaffaff
c4401407
c4455007
2aaaab38
00050080
d5555553
28a082a8
00800a08
fd5ff75f
3a39300b

15621010
d5055053
c5541417
c5455517
d5015440
00000040
2a00aa80
2aa8aaac
0a882a28
280aa200
2a842480

08840448
04010500
01040000
01000400
00000000
00000110
00000000
02080800
02082000
0a820a00
c5484844

01464404
2eabefac
2abaaab8
2aaaabb8
2aeaabbb
00000000
d5ff555f
d5557557
dd555577
dfd7df5f
00898888

3aaeb8fc
3faffbbc
c4500405
c0500447
fffffffb
00108bb0
ffff77ff
08808008
08000a08
fddff75f
f759741f

334c30b0
15055110
c5501417
c5545547
00140000
00000320
00000080
0a80aa08
0a880a28
288aa200
33983c93

00208000
04410040
01000000
01000000
d5015400
00000810
2a106220
02002000
02000000
0a020000
00000000

09c4490c
eeebeaaf
2aaaaaa8
2aaabaa8
2aaaaae8
00108080
d5115557
d5555757
d55d5577
df57d55f
c4c8c08c

14041014
ffebfaff
00001002
04000000
00550143
01000000
00a00808
00000000
00000000
fd55f55f
2a082008

3feabab8
15415050
00000010
00044100
d4555553
090c0d74
2aa2aa28
00000800
00800000
2802a000
ffc475d7

22260220
00410140
01001000
00000001
2aaaeaa8
08080420
d5018577
00001000
00000000
02820000
11081103

014cc004
2aebebac
ffefffff
c5545507
d4001400
00040150
23002200
0a882a28
ffffffff
d7d7d55f
048880d8

1884388c
3bebfbec
c4040506
2aaaaaa8
2aaaaab8
00000804
dd575557
d7557d57
08800208
f5d5f55f
e24c660c

11661080
11415100
00404000
00000000
00540013
00000000
00a80028
00000020
00080000
2082a000
228c20c0

2eaaaa88
c4040003
00001000
00400000
d4555513
018a0140
2aaaaa28
00000000
00000000
0a000281
dd455547

37403200
feaebaab
fffffffe
c5541417
2aababa8
00020000
d4555557
0a8a2aa8
fffdff7f
ff557757
39803403

10001004
fbaebaef
c4100006
01000000
d4005c00
00000000
2a00aa00
02082000
08800a08
f555775e
22002008

09c8884c
01040044
00040010
2aaaaea8
2aaaaaa8
01880140
d5575556
d5555577
00000000
00000208
c6c1410c

04200000
04040500
c4450007
cc404017
00500003
01c80000
00aa2808
08a88028
28800208
0ac00200
08400000

3f7abe00
febebfab
eeffeaaf
c4444157
d4545553
c5cd6870
2aaaaa28
08aa8228
fdf7d7ff
ffd57357
fdc07d01

10121404
3bbebfac
00104000
00000140
22aaa2a8
00000000
d5555572
00020204
002280a0
f595735f
22002809

01400004
c1040507
00000000
00040000
dcaadeb8
c4044070
2e549214
00000000
00000000
00800208
02800008

2e00aa00
c4440043
c4400117
df5a3e57
08ae0b48
00012800
04554154
fac2be08
088280a8
0a000120
dd005520

15481100
feeebaab
eefaebff
dfde7fff
09e081c8
3fd3f74c
06c40694
fef7ff5f
ddd7d7ff
ff557577
28802020

10001414
fbeebaff
00100000
00800128
00400001
00922100
c0080063
04354156
00000200
f555747f
22002828

2bcaaa04
c1440047
00004040
00044080
d5415595
ff93ff24
2a082be0
00000001
00000000
00000028
d3805528

04014000
044d4540
00000000
0a882a00
00000084
00010004
00000080
d0a01400
00030000
0a840020
08000020

15467400
3eecff28
2aebaab8
0aab2aa8
00010010
00000020
00000140
d0f5f577
d557d557
ffd57767
28882820

3a119c14
3bf5bf7c
00010010
00230028
d7805780
ff005e00
2b402a40
0055c153
00000000
f5d0756f
f3007d28

01c94204
01454504
00400000
00000080
00000000
00008000
00000000
00002024
00008000
00800028
02800028

00110000
00110000
01040040
00010000
00550047
00000200
00a202a8
00000000
02082080
00228000
00220000

2abbaa88
2abfaaa8
ffffffff
eeaaaefb
ffffefff
00081210
fff7ffff
dd755d77
ffffffff
d5df5557
d5f25547

22632180
eaffabab
c4514007
c4111457
2aaaaaa8
00000010
d5555557
08a28808
08a28a08
d5df5557
11a21103

00410000
c0510003
c5555417
c5511457
d5004510
00080000
2200a800
0aaaaaa8
0aaaaa28
00220000
00324240

19988a4c
11100044
01001400
01000000
00000000
00001000
08000000
02082080
02082000
22200008
e640040c

11100254
3bbeaaec
2aaeaab8
2aeaaaa8
2affaabf
00000000
d5fd555f
d5555777
d5555577
f7dd555f
26809028

3be8aabc
3bfeaaac
c4410017
c4410017
ffffffff
011500f0
ffffffff
00a20208
08a28208
f7dd555f
f6d5557f

3360a864
11500044
c5451517
c5451117
00000000
000000d0
00000020
0aaa2a08
0aaaa228
22200008
3211411b

00181000
00001000
01001400
00001000
d1005540
01140020
2300ab80
02082000
02002000
00202000
00202000

08901088
2aaebaa8
2aaeaba8
2aaaaba8
2eaaaaa8
00010000
dd575557
d5555557
d55d5557
d5dd7557
c0e42444

00401000
eaeebaab
00000000
00000000
00550047
00000000
00aa08a8
00000000
00000000
d5dd7557
00a02000

2aeaba28
c0401003
00000000
01040000
d5555557
08200b10
2aaaaaa8
08000800
00000020
00202000
d5757517

333a3224
11001044
00000000
00001000
2aaaaaa8
08000300
d455d457
00000000
00000000
22202008
3310311b

11109044
3baebaec
ffffffff
c5551507
d1085400
00000800
22042200
0aaaa208
ffffffff
f7dd755f
22852008

19c0180c
3beebaac
c4510107
2aaeaea8
2caaabb8
00200010
dd555557
d7557557
08a28208
f7dd755f
e6c0640c

11481004
11401044
00000000
01000000
00110047
00023000
00a822a8
00000000
00080000
22202088
22002018

2abaaab8
c0100013
00100000
00000002
d5554557
00463b10
2aa8aaa8
00001000
00000020
00220020
d5655577

2212a034
eabaaabf
fffffeff
c5551507
28a2aba8
00000000
d5514d57
0aaaa228
fdf7ffff
d575557f
1101500b

00100a14
eaabaabf
c4410005
01001400
d1044410
00400010
22008000
00002000
08a28208
d57755ff
00040428

08b00098
c0010013
00000000
2aaeaaa8
2eeaaaa8
00040b00
dd555557
d5555557
00000000
00220220
c4600364

08004010
00100010
c4410047
c4551407
00140047
00000000
00220088
08a22a28
088a22a8
00220020
04260020

2a08aa14
2abaaabc
eeebefef
c4555547
d5555557
00c041a0
2aaaaaa8
08a22a28
dddf7fff
d575557f
d5045509

00080014
eaabaabf
00004100
00000000
2aabbaa8
00004100
d5555557
00000000
00000000
d577557f
00000028

00000000
00014000
00000400
00004140
d9a2cf98
00c000a0
2645fc24
00000000
00000800
00220200
00200201

3350aa00
d1550023
c4541517
ff59e357
0ce228a8
00000000
0cd91714
ff822a19
08822a08
238a0000
f3a05500

11500044
fbfeaaef
eeffffff
ffffffff
09e28be8
3fdbdf3c
06d157d4
ffdfaf5f
dddf7fff
f7cd555f
22800008

19500044
fbefaacf
00000000
00a218a8
00000450
00121081
c0000103
00598546
00080080
f6cf555f
26800008

3bd0aa10
d1450013
00014040
00040400
d51055d1
ff76ffa1
2a82aa00
00040000
00000020
228a0020
f7a05530

11400040
11550000
00000000
2a80a211
00000080
00000000
00000140
d5000000
00000000
229a1000
22a00000

11400044
3bf6aaec
2abaaae9
2aaeabb9
00000280
00442120
00000140
d5550777
d5d55557
f7dd545d
22804018

3340aa44
3be7abec
00100041
002a09a8
d3805301
fa00cc00
2342ab40
00550777
00800000
f7cf445d
f3801508

11c00010
11450010
00000000
00040000
04100000
05200200
08800000
00000000
00000000
228a0220
22a00220

22002000
15455404
00000040
00000040
00510057
000200a0
00aa8228
00080080
00000080
2aa02a28
11041003

3fffbdfc
3fffffec
ffffffff
ffffffff
fffbbfff
003242a0
ffffff7f
ffffffff
ffffffff
ffff7f7f
ffffffff

00260000
eaaaaaeb
d4410507
94500507
2aaa2aa8
00000200
95510517
48860a08
00820a08
d55f5557
00180000

08888828
c0100103
d5551507
d555d507
d5001100
00200000
2a002800
0aaafa48
0aaa2a08
00000000
c4414550

11000080
15445514
01040000
01040000
00000400
00104000
00000000
02280010
02280000
2a802a08
22002004

2651b754
3fffffbc
2ababaa8
6aabfaa8
2afaeabf
00100058
f5dd55ff
d555f557
dd557557
ffdf7fff
19b2daab

2aa8aa28
2aaaaaa8
d4510507
d4530007
fffdfe9f
203103f8
ffddfdef
08828a08
08020200
d55f55d7
d5505517

04504424
00110000
d5551507
d5551527
00000000
00010080
00000000
0aaaaa08
0aaa2a00
00000020
08808a18

0c184c08
15551444
01040000
01041000
d5051000
20200000
0a00a800
02280000
02a80800
2aa02828
cc408e04

00a00000
fffffeef
2aaabaa8
2aaaaaa8
2aaaaea8
00000320
d5551557
d5555557
d5557557
fffffd7f
00000100

22422004
eaaaeaab
00000000
00000500
00510017
00003000
008820a8
00000000
00000000
d55fd557
1181104b

2ecaaecc
00000000
00000000
00000000
d5555517
0023f000
2aaa2aa8
00002000
00000000
00000000
fdd5de4f

15515754
15401404
00000000
00000000
2aaeaaa8
0002c000
d5551557
00000000
00000000
00000000
2a8aaa08

08098888
3fefbffc
ffffffff
d5151547
d5001100
00200000
2a020a00
0aaa2a08
ffffdfff
d5555557
c4524404

00800000
2aababa8
d4100507
2baeaaa8
2aaaeea8
00010000
d5755557
d7555557
08a20a08
d5555557
000c0000

133071b0
00040050
00010040
00001000
00550047
00290000
008a2088
00000000
00080000
00000000
13003013

1efbeff4
d5401417
00000000
00000000
d5555557
00693810
2aaaaa88
00000004
00000000
00000000
fdef1f7f

11489004
ffefbeff
ffffffff
d5555517
2aaaaaa8
00000810
d1755553
0eaa2a08
ffffffff
d5555557
22832108

08020a00
eaaf2aab
d451c507
01040010
d5005510
00000000
2a008200
02280000
08920a08
d5455557
c4040404

15d55554
00000040
00000000
2aaabaa8
2aaaaaa8
00403000
d5555d57
d5557557
00000000
2aa2aa28
2ae8aae8

00000000
11143150
d5141553
d5545453
00500017
00000000
00aa00a8
3a02a8a0
0a0228a0
00000000
00000400

2a026a00
fbffbbff
ffbefffb
d554545b
d5504517
c8053000
2aaa8aa8
2a02a8a0
ff77fdf7
d5555557
95010500

15571554
2aab8aa8
00004000
00000000
2aaaaaa0
00013000
c5555557
00000000
00000000
f7555557
2aa8aaa8

15551554
c0400007
00000000
00000000
d700e3a0
c8000000
2b54da50
00000000
20208000
08a2aa28
2aaaaaa8

2e412e04
c00c0003
d5141513
de153d53
020026a0
00040000
01045050
bf0b28a8
2a02aaa0
00400000
bfa2ab28

00040000
ffffffff
ffbebffb
defffdfb
06c1a6a4
031db0f8
01145054
ff7ff8ff
ff77fff7
ddd55d5f
00030000

15555554
eaa2aaab
00000000
00e880a8
00000500
04180000
c0000803
40705017
00000000
dd155d57
2aaaae28

2a08aa80
d1000003
00000040
00024000
d5055550
ff1cff40
2a02aa00
00048040
00200000
00000000
d50c5500

00000000
04795554
00000500
0e182800
00040050
00040040
00008000
d5041000
80000800
00810048
00000000

15515554
2aaaaaa8
2aaaafa8
0ebba828
02800280
00000000
00000000
d55d1057
d555dd57
d5555547
2aa4aa28

3f517f54
2a82aaa8
00000000
00a30028
d5005000
fb00fb00
2a002200
00510017
00000000
555c5507
ffa0fba8

054d94c4
00000000
00000000
00008000
00010000
00000400
00020000
00080040
00008000
00080000
00000000

00106080
00104000
01040040
00010000
00050007
007b82a0
00820008
00000000
02088000
00200000
10319003

2a9beaa0
2abfeba8
ffffffff
eeaaaffb
ffefffaf
007b82b0
ffd7fd7f
dd75df77
ffffffff
d5ff5557
d577d507

00524000
eabeeaab
d4050406
d4510517
2aeaaaa8
00000000
d515c577
28a01000
28aa0888
d57d5557
00648100

08d8c820
c0104003
d5155407
d5555517
d5005500
00000000
2a002800
2aea2800
2aaa2888
00a00000
c4208404

33004204
10004004
01000000
01040000
00000000
00000010
00000000
02080000
02000000
22000088
2100c008

11006204
3aaeebac
2abafaa9
2aaafaa8
2aaaaaaf
00040010
d5ff57d7
d5577d57
d5557557
f7dd55df
2040901b

3bea6a8c
faaeeaaf
d4510507
d0410107
ffabffcf
00374358
ffffff9f
2aa00800
28a20800
f75d55df
f541955f

11404004
10004004
d5555507
d5551537
00010000
00210148
00000008
2aaaa840
2aaa28a0
22800008
20018008

2aba4888
01404100
01040000
01040400
d5005540
00004200
2a002800
00080000
02080000
00000000
d7a084c4

00004000
ebeeebab
2aaaeaa8
2aaaaaa8
2aaa8aa8
00120000
d555d557
d5557557
d5557557
d5dd5557
02808180

226ae000
ebfeebab
00000000
00100010
00440053
00003000
00a800a8
00008000
000000a0
d57dd557
138010c3

2afaeaa8
01504100
00001000
04001000
d5541557
0011f000
2aaa0aa8
00020000
00000000
00a00000
d7f5d4d7

111042b4
11404004
00000000
00000000
2aaa9aa8
00018000
d5555547
00000010
00000080
22000008
22a080a8

19804814
fbeeebaf
ffffffff
d5555507
d5000500
00100000
2a020a00
2aaa2880
ffffffff
f7dd555f
e6d4c43c

1140400c
3bfeeaac
d4414507
2bbeaaa8
2abaaaac
00004000
d5555557
d75d5d57
28a20000
f77d55df
22818088

33506024
11504004
00000000
02001000
c4151045
c0004040
08220088
00002000
00000000
22a00008
33a0808b

2aac28b8
c0054003
00000000
00000100
d5551557
ccc864f2
2a2a8aa8
00000000
00002000
00088200
d55c1577

00240010
ea8febbb
fffffbff
d5551507
28eaaeba
0c880482
d5555577
2aaa2800
ffffffff
d5ddd577
000a0070

18cc4804
fa8feaaf
d4410005
00140000
11000100
00000010
22088a00
02080000
28820800
f55fd54f
e44c950c

1044009c
10054004
01000000
2aaabaaa
2aaaaaa8
00402020
d5555557
d5555557
00200010
20888008
20180028

01000010
00010010
c4555457
d4111453
00150057
00000000
00a000a8
08a22800
0aa22a00
020800a0
00080020

2b04aa10
2aafabb8
eefffeff
d4115453
d5154157
000a3400
2aa0aaa8
08a2a808
dfff7fd7
d7df54f7
d5495520

11444004
3aafa2ac
00000000
00004000
2aaaaaa8
00023400
d5555557
00008000
00080080
f75f54df
20098008

11440004
d0050007
00000800
00000000
dd826ba8
00000000
2f45ff44
00000008
00000000
22880008
20080008

2a04aa10
c1454903
c4411507
e5011c47
08a22a28
00080000
04415504
fbeabf28
08a22808
00088000
d78855a0

00040000
ebefebab
eeebffef
e5eb9cef
09e22be8
3ffffddc
16d556c4
ffffbf7f
d9f77f5f
d5dfd177
02c800a0

10404004
fbebe3af
00004040
00aa80a8
00000080
00000000
c0000003
04140057
00000200
f157d15f
22808088

3a40ea14
d1414107
00000000
00400000
d5c15500
ff40ff00
2a80aa00
00010000
00000000
20808008
f780d5a8

01140000
01550080
00040020
20000800
00400000
00400000
00000040
d1001500
00100000
020840a0
02880020

01140040
2bffaba8
2aafaea8
20aa88a8
00000080
00000000
00c00000
d5551557
d5d55557
d6df55f5
02880020

3b54ea04
fbffaa0f
00010400
00aa80a8
d7805700
ff00ff00
2b40ab40
04150057
00800000
f64f15dd
f788d588

11444004
11450004
00000000
00000000
00010000
00000000
00000000
00400000
00000000
22880008
22888288

00003100
00001100
01100000
00000000
00540057
00020000
00a200a0
00000000
02200000
00082200
00012200

2aaabbac
2aaabbac
ffffffff
eaaaeefb
fffeffff
00030000
fffffff7
d555ddf7
ffffffff
d5dd775f
d5d5775f

11225324
fbbafbaf
d1404455
d0400557
2aaaaaa8
00010000
d5555557
20802aa8
20802aa8
f7fdf75f
2390731b

11019100
d1111103
d5545457
d1441557
d5005500
00000000
2a00aa00
22a82aa8
22aa2aa8
22282200
22042200

2a880988
00000100
00001000
00001000
00000000
00000000
00080000
00200000
00200000
00080200
d4400644

00284104
2aaaebac
2ebeaaaa
2baeaaa8
2affeaff
00400000
d7d555ff
d75d5557
d75f5557
d5ddd75f
00801208

3bababac
3bbbabac
d0404547
d0424557
fffdffd7
026ac000
ffeeffff
20900aa8
208008a8
f7fd575f
f7d5575f

11012320
11110100
d1445557
d144557f
00000000
002a8000
00200000
2aa9aaa8
22aaaaa8
22280200
22140313

22431000
00411000
00001000
00001000
d5001500
02000000
28082a00
00200000
00200000
00082200
11006200

08c0988c
2aeabaac
2baaaaa8
2baaaaa8
2aaaaaa8
00004000
d557d557
d75d7557
d75d5557
d5dd775f
c4c1264c

11627004
fbfafaaf
00040010
00040000
00540147
00088030
00aa00a8
00000000
0000a000
f7fdf75f
22843208

39eb7aa8
d1515003
00000000
00000000
d5545547
00388330
2aaaaaa8
08008000
00020200
2228a200
f7553757

20414020
00414000
00140000
00000000
2aaaaaa8
00000200
d555d557
00000000
0000a000
00088200
11100313

00414204
2aebeaac
ffffffff
d1545457
d5005400
00100000
2a002900
22aaaaa8
ffffffff
d5ddd75f
0081020c

19c9088c
3bfbaaac
50404457
aaaabaa8
2aaaaaa8
00200100
d5555757
d5755557
20800aa8
f7fd575f
e6c00648

11412008
11510000
00000000
01000000
c4100056
00000000
00a208a8
02080000
00020000
22280200
22001200

2a80eaa8
c0004003
00040000
00000001
d5505557
cc4d2800
22aaaaa8
00000000
0000a000
00020000
d5175557

3200d220
faaefaab
ffffffff
d1045557
2aaaaaa8
08092000
d5557457
2288aaa8
ffffffff
f75d7557
33012113

11005100
fbaebbab
d0004556
00001000
11004501
00400000
22008200
00000000
20800aa8
f75d7557
22102000

09804980
c1000103
00000000
2baaaaa8
2aeabaa8
c4040800
d55d5557
d75d5557
00000000
00000000
c4044444

00004000
00004000
c5545557
c4015557
00450447
00010001
002a00a8
08aa2aa0
088a2aa8
00800000
00800000

3a80ba00
3a8ebaa8
effeffff
c4455557
d5455547
00810431
2aaaaaa8
08aa2aa0
dfdfffff
f7df7557
f7867500

11001100
fb8ebbab
00000000
00040000
2aaaaaa8
00000000
d5555557
00000000
02008000
f7dd7557
22842000

01004100
01000100
00000000
00400000
dd8afba8
00800000
2ec1ff54
00000000
00000000
00800000
00800000

2a40aa04
c0520007
c4405557
f4806f57
0882aaa8
00000430
05410554
fe865fa8
288aaaa8
80308008
d500d508

10c01004
fafebaaf
eeeeffff
fcaaefff
09c08be8
3ff66ffc
06c147d4
ffd75fff
fddfffff
f73df55f
2200a008

11481104
fbfcbbaf
00040000
082880a8
01400080
08200000
c0880043
01510057
00000000
772d755f
2200a008

2b48ab04
c1500107
00000000
00020000
d5405580
ff20ff00
2a88aa40
00000000
00000000
00220008
d502d508

0040a004
00500004
00000000
20088a00
00000000
00000000
00000000
d4205500
00080000
00a08108
00808008

10401004
3afebaac
2aaaaaa8
28aaaaa8
00800000
00000000
00000000
d5755557
d55d5547
f7fd755e
22802008

3b401b04
3bfebbac
00000000
08a22088
d6805780
f700ff00
2b40ab40
01550057
00000000
f7ff744e
f7827508

01400104
01500104
00000000
00000020
00000000
00000000
00000000
00000000
00000000
00a00008
00808008

00002000
00000000
00000000
00100000
00550057
00000000
00aa00a8
00200000
00080000
00000000
00110000

3ff37ffc
2abeaaa8
ffffffff
ffffffff
ffffffff
00030000
ffffffff
ffffffff
ffffffff
d57d5557
ffffbfff

22300220
eabeaaab
d0405547
c0404557
2aaaaaa8
00000000
d5555557
208082a8
20808a28
d57d5557
11281113

00000000
c4140003
d1445547
c1545557
d5005500
00010000
2a00aa00
2288aaa8
228aaaa8
00000000
00040000

19821888
15555554
00000000
00101000
00000000
00020000
00000000
00000000
00002000
00802aa8
e6400444

04414554
2aaaaaa8
2baeaaa8
2baeaaa8
2afeaaff
00800000
d5ff55ff
d75d7d57
d75f55d7
d5555df7
0882baa8

2aaaaaa8
fbaabaab
d0400457
d04045d7
fffeff7f
00898000
ffbbffff
20c00288
20808aa8
d5557557
d5545557

2262b774
00414554
d1545557
d1545557
00000000
00018000
00000000
228c2aa8
2288aaa8
00800208
119049bb

00080450
15155100
00001000
00101000
d5001500
00000000
2a00aa00
00002000
00002000
00000000
004008a4

08801888
fffffbaf
2baeaaa8
2baeaaa8
2aaaeaa8
00080000
d5555557
d7555557
d75d5557
ffd7ffff
c4040440

00422104
eaaaaaab
00104000
00000000
00100047
00020050
00aa0028
00000820
00000000
d5555557
00901008

2a6abffc
00400004
00000100
00000000
d5115557
00230270
2aaaaa28
00080000
00000000
00000000
fdd5dfff

33655774
11414554
00000010
00000000
2aabaab8
00010220
d5555557
00000000
00000000
22002000
3ba1abbf

00008000
fffbefff
ffffffff
d1545557
d5005400
00200000
2a00aa00
2288aaa8
ffffffff
ddd7dfff
00246000

080c0888
2aaaaaa8
50404547
2ababaa8
2aaaaba8
00000000
d5555557
d5557557
208088a8
d5555557
c4400440

11016000
04100000
00000000
81040000
00400057
00100001
00a200a8
02000000
00080200
00080000
02101000

3eefebfc
d5501557
00000000
00000000
d5555557
00113001
2aaaaaa8
00000000
00000000
00080000
fdd7f7ff

33600224
ffffffff
ffffffff
d1145553
2abebaa8
00001000
d5555557
2288aaa0
ffffffff
d5555557
33c0021b

000a0000
eaaaeaab
d0004551
00001002
d5014500
00002000
2a008a00
00002000
20808aa0
d5555557
00010000

1dd5dddc
00050000
00000000
2bbeaaa8
2aaaaaa8
00010000
d55d7557
d75d5557
00000000
00000000
eeaeefec

00040000
15555554
d5104453
d5115553
00510457
00000400
00aa0888
2a0aa8a0
2a2aa8a0
22820aa8
00000000

2a00aa80
3ffffffc
ffbbfefb
d5515553
d5554557
8c441c20
2aaaaa88
2a0aa8a0
ff7ffdf7
fff7dfff
d5005500

15515554
2aaaaaa8
00000000
00400000
2aaaaaa8
00000800
d5555557
00000000
00000000
d555d557
2aaaaaa8

15555454
c0000003
00011000
00000000
df0a6100
8c040000
2f01a300
00000000
00000000
08200000
2aaa8aa8

2a00b800
d5501557
d5115453
ff55e6d7
0a860000
00401020
05511104
ff02afa8
2a0aa8a0
a2820aa8
ff82ffa8

00100280
fffffff7
ffbbfefb
ffffe6ff
0a421554
0f671208
05411100
ff77afff
ff5ffdff
fff7dffb
00080000

15515554
eaabeaa3
00000000
00aa0028
00000000
00000008
c0020203
00350057
00000008
55555553
2aaaaaa8

2e00aa20
c0040003
00000000
00000000
d5005500
ff00ff08
2a02aa00
00400000
00000000
08208000
d5005500

00000000
15581754
00000000
2a00a200
00000000
00000000
00000000
d5000508
00000000
22820ab8
00200000

11415574
3ffefffc
2aaabaa8
2aaaa688
02801280
00000000
00002000
d555055f
d5557757
ffa7dffd
2a82aaa8

3f41ff54
eaa2a8ab
00001000
00aa0488
d5004580
ff00ff00
2a008800
00550057
00002000
d505d545
ff8affa8

05541554
00044000
00000000
00000000
00000000
00000000
00000000
00000000
00000200
08200000
00802aa8

22242324
00000004
05110000
00000000
00050000
00000000
00000000
00000000
02200000
00000208
1108011b

2bad2bac
2abfaaac
ffffffff
eaaaaefb
ffffffff
00010000
ffff7fff
d555ddf7
ffffffff
d77d575f
d35c575f

10441104
fbbebaaf
c4454557
c4444557
2afaaaff
00000000
d5ef55ff
088a8aa8
08822aa0
f57d775f
20082008

19cc198c
d1001007
c5555557
c5555557
00000000
00000000
00000000
0abaaaa8
0aaaaaa0
22002208
e24c224c

00004104
00400004
01101000
01100000
d5005500
00010000
2a002a00
02200000
02288000
00008208
0010d408

23226324
2afeaaac
2aaaaaa8
2aabbaa8
2eaeaaa8
00080000
d55dd557
d5557557
d5555557
d77dd75f
1300921b

3aeebbac
3bfebaac
c4400417
c4408547
ffff7fdf
041a8800
ffffffff
08800a88
08800aa8
f57d775f
f54d755f

11445104
11401004
c5555557
c5554577
00510057
00128000
00a000a8
0aaaaaa8
0aaaaaa8
2200a208
2208a308

0885c988
00010000
01101000
01100000
00000000
00000800
00030100
02202000
02208000
00808000
c4c18444

010c4100
eabeaaab
2aaaaba8
2aabaab8
fbaafda8
04000000
ff153b57
d5555577
d5575557
d7fdd557
0284c200

32461320
fbbebaab
00040040
00044000
00040000
00004000
00080000
000a8000
00082000
f5fd7557
31913113

3be6fba8
11001000
00014000
00000000
d5555557
0008c400
2aaa2aa8
00000000
00000000
2280a000
f7d5f757

08208100
00400000
00040000
00000000
2afaecff
00008400
d5b410ef
00008010
020a2000
00800000
00800000

01802988
2afeaaa8
ffffffff
c5555557
00010000
00000000
00020000
0aaaaaa8
ffffffff
d7fd5557
c6c04244

10441100
3bfebaa8
c4404457
2bbabaa8
ffaabba8
00080000
ff557f57
d5755557
08800aa8
f5fd7557
20842400

3344b120
11401000
00010100
02000000
00010000
00010800
00000800
01000000
00000000
22802000
33903313

2aaba3ac
c0010007
00054000
00000004
d5555557
00091900
2aaaaaa8
00208000
000a2000
00020208
d556555f

112c0104
faaaaaaf
bfffffff
c5155557
28feaaff
00081100
d0f7d5ff
0eaaaaa8
ffffffff
f755575f
22000208

18c64388
fbbeeaab
84000153
01101400
02001100
00000000
00080000
02000000
088008a8
f57dd757
e4408044

01400100
01140000
00000000
2aaaaaa8
ffaaeea8
00000000
ff557753
d5555557
00000200
02280200
02044600

2a042904
00400004
c0401557
c0401557
00000000
00000000
00000000
00802ab8
00822aa8
00000308
d5005408

3bae2bac
facaa8af
eaefffff
c0455557
d5455557
001f3300
2aaaaaa8
02822aa8
d5d7ffff
f755575f
f751575f

10440100
3bdea8a8
00014000
08004000
20eaaaef
00040200
d5f555cb
00020000
00008000
f57d5657
20000000

01ee01a8
c1540003
00040000
00050000
0885aba8
000b3100
004a7754
02000000
00000000
02280200
02510257

00001104
c0001007
c0401457
fdfb3fff
dd8adeb8
00100000
2a45cd74
f7fb37bf
0080aaa8
0080a008
0080a008

11041304
faaabaaf
eaefffff
fdfbbfff
09ca8be8
3fff0ffc
02c507d4
f7ff77bf
d5d7ffff
b7d5755f
22882308

3a44fb00
fbbefaab
00014000
00000000
00005080
00013200
c000a043
00044000
00000000
b5fdf557
f588e500

2beabba8
c1141003
00040100
00008000
d55155d7
ffefbfff
2aaaaae8
00000000
00020000
02a8a000
d7d5f757

00041124
00401004
00001000
28aa3a88
00000000
00000020
00000000
d5553517
00002000
0080a008
0088a008

11ae118c
3aeabaac
2aaabaa8
28effba8
00510057
00ee00df
00aa00a8
d5557717
d5557557
f7d5f55f
22d9a25f

10441100
3bfebaa8
00000000
00448100
02800280
00000000
01400140
00004000
00000000
f5fdf557
208ca000

01441100
01541000
00000000
00014020
d5000500
ff008d00
2a000a00
00000200
00000000
02a8a000
0288b200

22202360
00000540
01100100
00000000
00000000
00000000
00200000
00000000
02022000
00008080
11021193

2aa826e8
2aaaaee8
ffffffff
eeaaaabb
ffffffff
00000000
ffffffff
d9555577
ffffffff
d5d555d7
d5dd55d7

00000440
eaaeeeeb
c4410557
c0402157
2aff8aff
00000000
d1df55ff
08008aa8
08820aa8
d5ddd557
00880000

088805c8
c0040543
c5555557
c5555557
00000000
00000000
00000000
2aaaaaa8
2aaa2aa8
00088000
c4454c44

11401104
11401504
01105000
01104000
d5005500
00000000
2a00aa00
22282000
22282000
2200a288
2210a288

33623624
3beabeac
2aaeaaa8
2eafbea8
2aabaaa8
00040000
d55d5557
d5d75557
d5555557
f7dd77df
3381b39b

3beabeac
3beafeac
c4400447
c4480577
fff3ffdf
00268000
ffffffef
08800238
08800aa8
f7ddf75f
f7d5f75f

11401504
11441504
c5551557
c5555557
00500057
00228000
00a000a8
2aaa2aa8
2aaa2aa8
2208a208
2200aa08

088cc9c8
00000140
01101000
01101000
00000000
00000000
01041800
22202000
22202000
00008080
c048c4c4

00004440
2aabaae8
2aaaaba8
2aaaaaa8
ffaaffa8
00000000
ff57f757
d5555557
d5555557
d5d555d7
049c8080

22006660
eaaeeaeb
00050000
00050000
00040000
00000000
00200000
000a0080
00080000
d5ddd557
11989113

2a8eefe8
c0040143
00000010
00004080
d5551557
000d4800
2aaaaaa8
00000800
00020000
00088000
d55cdd57

11441104
11401504
00010000
00000801
2afaa27f
00090800
d4d341bf
00000440
020a0000
2200aa88
2208a288

19cc9c8c
3bebbeac
ffefffff
c5555557
00000000
00044000
0000c800
0aaa2aa8
ffffffff
f7dd7fdf
e6cce6cc

11461404
3beafeac
85405556
2aaeaaa0
ffabbf28
00000000
ff5d7757
d5757557
08800228
f7ddff5f
2288a208

334e3724
11441504
00000000
48000000
00050000
00000000
00280000
00000800
00000080
2208aa08
3318bb1b

2aaaaae8
c0004843
00050000
00004400
d5555557
00040000
2aaaaaa8
00000000
000a0080
00000080
d55155d7

0064c000
eaeaeeab
ffffffff
e5555553
02faaa77
00000000
d5d715ff
2aaa2aa0
ffffffff
d5555dd7
0009c080

09c4488c
ebe2a2af
c4480153
01101000
02000000
00040000
01004000
22202000
08800a20
d5555ddf
c44084cc

01050044
c1000047
00000000
22aaaaa8
ffaaffa0
00000000
ff55ff57
d5555557
00000000
00000888
00000088

2a00ea40
00010840
c5400057
c4441057
00000000
00000000
00000000
28a800a8
08a280a8
00000080
d5005580

2aeeeaa8
2aeaaea8
efefaaff
c4455057
d5555557
ccc73d00
2aaaaaa8
28a800a8
ddf7f5ff
d55559d7
d55c55d7

014c4004
ebeea6af
00050000
00010000
20baaae7
00042000
d47515df
00000000
00002000
d55559df
000c8888

018200ec
01040044
00000000
00004000
cca71fa8
ccc31d00
0c4f5854
00000000
00000000
00000088
0050089f

10200540
f0144143
c4441057
fcf33f7f
19eac2b8
00000000
26c1b274
fef225ff
08aa00a8
62b84200
22800a40

10444500
fafeefab
eeeefaff
fcfb7f7f
09e001e8
3ff3b7fc
07c012d4
feff65ff
ddff75ff
f7fd5f53
22888a00

3b444f04
dbfeebaf
00000000
00004000
00000004
004a4000
c0000003
00014000
00002000
b7ed9f5b
f380cf08

3b86afec
d1144147
00004000
00080000
d5545757
ffcedfff
2a822aa8
000c0000
00000000
22a88a08
f3d45f5f

10024540
101449c0
00000004
28802a28
00000000
00000030
00000000
d0520557
00000000
22a8c201
22800a00

10c465a8
3afeefa8
2aaaaaac
28f82a28
00541053
008400cf
00820028
d45b4557
d555d5d7
f7fddf57
22dc0a57

1144c104
3bfee72c
00000000
00300000
02000280
00000000
01000140
04094000
00000080
f7f59f5e
22888a08

11000144
11144144
00000000
00480000
d5004500
ff009f00
2a002a80
00000000
00008000
22a08208
22801a08

00000000
15515554
00010000
00110000
00544000
00040000
00080000
00220000
00020000
2a8aaaa8
00000000

3ffefffc
3ffbfffc
ffffffff
ffffffff
ffffffff
020c4400
fdfff7ff
ffffffff
ffffffff
ffffffff
fffffbff

22322220
eaaaaaab
d4444057
d4040057
2aabaedf
00000400
d5f755fb
2000a0ac
288020a8
d5755557
11111113

00000880
c0000003
d5545057
d5551077
00000100
02084000
00000000
2aa2a2a8
2aa220a8
00000000
00444000

19888108
15515554
01101000
00101000
d5001000
00000000
2800a200
02200000
02200000
2a8aaaa8
e6002044

044c5454
3ffbfffc
2aaaaaa8
2bebaaa8
2afaafac
00008900
d5555557
ddd75757
d5575557
ffffffff
08aacaa8

2aaaaaa8
2aaaaaa8
d0400457
d4480057
fff5f7ff
00008d00
ffff7fff
288000a8
288000a8
d5755557
d5555557

2661b234
00000000
d5555457
d5575857
00050053
00000000
00a208a0
2aaa20a8
2aaa22a8
00000000
19d2113b

04030010
15505554
01101000
01100000
00022000
00000400
00010000
02200000
02200200
2a8aa2a8
08030060

08800888
fffaffff
2eaaaaa8
2aaa3aa8
ffaafaa8
00000000
ff5d775f
d5551557
d5555557
fffff7ff
c4040404

02401004
eaaaaaab
00050000
00054000
00540000
00000000
08008000
000a2000
000a2000
d5755557
00840408

2efa22f4
00000000
00004000
00000000
d5555557
08208100
2a82aaa8
00000000
00000000
00000000
fddfdcff

357e7774
15505554
00000000
00000000
2aa90aff
00008000
d5d215ff
0004a000
00080000
00000000
3bfbf8bb

00000080
3ffafffc
ffffffff
d5551057
00000400
00000100
00000000
2aa8a0a8
ffffffff
d55ddd57
00000040

08844500
2aaaaaa8
14400057
2bbaaaa8
ffaafba8
08200000
f7557f57
d5755557
2a8000a8
d55ddd57
c4200004

11001800
00000000
00010000
c0041000
00400000
00000000
00080000
00000000
00000000
00000000
02002000

3ee7eefc
d5455557
00010000
40000000
d5555557
000d3200
2aaaaaa8
00008000
000a2000
c0088800
fdd1ddfb

33603224
ffffffff
fffbffff
d5551057
2abaaaff
00042000
d5f755ff
2aaaa0a8
ffffffff
d55ddd57
3390359b

00008080
eabaaaab
94400056
01101001
02011500
00091200
00000200
02200000
288000a8
15555557
00000040

1dd7555c
00000000
00000000
2aaaaaa8
ffaeeaa8
00000000
bf55fd56
d5555557
00000000
2a88aaa8
eeebeaa8

2a01aa00
11155500
d5114513
f5111113
00140000
00000000
00000000
2a202220
28022220
00001000
d5004000

2aaaaaa8
fbffffef
ffbbefbb
d5515513
d5555557
00000000
2aa8aaa8
2a2a2228
fd77f777
d5555557
d5015557

15545554
2aaaaaa8
00000000
00404400
08ebeaff
00000000
95fd15fe
00024008
00208000
f7554757
2aaaaaa8

15fe55fc
c0400047
00000000
00000000
0202a700
00000000
01010500
00080000
00000000
0888a8a8
2aabb8ff

04400054
c0130003
d5110113
fd8423fb
d72aba00
00000000
2b11bb04
ff29b3f7
2a202a20
00040000
2a8027a8

00010000
ffffffff
ffbbefbf
ff9623fb
06caaa5c
030563c0
01401100
ff7df3f7
ff7f7f77
ddd555ff
00000000

3f45ff54
eaa8aaab
00004404
02120000
00000000
00204810
c0000003
00544000
00020000
dd515577
ffaabba8

2aaaaaa8
d1000103
00000000
00000000
d5015557
ffafffdf
2aaaaaa8
00000000
00080000
00000000
d5215557

00020000
04445454
00000000
288222a8
00000000
00000000
00000000
d5011157
00000000
00800088
00020000

15ec55fc
2aaaaaa8
2aaaaaa8
ee8622b8
028102d7
c48b00cf
00aa00a8
d5755157
d5555557
d5515557
2a89aaff

15445554
2abeeea8
00000000
c6040000
00000500
00000000
00000000
00744000
00000000
d5795557
2a88aea8

05555554
00144400
00000000
00000010
d5005000
3b04b700
2a00aa00
00000000
00000000
00280000
00004000

00000044
00000044
01100100
00000000
00004000
00020000
00020000
00000000
02200200
00000288
00084088

2aabaaa8
2aabaae8
ffffffff
eeabaabb
ffffffff
00024400
ffffffff
dd555d77
ffffffff
d55757d7
d71351d7

004ca860
eaaaaaeb
d4054457
d4040057
2affaeff
00000000
d5bd55fd
284880a8
280280a8
d55555d7
00881013

00c00084
c0000047
d5155457
d5151157
00000000
00004000
00000000
2a2aa0aa
2a22a0a8
00000088
0289000c

3b22034c
10100044
01001000
01011000
d5001100
00000400
2a00aa00
02222000
02202000
22a80208
f51001c8

11020100
3abaaae8
2abaaaa8
2abaaba8
2aeaaea8
00000000
d5555d5f
d5555557
d5555557
f7f55757
22000080

3befa3e0
3abbaee8
c4000057
d4000057
fff7ffff
00040c08
fffffbff
280000a8
280008a8
f7f7d557
f5dfd557

116c0324
10100044
d5151057
d51d5057
00110057
00040000
00aa00a0
2a2aa4a8
2a2aa8a8
22a80008
2388501b

22016444
01454504
01101000
01000000
00000000
00000c00
00004000
02200000
02202000
000a8a88
101a8fc8

0880c480
ebeeefab
2aaaaaa8
2ababaa8
ffaedba8
00000008
ff15f757
d5555557
d555d557
d55ddfd7
c6458a84

00444440
ebeeefab
00050000
0005c000
00000000
00000000
00008000
000a9000
000a0000
d55dddd7
00888a00

2aeaeeac
01444504
10000000
00000000
d5555557
0021c000
2aaaaaa8
00002010
00000000
00088888
d7dddf5f

3320ef64
11504504
00050000
01000000
2afe0aff
00008000
d59e05ee
00010001
020a0000
22a88a08
31119b9b

11824580
3bfeefa8
ffffffff
d5155457
00010000
00214000
00000000
0a2aa8a8
fffff7ff
f7fddf57
22048ac0

194c0548
3bfeafa8
94000057
2aaafaa8
ffaaffa8
00000000
ff757f57
d5757557
000080a8
f7fdd557
e4c8ce04

11474504
11514504
00000000
40100400
00000000
00000000
00000000
08000000
00000000
22aa8808
228a8e08

2aaaaaec
c0000047
00050000
00000000
d5555557
c84d9500
2aaaaaa8
00040100
00080000
00000e88
d55555df

2228ae24
eaaeeaef
ffffffff
d5551057
2abbaafe
000c0000
d5f354ff
2aaa80a8
ffffffff
d55ddfdf
1314199b

00c004c4
eaaeeaef
d4400057
01001000
ca041501
c8419500
08008000
02200000
288080a8
d55551df
00804848

0840000c
00044044
00000000
2abaaaa8
3feaeaa8
00000000
f75d7f57
d1555557
00020000
00000088
c6c1000c

2b05ab44
20000044
c4045057
e4541053
00000000
00000000
00000000
288828a0
080020a8
42800208
d50a5888

2baeabac
ea2feaef
eeaefaff
c4541457
d5555557
00490000
2aaaaaa8
288a28a8
ddd575ff
d7dfd75f
d75d59dd

01464544
0a2eeaec
00000000
00000000
01beaaff
00490000
d1f655fd
00010002
00000000
97d5c55f
008c0808

01ec41ac
c0040047
00000000
00000404
0a8920a8
00000000
04485454
00020008
00801000
02800008
02d9015d

10054040
d1500903
c4000057
fd6133ff
dcc2fda8
00000000
2e45ba54
ffb32bfd
088028a8
21200e80
20028280

10044400
fbffebab
eeeeeeff
fd637fff
09c221e8
3ff373fc
06c112d4
ffbf2fff
dddd7dff
f57fdfd7
22008a80

3a446640
fbfee7ab
00000000
00004c00
00001000
00010020
c0008083
00080002
00000000
f47559d7
f1808f00

3ae6eaa8
d1544503
00444400
00020000
d5555557
fffdefff
2aaaaaa8
00040400
00080000
20200880
f7d5c757

11044140
11500500
00001000
282222a8
00000000
00000000
00000000
d5151177
00000000
22a00a00
2000ca80

11a641a8
3bfcefa8
0aaabaa8
286b3aa8
00550057
00f400df
00aa0028
d51f5177
d555d597
f7fddf57
22548ad7

11444540
1bfcefa8
00000000
00400800
02000280
00000000
01000140
000a4000
00000000
f7f5dd17
24800a00

1144c900
11540500
00000000
00091000
d5004500
ff08ef00
2a002a00
00000000
00008080
22a00800
22810200

00220060
00000040
01000000
00000000
00001000
00005000
00000000
00000000
02000200
00000000
11112113

0aaa6ae8
2aaaeae8
ffffffff
eebfbebb
ffffffff
0000f000
ffffffff
dd7f5d77
ffffffff
d555f557
d555f557

11004140
fbaaebeb
c4551457
c4551417
2affaaff
00008000
d5ff55ff
08aaa8a8
0aaa28a8
f7557557
22002000

198809c8
d1001143
c4551457
c4555417
00004000
00002000
00008800
0aaaa8a8
0aaaa8a8
22002000
e6442444

02002200
00000000
00000000
00004000
d5000500
00000000
2a002200
02000000
00000000
00000000
00005000

20224220
2aaaeaa8
2aaaaaa8
2aaaaaa8
2aaaeaa8
0000a000
f755f557
d5555557
d555d557
d555f557
1011d113

3baaeba8
3baaeba8
d4551417
c4555657
fffffdff
2200e000
ffffffbf
08a2a8a8
08aaa8a8
f755f557
f755d557

13000100
11001100
d4555417
c4555457
00550057
00000000
00aa00a8
0aaaa8e8
0aaaa8a8
2200a000
22008000

08c8a8cc
00400044
00004000
00000000
00000000
22004000
00040800
02000000
02000000
00000008
c544244c

00404044
2aeaeaec
2aaaaaa8
2aaaaaa8
ffaabfa8
00000000
dd555757
d5555557
d5555557
d555f55f
0000a008

3162e364
fbeaebef
00000000
00000000
00000000
00000000
00000000
00080000
00000000
f755f55f
3311a11b

39eaabec
d1401147
00000000
00000000
d5555557
00000000
2aaaaaa8
00000000
00000000
22002008
f755355f

00401004
00400004
00000000
00000000
2affaaff
00000000
d5fb55ff
00000000
00000000
00000008
00002008

08c8588c
2aeaeaac
ffffffff
c5555417
00000000
00000000
00000800
0aaaa8a8
ffffffff
d555f55f
c444b44c

11405104
3beaebac
c5515417
2aaaaaa8
ffaaffa8
00000000
ff55f757
d7555557
08aaa8a8
f755f55f
2200a008

33621324
11401104
00040000
00000000
00000000
00002000
00002000
80000000
00000000
22002008
3311611b

2aaa8ae8
c0000043
00000000
01000000
d5555557
0400a000
2aaaaaa8
00000000
00000008
00000000
d5555557

00001040
eaaabaeb
ffffffff
c5555417
2affeaff
00000000
55ff55ff
08aaa8a8
ffffffff
d7557557
02003000

0988d8c8
ebaafaeb
c4551417
00004000
04000000
04008000
01008800
00000000
08aaa8a0
d755f557
c644a444

01000040
c1000043
00000000
2aaaaaa8
f9aabfa8
00000000
ff555757
d5555557
00000000
00000000
00000000

2a00e040
00004040
c4550517
d5550557
00001000
00005000
00000000
08aa08a8
28aa08a8
0000c000
d510d100

2aaaf8e8
2aaafae8
ffffefbf
d5550557
d5555517
00005000
2aaaaaa8
08aa28a8
ffff7dff
d755f557
d755f557

01005040
ebaafaeb
11004000
00000000
28ffaabf
00000000
d4ff55ff
00000000
02000000
d755b557
0200a000

012a00e8
01000040
00000000
00000000
08aa48a8
00000000
14554d54
00002000
00002000
00000000
00450057

00800840
c0000043
d5550557
ddf7fdf7
ffaa8da8
00000000
3f55a754
ceff1fbf
08aa08a8
00000000
00000000

00001040
eaaabaeb
ffffafff
dff7fff7
09ea29e8
3eff5ffc
17d507d4
ceff5fbf
ddff7dff
d7557557
02002400

2b00f240
ebaafaeb
00000000
02000000
00010000
00000000
c0080003
00004000
00000000
d755f557
d700f500

2baaaae8
c1000043
00000000
00000200
d5555557
ffffffff
2aaaaaa8
00000000
00002000
00000000
d5555557

00005040
00004040
00014000
08a2aaa0
00004000
00000000
00000000
c4551517
00080000
00008000
00008000

00aa50e8
2aaaeae0
2aabeaa8
0aa2aaa0
00540057
00ff00ff
00a200a8
c4555517
d55d5557
d655f557
0255a057

01005840
2baafae0
00000000
02000000
02800280
00000800
01400140
00004000
00000000
d655f557
0200a000

01000040
01000040
00000000
00000000
d5001500
ff00f700
2a00aa00
00000000
00000000
00000000
00000000

22220220
00000000
00000000
00000000
00000014
00008004
00008000
00000000
00000000
00000000
11110113

3ffffffc
2aaaaaa8
ffffffff
ffffffff
ffffffff
00008004
ffffffff
ffffffff
ffffffff
d5557557
ffffffff

00000000
eaaaaaab
d4555417
d4551417
2affaaeb
00000000
d5ff75ff
28aaa828
2aaaa8a8
d5557557
00000000

08888888
c0000003
d4555417
d4551417
00004000
00000000
00000000
28aaa828
2aaaa8a8
00000000
c4445444

01002000
15555554
00000000
00000000
d5001500
00000000
2a000a00
00000000
00000000
082a0820
22000200

3677f774
2aaaaaa8
2aaaaaa8
2aaaaaa8
2aaabab8
00001000
d5555557
d5555557
d5555557
dd7f5d77
19bba9bb

2aaaaaa8
ebaaaaab
d4551417
d4551417
ffffffff
00001000
ffffffff
28aaa828
28aaa828
d5555557
d5550557

041504d0
14555554
d4551417
d4555417
00550047
00000000
00aa00a8
28aaa828
28aaa828
00000000
08aa08a8

0c9d0c18
11405144
00000000
00000000
00000000
00000000
00002000
00000000
00000000
00000000
cc6e0c64

00000000
fbeafbef
2aaaaaa8
2aaaeaa8
ffaaefa8
00000000
ff55df57
d5555557
d5555557
ffffffff
00000000

22220260
eaaaaaab
00000000
00000000
00000010
00000000
00000000
00000000
00000000
d5555557
1191019b

2eff8efc
00000000
00000000
00000000
d5555557
00000000
2aaaaaa8
00000000
00000000
00000000
fdfffdff

15555554
15550554
00000000
00000000
2affaaef
00000000
d5ff55ff
00000000
00000000
02000000
2aaabaa8

08888888
ffffffff
ffffffff
d4551457
00000020
00000000
00000040
28aaa8a8
ffffffff
fdffffff
c4440444

00005000
2aaafaa8
d4551457
2aaaaaa8
ffaaffa8
00000000
ff55ff57
d5555577
28aaa888
d5555557
00004000

33228320
00000000
00000000
00000000
00000010
00000000
00000000
00000000
00000000
00000000
13114317

3effdefc
d5550557
00000000
00000000
d5555557
00005000
2aaaaaa8
00000000
00000000
00000000
fdff7dff

11400144
ffffefff
ffffffff
d4551417
2affaacf
00000000
d5ff55bf
28aaa828
ffffffff
d5555557
22800288

08880888
eaaaeaab
d4551417
00000000
00005080
00005000
00002000
00000000
28aaa828
d5557557
c4040440

15555554
00000000
00000000
2aaaaaa8
ffaaafa8
00000000
ff55df57
d5555557
00000000
00002000
2aeabaa8

2a00aa00
15554554
d5551517
d5155553
00000000
00008080
00008000
2aaa8a28
28aa8aa8
2aaaaaa8
d5005500

2aaaaaa8
3ffffffc
ffffbfff
d5555557
d5555557
00008080
2aaaaa28
2aaaaa28
ffffffff
ffffffff
d5555547

15555554
2aaabaa8
00000040
00400004
2affaa7f
00000000
d5ff517f
00002400
00002000
d5555557
2aaaaaa8

15ff55fc
c0000003
00000000
00000000
02800288
00000000
01000100
00000000
02000000
00000000
2affaaef

00000000
d5550557
d5555557
fdffef7f
d7007700
00000000
2b002b40
ffffbfaf
2aaa8aa8
2aaa8aa8
2aaa8aa8

00000000
ffffefff
ffffffff
fdffff7f
06d526dc
03802348
01000140
ffffbfbf
ffffffff
ffffffff
00000000

3f55ff54
eaaaeaab
00000000
00000000
00000000
00000000
c0000003
00000010
00002000
d5557557
ffaaffa8

2aaaaaa8
c0000003
00000000
00001000
d5555547
ffffffef
2aaaaaa8
00000000
00000000
00000000
d5555547

00000000
15550554
00000000
28aaaa28
00000000
00000000
00000000
d5551507
00000000
2aaa2aa8
00000000

15ff55fc
3ffffffc
2aaeaaa8
28aaaa28
02d102c7
00ff00ef
00aa00a8
d5551517
d5555557
ffffffff
2affaaef

15555554
eaaafaab
00040000
00000000
00000000
00000000
00000000
00000010
00000000
d555d557
2aaaaaa8

05555554
00000000
00000000
00000000
d5045500
ff00ff00
2a00aa00
00000000
00000000
00000000
08aa08a8

00000000
00000000
01000000
00000000
00000000
00000000
00000000
00000000
02000000
00002080
00002080

2baaaaa8
2aaaaaa8
ffffffff
eebffebb
ffffffff
00002000
ffffffff
dd7fdd77
ffffffff
d75577d7
d75555d7

22227220
ebaaaaab
d5551557
d5555557
2afd2aff
00002000
d5fb44ff
28aabaa8
28aa22a8
d55575d7
11113193

01000000
c1000003
d5555557
d557d557
00000000
00000000
00000000
2aaeaba8
2aaaaaa8
02002280
02006080

08888888
00000000
00000000
00000000
d5005500
00000000
2a00aa00
02000000
02000000
00002000
c44424c4

01000000
2aaaaaa8
2aaaeaa8
2aaaaaa8
2aaaaaa8
00000000
d5555557
d5555557
d555dd57
d7557757
02000080

2aaabaa8
2baaaaa8
d5551557
d554d557
ffff7fff
00000000
ffffffff
28aaaaa8
28aaaaa8
d5557557
d55575d7

23222220
01000000
d5555557
d5555557
00550057
00000000
00aa00a8
2aaaaaa8
2aaaaaa8
02002200
13113183

00004000
00004000
00000000
00000000
00000000
00000000
00000000
02000000
02000000
00808080
0000e0c0

0988c888
eaaaeaab
2aaaaaa8
2aaaaaa8
ffaaffa8
00000000
ff55ff57
d5555557
d5555557
d7d5d7d7
c6448494

00007000
ebaaaaab
00004000
00010000
00000000
00000000
02000000
00000000
00000000
d5d5d5d7
0000a080

2baaeaa8
01004000
00000000
00000000
d5555557
02001000
2aaaaaa8
00000000
00000000
02808280
d755f5d7

22224220
00005000
00000000
00000000
2affaaff
00001000
d5ff55ff
00000000
00000000
0080a000
1111a193

0100c000
2aaafaa8
ffffffff
d5555557
00001000
02000000
00000000
2aaaaaa8
ffffffff
d7d5f757
02008080

08885888
2baafaa8
d5555557
2aaaaaa8
ffaaefa8
00000000
fd55ff57
d7555557
28aaaaa8
d5d5f557
c444f4c4

01004000
01005000
00000000
00000000
00000000
00000000
00000000
00000000
00000000
0280a200
0200a080

2aaaaaa8
c0000003
00000000
00000400
d5555557
00002010
2aaaaaa8
00000000
00000000
00000080
d55555d7

23222220
eaaaaaab
ffffffff
d5555557
2affaaef
00002010
d5ff55ff
2aaaaaa8
ffffffff
d75557d7
13111193

00001000
ebaaaaab
d5555157
00000000
00000000
00000000
00000000
02000000
28aaaaa8
d55555d7
00004080

09888888
01000000
00000000
2aaaaaa8
ffaaffb8
00000000
ff55ff57
d5555557
00000000
02000280
c64404c4

2a002a00
00000000
d4550457
dc554457
00000000
00000000
00000000
28aa08a8
2aaa08a8
00000000
d5004580

2baa2aa8
eaaaaaab
feffaeff
d4554457
d5555557
0800d800
2aaaaaa8
2aaa08b8
ffff5dff
d7555357
d75545d7

00004000
2baaaaa8
00000000
00000000
22ffaaff
00000000
d5ff55ef
02000000
00000000
d5555157
00000080

01aa00a8
c1000003
00000000
00000000
2aaa5aa8
0800d800
1c55dd54
00000000
00000000
02000200
025500d7

00005000
c0005003
d4550457
fdff2eff
fdaa0fa8
00000000
37552754
fdfe2dff
28aa08a8
0080a080
0000a080

01005000
eaaafaab
feffaeff
fdffaeff
29ea8be8
3fff6ffc
16d507d4
fdfe3dff
fdff5dff
d7d5f7d7
0200a080

2a00fa00
ebaaeaab
00000000
00008000
00000100
00000000
c0000803
00001000
00000000
d5d5f5d7
d500f480

2ba8faa8
c1005003
00000000
00000000
d5515557
ffffffff
2aaaaaa8
00000000
00000000
0280a280
d755f4d7

00005000
00005000
00000100
28a8aaa8
00000000
00000000
00008000
d5541457
00000800
0080a000
0000a080

01a850a8
2aaafaa8
2aaaaba8
28aaaaa8
00510057
00ff00ff
00aa00a8
d5541557
d5555d57
d7d5f757
0255a0d7

00005000
2baabaa8
00000000
00020000
02800280
00000000
01400140
00000100
00000000
d5d5f557
0000a080

01005000
01005000
00000000
00000000
d5005400
ff00ff00
2a002200
00000000
00000000
0280a200
0200a080

00000000
00000000
00000040
00000000
00000000
00000000
00000000
00000000
00000000
00000000
00000000

2aaaaaa8
2aaaaaa8
ffffffff
ffffffaf
ffffffff
00000000
ffffffff
ffefffff
ffffffff
d5555557
d5555557

23622360
ffffffaf
d5550557
d5555557
2affaaff
00000000
d5ef55ff
20aaaaa8
22aa2aa8
fd7ffd7f
11111113

01400140
d5555507
d5555557
d5555557
00000000
00000000
00000000
22aaaaa8
22aaaaa8
282aa828
00000000

08888888
00000000
00001000
00000000
d5005500
00000000
2a00aa00
02000000
00000000
00000000
c4444444

00000000
2aaaaaa8
2aaaeaa8
2aaaaaa8
2aaaaaa8
00008000
d555d557
d5555557
d555d557
d5555557
00000000

2beaabe8
ffffffaf
d5555553
d5551557
ffffffff
00008000
ffffffff
20aaaaa8
20aaaaa8
fd7ffd7f
d5555557

22220220
00000000
d5555553
d5555557
00550057
00000000
00aa00a8
22aaaaa8
22aaaaa8
00000000
11111113

00000000
00000000
00000000
00000000
00000020
00000000
00000000
02000000
02000000
00000000
00000040

0888a888
2aaaaaa8
2aaaaaa8
2aaaaaa8
ffaaffa8
00000000
ff517f57
d5555557
d5555557
d5555557
c4444404

01400140
ffffffbf
00000000
00004000
00001000
00001080
00000080
00000000
00000000
fd7ffd7f
00000000

2beaabe8
d5555557
00000000
00000000
d5555557
00001080
2aaaaaa8
00000000
00000000
282aa828
d5555557

22222200
00000040
00000000
00000000
2affaadf
00000000
d5fb557f
00000000
00000000
00000000
11111113

00000000
2aaaaaa8
ffffffff
d5555557
00000020
00000000
00000000
22aaaaa8
ffffffff
d5555557
00000040

09c889e8
ffffffaf
d5555557
2aaaaaa8
ffaaefa8
00000000
ff55ff57
d7555557
20aaaa88
fd7ffd7f
c4444404

00000000
00000000
00000000
00000000
00000000
00008000
00008000
00000020
00000000
00000000
00000000

2bea2be8
d5555557
00000400
00000040
d5555557
00008000
2aaaaaa8
00000000
00000000
282aa828
d5555557

23620360
ffffffff
ffffffff
d5155557
2affaadf
00000000
d5ff55ff
2aaaaaa8
ffffffff
fd7ffd7f
11111113

01402140
ffffffef
d5115117
00000000
00000000
00000000
00000000
02000000
28aaaaa8
fd7ffd7f
00000040

09c809c8
d5555557
00040000
2aaaaaa8
ffaaffa8
00000000
ff557f17
d5555557
00000000
282aa828
c4444404

2a00aa00
00000010
d5555507
dd555507
00100000
00000000
00000000
22aaaaa8
28aaaaa8
00000000
d5005500

2aaaaaa8
2aaaaaa8
ffffffaf
d5555507
d5555557
0000d000
2aaaaaa8
22aaaaa8
fdffffff
d5155157
d5555557

00000000
2aaaaac8
00000020
00000000
22efbaff
00000000
d5ff55be
00000001
00000000
d5155157
00000000

00aa00a8
00000000
00000000
00000000
08004000
0000d000
00008000
00000000
00000000
00000000
00550057

01400140
d5555557
d5551507
f5ffafaf
dd000500
00000000
2a002a00
f7ffbbff
22aaaaa8
202aa828
00000000

01400140
ffffffaf
ffffffaf
f5ffafaf
08000000
00000000
00000000
f7ffbbff
f7ffffff
fd7ffd7f
00000000

2b408b40
ffffffbf
00000000
00000000
22aaaaa8
00000000
d5575507
00000000
00000000
fd7ffd7f
d5005500

2beaabe8
d5555557
00004000
00000000
d5555557
ffffffff
2aaaaaa8
00000000
00000000
282aa828
d5555557

00000000
00000040
00000000
20aaaaa8
00000000
00000000
00000000
d5551157
00000000
00000000
00000000

00aa00a8
22aaaaa8
2aaaaa28
20aaaaa8
00550057
00ff00ff
00a800a8
d5551157
d5575557
d5555557
00550057

01402140
f7ffff7f
00000000
00000000
00000000
00000000
00000000
00000000
00000000
fd7ffd7f
00000000

00000000
00000050
00000000
00000000
d5005500
ff00ff00
2a00aa00
00000000
00020000
00000000
00000000

