net 4: (6 0)->(7 1) 0 3 0 0 #timing (3 3) ps polarity 1
net 4: (7 1)->(5 3) 1 3 0 0 #timing (156 131) ps polarity 0
net 4: (5 3)->(5 7) 3 1 0 0 #timing (497 490) ps polarity 0
net 4: (5 7)->(9 7) 4 5 0 0 #timing (850 800) ps polarity 0
net 4: (9 7)->(9 7) 1 0 0 1 #timing (999 1021) ps  polarity 1
net 4: (9 7)->(8 7) 0 2 0 1 #timing (1167 1127) ps  polarity 0
net 8: (27 12)->(27 12) 0 0 0 0 #timing (661 661) ps polarity 0
net 8: (27 12)->(25 14) 1 3 0 0 #timing (810 788) ps polarity 1
net 8: (25 14)->(27 12) 1 3 0 1 #timing (1161 1080) ps  polarity 0
net 8: (27 12)->(26 12) 0 2 0 1 #timing (1199 1323) ps  polarity 1
net 9: (7 0)->(7 0) 0 0 0 0 #timing (1 1) ps polarity 1
net 9: (7 0)->(5 2) 1 3 0 0 #timing (144 126) ps polarity 0
net 9: (5 2)->(5 2) 5 0 1 0 #timing (252 316) ps polarity 1
net 9: (5 2)->(5 10) 5 1 0 1 #timing (586 657) ps  polarity 0
net 9: (5 10)->(5 14) 3 1 0 1 #timing (1081 906) ps  polarity 0
net 9: (5 14)->(5 12) 1 1 0 1 #timing (1227 1045) ps  polarity 1
net 9: (5 12)->(4 13) 0 3 0 1 #timing (1200 1382) ps  polarity 0
net 10: (5 15)->(4 14) 0 3 0 0 #timing (702 702) ps polarity 1
net 10: (4 14)->(4 14) 1 0 0 0 #timing (793 792) ps polarity 0
net 10: (4 14)->(4 12) 1 1 0 1 #timing (1043 996) ps  polarity 1
net 10: (4 12)->(4 13) 0 1 0 1 #timing (1127 1182) ps  polarity 0
net 10: (4 14)->(4 18) 3 4 0 0 #timing (1141 1063) ps polarity 0
net 10: (4 18)->(0 18) 4 2 0 0 #timing (1442 1333) ps polarity 0
net 10: (0 18)->(0 18) 5 0 0 0 #timing (1571 1482) ps polarity 1
net 10: (0 18)->(16 18) 13 2 0 0 #timing (2106 2069) ps polarity 0
net 10: (16 18)->(16 3) 13 1 1 0 #timing (2743 2684) ps polarity 1
net 10: (16 3)->(1 3) 13 2 1 0 #timing (3338 3301) ps polarity 0
net 10: (1 3)->(9 11) 5 3 0 1 #timing (4054 3998) ps  polarity 0
net 10: (9 11)->(9 9) 1 1 0 1 #timing (4263 4186) ps  polarity 0
net 10: (9 9)->(9 9) 0 0 0 1 #timing (4302 4391) ps  polarity 1
net 10: (9 9)->(9 8) 0 1 0 1 #timing (4272 4372) ps  polarity 1
net 10: (4 14)->(4 14) 5 0 0 0 #timing (894 911) ps polarity 1
net 10: (4 14)->(12 6) 5 3 0 1 #timing (1558 1566) ps  polarity 1
net 10: (12 6)->(16 6) 4 5 0 1 #timing (1926 1877) ps  polarity 0
net 10: (16 6)->(16 6) 1 0 1 1 #timing (2114 2041) ps  polarity 1
net 10: (16 6)->(17 6) 0 2 0 1 #timing (2137 2213) ps  polarity 0
net 11: (4 14)->(4 14) 0 0 0 0 #timing (163 163) ps polarity 1
net 11: (4 14)->(6 12) 1 3 0 0 #timing (339 302) ps polarity 0
net 11: (6 12)->(6 8) 3 1 0 0 #timing (617 637) ps polarity 0
net 11: (6 8)->(10 8) 4 5 0 0 #timing (966 943) ps polarity 0
net 11: (10 8)->(8 8) 1 2 0 1 #timing (1191 1170) ps  polarity 1
net 11: (8 8)->(9 8) 0 2 0 1 #timing (1313 1323) ps  polarity 0
net 11: (8 8)->(9 9) 0 3 0 1 #timing (1290 1310) ps  polarity 0
net 11: (6 8)->(6 8) 5 0 1 0 #timing (748 780) ps polarity 1
net 11: (6 8)->(14 0) 5 3 0 1 #timing (1379 1415) ps  polarity 1
net 11: (14 0)->(18 0) 4 5 0 1 #timing (1786 1711) ps  polarity 0
net 11: (18 0)->(18 4) 3 1 0 1 #timing (2103 1961) ps  polarity 0
net 11: (18 4)->(16 4) 1 2 0 1 #timing (2280 2117) ps  polarity 1
net 11: (16 4)->(16 5) 0 1 0 1 #timing (2223 2403) ps  polarity 0
net 12: (9 7)->(9 6) 0 1 0 0 #timing (360 360) ps polarity 0
net 12: (9 6)->(11 4) 1 3 0 0 #timing (581 533) ps polarity 1
net 12: (11 4)->(9 6) 1 3 0 1 #timing (916 812) ps  polarity 0
net 12: (9 6)->(8 7) 0 3 0 1 #timing (1006 1118) ps  polarity 1
net 12: (11 4)->(15 4) 4 2 0 0 #timing (863 911) ps polarity 1
net 12: (15 4)->(15 6) 1 1 0 1 #timing (1155 1067) ps  polarity 0
net 12: (15 6)->(14 6) 0 2 0 1 #timing (1208 1303) ps  polarity 1
net 12: (15 4)->(15 4) 5 0 0 0 #timing (982 1046) ps polarity 0
net 12: (15 4)->(15 20) 13 1 0 0 #timing (1713 1515) ps polarity 1
net 12: (15 20)->(31 20) 13 2 0 0 #timing (2206 2295) ps polarity 0
net 12: (31 20)->(31 5) 13 1 1 0 #timing (2998 2807) ps polarity 1
net 12: (31 5)->(23 5) 5 2 0 1 #timing (3559 3328) ps  polarity 0
net 12: (23 5)->(19 5) 4 2 0 1 #timing (3833 3574) ps  polarity 0
net 12: (19 5)->(19 7) 1 1 0 1 #timing (4071 3776) ps  polarity 1
net 12: (19 7)->(18 6) 0 3 0 1 #timing (3910 4214) ps  polarity 0
net 12: (15 4)->(30 4) 13 2 1 0 #timing (1679 1493) ps polarity 1
net 12: (30 4)->(22 12) 5 3 0 1 #timing (2448 2243) ps  polarity 1
net 12: (22 12)->(26 12) 4 5 0 1 #timing (2490 2701) ps  polarity 0
net 12: (26 12)->(26 16) 3 4 0 1 #timing (2760 2930) ps  polarity 0
net 12: (26 16)->(24 18) 1 3 0 1 #timing (2906 3067) ps  polarity 1
net 12: (24 18)->(24 18) 0 0 0 1 #timing (3210 3060) ps  polarity 0
net 12: (30 4)->(30 20) 13 1 0 0 #timing (2151 2236) ps polarity 0
net 12: (30 20)->(30 20) 5 0 0 1 #timing (2387 2482) ps  polarity 0
net 12: (30 20)->(26 20) 4 2 0 1 #timing (2724 2769) ps  polarity 1
net 12: (26 20)->(26 24) 3 4 0 1 #timing (3013 2996) ps  polarity 1
net 12: (26 24)->(26 24) 1 0 1 1 #timing (3119 3104) ps  polarity 0
net 12: (26 24)->(26 24) 0 0 0 1 #timing (3234 3237) ps  polarity 1
net 12: (11 4)->(11 4) 5 0 0 0 #timing (657 752) ps polarity 0
net 12: (11 4)->(11 21) 13 1 1 0 #timing (1413 1187) ps polarity 1
net 12: (11 21)->(26 21) 13 2 1 0 #timing (1870 1996) ps polarity 0
net 12: (26 21)->(26 5) 13 1 0 0 #timing (2717 2483) ps polarity 1
net 12: (26 5)->(18 5) 5 2 0 1 #timing (3184 2925) ps  polarity 0
net 12: (18 5)->(14 5) 4 5 0 1 #timing (3487 3180) ps  polarity 0
net 12: (14 5)->(14 1) 3 1 0 1 #timing (3815 3434) ps  polarity 0
net 12: (14 1)->(14 1) 1 0 1 1 #timing (3912 3535) ps  polarity 1
net 12: (14 1)->(14 1) 0 0 0 1 #timing (3672 4034) ps  polarity 0
net 14: (29 12)->(29 12) 0 0 0 0 #timing (661 661) ps polarity 1
net 14: (29 12)->(31 14) 1 3 0 0 #timing (813 789) ps polarity 0
net 14: (31 14)->(31 10) 3 1 0 1 #timing (1299 1172) ps  polarity 0
net 14: (31 10)->(29 10) 1 2 0 1 #timing (1434 1301) ps  polarity 1
net 14: (29 10)->(29 11) 0 1 0 1 #timing (1428 1578) ps  polarity 0
net 14: (31 10)->(29 8) 1 3 0 1 #timing (1467 1323) ps  polarity 1
net 14: (29 8)->(28 8) 0 2 0 1 #timing (1473 1638) ps  polarity 0
net 15: (28 12)->(28 12) 0 0 0 0 #timing (704 704) ps polarity 1
net 15: (28 12)->(30 14) 1 3 0 0 #timing (837 819) ps polarity 0
net 15: (30 14)->(30 10) 3 1 0 1 #timing (1321 1197) ps  polarity 0
net 15: (30 10)->(28 10) 1 2 0 1 #timing (1477 1338) ps  polarity 1
net 15: (28 10)->(28 11) 0 1 0 1 #timing (1463 1620) ps  polarity 0
net 15: (30 10)->(28 8) 1 3 0 1 #timing (1518 1363) ps  polarity 1
net 15: (28 8)->(28 8) 0 0 0 1 #timing (1482 1665) ps  polarity 0
net 16: (29 13)->(29 13) 0 0 0 0 #timing (762 762) ps polarity 1
net 16: (29 13)->(31 15) 1 3 0 0 #timing (905 879) ps polarity 0
net 16: (31 15)->(29 15) 1 2 0 1 #timing (1195 1135) ps  polarity 1
net 16: (29 15)->(29 14) 0 1 0 1 #timing (1257 1337) ps  polarity 0
net 16: (31 15)->(31 11) 3 1 0 0 #timing (1185 1204) ps polarity 0
net 16: (31 11)->(29 9) 1 3 0 1 #timing (1476 1433) ps  polarity 1
net 16: (29 9)->(28 8) 0 3 0 1 #timing (1584 1645) ps  polarity 0
net 17: (28 13)->(28 13) 0 0 0 0 #timing (680 680) ps polarity 1
net 17: (28 13)->(30 15) 1 3 0 0 #timing (822 802) ps polarity 0
net 17: (30 15)->(28 15) 1 2 0 1 #timing (1116 1068) ps  polarity 1
net 17: (28 15)->(28 14) 0 1 0 1 #timing (1181 1243) ps  polarity 0
net 17: (30 15)->(30 11) 3 1 0 0 #timing (1102 1126) ps polarity 0
net 17: (30 11)->(28 9) 1 3 0 1 #timing (1406 1364) ps  polarity 1
net 17: (28 9)->(28 8) 0 1 0 1 #timing (1492 1556) ps  polarity 0
net 18: (29 15)->(29 15) 0 0 0 0 #timing (686 686) ps polarity 1
net 18: (29 15)->(31 13) 1 3 0 0 #timing (857 824) ps polarity 0
net 18: (31 13)->(29 15) 1 3 0 1 #timing (1180 1088) ps  polarity 1
net 18: (29 15)->(29 15) 0 0 0 1 #timing (1216 1345) ps  polarity 0
net 18: (29 15)->(28 14) 0 3 0 0 #timing (702 703) ps polarity 1
net 18: (28 14)->(28 12) 1 1 0 0 #timing (834 821) ps polarity 0
net 18: (28 12)->(28 8) 3 1 0 1 #timing (1302 1175) ps  polarity 0
net 18: (28 8)->(28 8) 1 0 1 1 #timing (1399 1277) ps  polarity 1
net 18: (28 8)->(29 9) 0 3 0 1 #timing (1393 1508) ps  polarity 0
net 19: (28 15)->(29 15) 0 2 0 0 #timing (738 738) ps polarity 1
net 19: (29 15)->(29 15) 1 0 0 0 #timing (816 819) ps polarity 0
net 19: (29 15)->(29 11) 3 1 0 0 #timing (1083 1038) ps polarity 0
net 19: (29 11)->(29 9) 1 1 0 1 #timing (1335 1244) ps  polarity 1
net 19: (29 9)->(29 9) 0 0 0 1 #timing (1380 1478) ps  polarity 0
net 19: (28 15)->(29 14) 0 3 0 0 #timing (743 743) ps polarity 1
net 19: (29 14)->(29 14) 1 0 0 0 #timing (830 831) ps polarity 0
net 19: (29 14)->(29 14) 1 0 1 1 #timing (1034 1002) ps  polarity 1
net 19: (29 14)->(28 15) 0 3 0 1 #timing (1148 1158) ps  polarity 0
net 20: (29 16)->(29 16) 0 0 0 0 #timing (637 637) ps polarity 1
net 20: (29 16)->(31 18) 1 3 0 0 #timing (781 760) ps polarity 0
net 20: (31 18)->(29 16) 1 3 0 1 #timing (1089 1023) ps  polarity 1
net 20: (29 16)->(29 16) 0 0 0 1 #timing (1140 1234) ps  polarity 0
net 20: (29 16)->(28 17) 0 3 0 0 #timing (653 653) ps polarity 1
net 20: (28 17)->(28 17) 1 0 0 0 #timing (739 740) ps polarity 0
net 20: (28 17)->(28 13) 3 4 0 0 #timing (1013 968) ps polarity 0
net 20: (28 13)->(28 9) 3 1 0 1 #timing (1460 1299) ps  polarity 0
net 20: (28 9)->(28 9) 1 0 1 1 #timing (1557 1401) ps  polarity 1
net 20: (28 9)->(29 9) 0 2 0 1 #timing (1512 1664) ps  polarity 0
net 21: (28 16)->(28 16) 0 0 0 0 #timing (649 649) ps polarity 1
net 21: (28 16)->(30 18) 1 3 0 0 #timing (793 773) ps polarity 0
net 21: (30 18)->(28 16) 1 3 0 1 #timing (1114 1049) ps  polarity 1
net 21: (28 16)->(28 16) 0 0 0 1 #timing (1167 1262) ps  polarity 0
net 21: (28 16)->(29 16) 0 2 0 0 #timing (658 658) ps polarity 1
net 21: (29 16)->(29 16) 1 0 0 0 #timing (735 738) ps polarity 0
net 21: (29 16)->(29 12) 3 4 0 0 #timing (979 941) ps polarity 0
net 21: (29 12)->(29 8) 3 1 0 1 #timing (1437 1286) ps  polarity 0
net 21: (29 8)->(29 8) 1 0 1 1 #timing (1533 1388) ps  polarity 1
net 21: (29 8)->(29 9) 0 1 0 1 #timing (1537 1660) ps  polarity 0
net 22: (29 18)->(29 18) 0 0 0 0 #timing (661 661) ps polarity 1
net 22: (29 18)->(29 18) 1 0 0 0 #timing (734 739) ps polarity 0
net 22: (29 18)->(29 14) 3 4 0 0 #timing (988 944) ps polarity 0
net 22: (29 14)->(29 10) 3 1 0 1 #timing (1407 1268) ps  polarity 0
net 22: (29 10)->(29 8) 1 1 0 1 #timing (1553 1403) ps  polarity 1
net 22: (29 8)->(29 8) 0 0 0 1 #timing (1560 1706) ps  polarity 0
net 22: (29 18)->(31 16) 1 3 0 0 #timing (846 807) ps polarity 0
net 22: (31 16)->(29 16) 1 2 0 1 #timing (1140 1059) ps  polarity 1
net 22: (29 16)->(29 17) 0 1 0 1 #timing (1185 1284) ps  polarity 0
net 23: (28 18)->(28 18) 0 0 0 0 #timing (704 704) ps polarity 1
net 23: (28 18)->(30 16) 1 3 0 0 #timing (897 853) ps polarity 0
net 23: (30 16)->(28 16) 1 2 0 1 #timing (1174 1098) ps  polarity 1
net 23: (28 16)->(28 17) 0 1 0 1 #timing (1225 1315) ps  polarity 0
net 23: (30 16)->(30 12) 3 4 0 0 #timing (1129 1173) ps polarity 0
net 23: (30 12)->(30 8) 3 1 0 1 #timing (1559 1502) ps  polarity 0
net 23: (30 8)->(28 8) 1 2 0 1 #timing (1715 1643) ps  polarity 1
net 23: (28 8)->(29 8) 0 2 0 1 #timing (1766 1849) ps  polarity 0
net 24: (29 19)->(29 19) 0 0 0 0 #timing (762 762) ps polarity 1
net 24: (29 19)->(31 17) 1 3 0 0 #timing (926 891) ps polarity 0
net 24: (31 17)->(31 21) 3 1 0 1 #timing (1337 1224) ps  polarity 0
net 24: (31 21)->(29 21) 1 2 0 1 #timing (1483 1359) ps  polarity 1
net 24: (29 21)->(29 20) 0 1 0 1 #timing (1479 1621) ps  polarity 0
net 24: (31 17)->(31 13) 3 4 0 0 #timing (1179 1205) ps polarity 0
net 24: (31 13)->(31 9) 3 1 0 1 #timing (1615 1542) ps  polarity 0
net 24: (31 9)->(29 9) 1 2 0 1 #timing (1751 1670) ps  polarity 1
net 24: (29 9)->(29 8) 0 1 0 1 #timing (1795 1902) ps  polarity 0
net 25: (28 19)->(28 19) 0 0 0 0 #timing (680 680) ps polarity 1
net 25: (28 19)->(30 17) 1 3 0 0 #timing (863 825) ps polarity 0
net 25: (30 17)->(30 21) 3 1 0 1 #timing (1284 1167) ps  polarity 0
net 25: (30 21)->(28 21) 1 2 0 1 #timing (1449 1316) ps  polarity 1
net 25: (28 21)->(28 20) 0 1 0 1 #timing (1430 1577) ps  polarity 0
net 25: (30 17)->(30 17) 5 0 1 0 #timing (950 1034) ps polarity 1
net 25: (30 17)->(30 1) 13 1 0 0 #timing (1669 1464) ps polarity 0
net 25: (30 1)->(30 9) 5 1 0 1 #timing (2141 1912) ps  polarity 1
net 25: (30 9)->(28 9) 1 2 0 1 #timing (2177 2352) ps  polarity 0
net 25: (28 9)->(29 8) 0 3 0 1 #timing (2484 2318) ps  polarity 1
net 26: (29 24)->(29 24) 0 0 0 0 #timing (661 661) ps polarity 1
net 26: (29 24)->(31 26) 1 3 0 0 #timing (813 789) ps polarity 0
net 26: (31 26)->(31 22) 3 4 0 1 #timing (1295 1176) ps  polarity 0
net 26: (31 22)->(29 22) 1 2 0 1 #timing (1435 1308) ps  polarity 1
net 26: (29 22)->(29 23) 0 1 0 1 #timing (1437 1585) ps  polarity 0
net 26: (31 26)->(31 26) 5 0 0 0 #timing (918 992) ps polarity 1
net 26: (31 26)->(15 26) 13 2 0 0 #timing (1647 1445) ps polarity 0
net 26: (15 26)->(15 18) 5 1 0 1 #timing (2113 1898) ps  polarity 1
net 26: (15 18)->(15 16) 1 1 0 1 #timing (2142 2311) ps  polarity 0
net 26: (15 16)->(15 16) 0 0 0 1 #timing (2428 2272) ps  polarity 1
net 27: (28 24)->(28 24) 0 0 0 0 #timing (704 704) ps polarity 1
net 27: (28 24)->(30 26) 1 3 0 0 #timing (851 828) ps polarity 0
net 27: (30 26)->(30 22) 3 4 0 1 #timing (1345 1206) ps  polarity 0
net 27: (30 22)->(28 22) 1 2 0 1 #timing (1507 1351) ps  polarity 1
net 27: (28 22)->(28 23) 0 1 0 1 #timing (1469 1640) ps  polarity 0
net 27: (30 26)->(30 26) 5 0 0 0 #timing (957 1031) ps polarity 1
net 27: (30 26)->(14 26) 13 2 0 0 #timing (1693 1493) ps polarity 0
net 27: (14 26)->(14 18) 5 1 0 1 #timing (2158 1939) ps  polarity 1
net 27: (14 18)->(14 16) 1 1 0 1 #timing (2193 2362) ps  polarity 0
net 27: (14 16)->(15 16) 0 2 0 1 #timing (2468 2315) ps  polarity 1
net 28: (29 25)->(29 25) 0 0 0 0 #timing (762 762) ps polarity 1
net 28: (29 25)->(29 27) 1 1 0 0 #timing (882 867) ps polarity 0
net 28: (29 27)->(29 27) 5 0 0 0 #timing (986 1043) ps polarity 1
net 28: (29 27)->(12 27) 13 2 1 0 #timing (1725 1533) ps polarity 0
net 28: (12 27)->(12 19) 5 1 0 1 #timing (2250 2036) ps  polarity 1
net 28: (12 19)->(14 17) 1 3 0 1 #timing (2318 2471) ps  polarity 0
net 28: (14 17)->(15 16) 0 3 0 1 #timing (2612 2485) ps  polarity 1
net 28: (29 25)->(31 27) 1 3 0 0 #timing (908 882) ps polarity 0
net 28: (31 27)->(29 27) 1 2 0 1 #timing (1220 1149) ps  polarity 1
net 28: (29 27)->(29 26) 0 1 0 1 #timing (1269 1360) ps  polarity 0
net 29: (28 25)->(28 25) 0 0 0 0 #timing (680 680) ps polarity 1
net 29: (28 25)->(30 27) 1 3 0 0 #timing (827 805) ps polarity 0
net 29: (30 27)->(28 27) 1 2 0 1 #timing (1117 1066) ps  polarity 1
net 29: (28 27)->(28 26) 0 1 0 1 #timing (1187 1258) ps  polarity 0
net 29: (30 27)->(30 27) 5 0 0 0 #timing (936 1012) ps polarity 1
net 29: (30 27)->(15 27) 13 2 1 0 #timing (1645 1450) ps polarity 0
net 29: (15 27)->(15 19) 5 1 0 1 #timing (2088 1879) ps  polarity 1
net 29: (15 19)->(15 17) 1 1 0 1 #timing (2126 2288) ps  polarity 0
net 29: (15 17)->(15 16) 0 1 0 1 #timing (2418 2263) ps  polarity 1
net 30: (6 6)->(6 6) 0 0 0 0 #timing (706 706) ps polarity 1
net 30: (6 6)->(4 4) 1 3 0 0 #timing (886 852) ps polarity 0
net 30: (4 4)->(4 4) 5 0 0 0 #timing (982 1069) ps polarity 1
net 30: (4 4)->(4 21) 13 1 1 0 #timing (1747 1530) ps polarity 0
net 30: (4 21)->(4 29) 5 1 0 1 #timing (2205 1966) ps  polarity 1
net 30: (4 29)->(6 31) 1 3 0 1 #timing (2254 2427) ps  polarity 0
net 30: (6 31)->(6 31) 0 0 0 1 #timing (2587 2443) ps  polarity 1
net 30: (4 21)->(20 21) 13 2 0 0 #timing (2229 2342) ps polarity 1
net 30: (20 21)->(20 4) 13 1 1 0 #timing (3033 2823) ps polarity 0
net 30: (20 4)->(28 12) 5 3 0 1 #timing (3731 3505) ps  polarity 0
net 30: (28 12)->(24 12) 4 2 0 1 #timing (3782 4003) ps  polarity 1
net 30: (24 12)->(26 12) 1 2 0 1 #timing (4006 4192) ps  polarity 0
net 30: (26 12)->(26 12) 0 0 0 1 #timing (4340 4139) ps  polarity 1
net 31: (8 9)->(8 8) 0 1 0 0 #timing (700 700) ps polarity 1
net 31: (8 8)->(8 8) 1 0 0 0 #timing (793 792) ps polarity 0
net 31: (8 8)->(8 12) 3 1 0 1 #timing (1190 1097) ps  polarity 0
net 31: (8 12)->(8 12) 1 0 1 1 #timing (1303 1210) ps  polarity 1
net 31: (8 12)->(9 12) 0 2 0 1 #timing (1322 1412) ps  polarity 0
net 32: (8 8)->(8 8) 0 0 0 0 #timing (177 177) ps polarity 1
net 32: (8 8)->(10 8) 1 2 0 0 #timing (295 286) ps polarity 0
net 32: (10 8)->(10 12) 3 1 0 0 #timing (589 555) ps polarity 0
net 32: (10 12)->(8 12) 1 2 0 1 #timing (819 744) ps  polarity 1
net 32: (8 12)->(8 12) 0 0 0 1 #timing (878 948) ps  polarity 0
net 32: (10 8)->(10 4) 3 4 0 1 #timing (771 637) ps  polarity 0
net 32: (10 4)->(8 6) 1 3 0 1 #timing (910 769) ps  polarity 1
net 32: (8 6)->(8 7) 0 1 0 1 #timing (883 1046) ps  polarity 0
net 33: (9 9)->(8 9) 0 2 0 0 #timing (772 772) ps polarity 1
net 33: (8 9)->(8 9) 1 0 0 0 #timing (853 856) ps polarity 0
net 33: (8 9)->(8 13) 3 1 0 1 #timing (1299 1188) ps  polarity 0
net 33: (8 13)->(8 13) 1 0 1 1 #timing (1402 1293) ps  polarity 1
net 33: (8 13)->(8 12) 0 1 0 1 #timing (1487 1546) ps  polarity 0
net 34: (9 8)->(8 9) 0 3 0 0 #timing (235 235) ps polarity 1
net 34: (8 9)->(10 11) 1 3 0 0 #timing (404 373) ps polarity 0
net 34: (10 11)->(10 7) 3 4 0 1 #timing (905 753) ps  polarity 0
net 34: (10 7)->(8 7) 1 2 0 1 #timing (1021 868) ps  polarity 1
net 34: (8 7)->(8 7) 0 0 0 1 #timing (1010 1154) ps  polarity 0
net 34: (10 11)->(14 11) 4 2 0 0 #timing (647 693) ps polarity 0
net 34: (14 11)->(14 11) 5 0 1 0 #timing (773 833) ps polarity 1
net 34: (14 11)->(14 26) 13 1 1 0 #timing (1453 1278) ps polarity 0
net 34: (14 26)->(6 18) 5 3 0 1 #timing (2198 2003) ps  polarity 0
net 34: (6 18)->(6 18) 1 0 1 1 #timing (2364 2158) ps  polarity 0
net 34: (6 18)->(6 19) 0 1 0 1 #timing (2343 2504) ps  polarity 1
net 35: (8 7)->(8 6) 0 1 0 0 #timing (770 770) ps polarity 1
net 35: (8 6)->(8 6) 1 0 0 0 #timing (868 866) ps polarity 0
net 35: (8 6)->(8 10) 3 4 0 1 #timing (1273 1176) ps  polarity 0
net 35: (8 10)->(10 8) 1 3 0 1 #timing (1449 1333) ps  polarity 1
net 35: (10 8)->(11 8) 0 2 0 1 #timing (1446 1581) ps  polarity 0
net 36: (8 8)->(9 8) 0 2 0 0 #timing (201 201) ps polarity 1
net 36: (9 8)->(11 10) 1 3 0 0 #timing (352 330) ps polarity 0
net 36: (11 10)->(11 8) 1 1 0 1 #timing (645 593) ps  polarity 1
net 36: (11 8)->(10 8) 0 2 0 1 #timing (733 790) ps  polarity 0
net 36: (11 10)->(9 8) 1 3 0 1 #timing (712 633) ps  polarity 1
net 36: (9 8)->(9 8) 0 0 0 1 #timing (815 913) ps  polarity 0
net 37: (9 7)->(8 7) 0 2 0 0 #timing (644 644) ps polarity 1
net 37: (8 7)->(10 5) 1 3 0 0 #timing (824 779) ps polarity 0
net 37: (10 5)->(10 7) 1 1 0 1 #timing (1109 1025) ps  polarity 1
net 37: (10 7)->(11 7) 0 2 0 1 #timing (1174 1261) ps  polarity 0
net 38: (9 8)->(9 8) 0 0 0 0 #timing (216 216) ps polarity 1
net 38: (9 8)->(9 8) 1 0 0 0 #timing (300 302) ps polarity 0
net 38: (9 8)->(13 8) 4 2 0 0 #timing (635 580) ps polarity 0
net 38: (13 8)->(17 8) 4 5 0 1 #timing (970 876) ps  polarity 0
net 38: (17 8)->(17 4) 3 4 0 1 #timing (1298 1134) ps  polarity 0
net 38: (17 4)->(19 6) 1 3 0 1 #timing (1477 1285) ps  polarity 1
net 38: (19 6)->(18 6) 0 2 0 1 #timing (1440 1656) ps  polarity 0
net 38: (9 8)->(9 9) 0 1 0 0 #timing (230 230) ps polarity 1
net 38: (9 9)->(11 9) 1 2 0 0 #timing (409 385) ps polarity 0
net 38: (11 9)->(11 5) 3 4 0 1 #timing (918 769) ps  polarity 0
net 38: (11 5)->(11 7) 1 1 0 1 #timing (1056 902) ps  polarity 1
net 38: (11 7)->(11 7) 0 0 0 1 #timing (1039 1200) ps  polarity 0
net 39: (18 6)->(18 6) 0 0 0 0 #timing (704 704) ps polarity 1
net 39: (18 6)->(16 4) 1 3 0 0 #timing (878 842) ps polarity 0
net 39: (16 4)->(12 4) 4 5 0 1 #timing (1309 1205) ps  polarity 0
net 39: (12 4)->(14 4) 1 2 0 1 #timing (1540 1400) ps  polarity 1
net 39: (14 4)->(15 4) 0 2 0 1 #timing (1537 1691) ps  polarity 0
net 39: (16 4)->(16 4) 5 0 0 0 #timing (959 1036) ps polarity 1
net 39: (16 4)->(1 4) 13 2 1 0 #timing (1638 1448) ps polarity 0
net 39: (1 4)->(9 4) 5 2 0 1 #timing (2208 1983) ps  polarity 1
net 39: (9 4)->(11 6) 1 3 0 1 #timing (2283 2447) ps  polarity 0
net 39: (11 6)->(10 7) 0 3 0 1 #timing (2595 2467) ps  polarity 1
net 40: (15 4)->(15 4) 0 0 0 0 #timing (637 637) ps polarity 1
net 40: (15 4)->(13 6) 1 3 0 0 #timing (789 764) ps polarity 0
net 40: (13 6)->(15 4) 1 3 0 1 #timing (1110 1042) ps  polarity 1
net 40: (15 4)->(14 4) 0 2 0 1 #timing (1192 1278) ps  polarity 0
net 40: (15 4)->(14 5) 0 3 0 0 #timing (653 653) ps polarity 1
net 40: (14 5)->(14 7) 1 1 0 0 #timing (771 763) ps polarity 0
net 40: (14 7)->(10 7) 4 2 0 1 #timing (1205 1121) ps  polarity 0
net 40: (10 7)->(10 7) 1 0 1 1 #timing (1395 1287) ps  polarity 1
net 40: (10 7)->(10 7) 0 0 0 1 #timing (1424 1517) ps  polarity 0
net 41: (14 5)->(14 5) 0 0 0 0 #timing (161 161) ps polarity 1
net 41: (14 5)->(12 7) 1 3 0 0 #timing (315 288) ps polarity 0
net 41: (12 7)->(14 5) 1 3 0 1 #timing (640 570) ps  polarity 1
net 41: (14 5)->(15 5) 0 2 0 1 #timing (688 788) ps  polarity 0
net 41: (12 7)->(16 7) 4 5 0 0 #timing (593 646) ps polarity 0
net 41: (16 7)->(16 7) 5 0 1 0 #timing (720 788) ps polarity 1
net 41: (16 7)->(1 7) 13 2 1 0 #timing (1430 1242) ps polarity 0
net 41: (1 7)->(9 7) 5 2 0 1 #timing (1995 1771) ps  polarity 1
net 41: (9 7)->(11 7) 1 2 0 1 #timing (2030 2203) ps  polarity 0
net 41: (11 7)->(10 7) 0 2 0 1 #timing (2371 2208) ps  polarity 1
net 42: (15 5)->(15 5) 0 0 0 0 #timing (156 156) ps polarity 1
net 42: (15 5)->(13 7) 1 3 0 0 #timing (300 279) ps polarity 0
net 42: (13 7)->(15 5) 1 3 0 1 #timing (612 548) ps  polarity 1
net 42: (15 5)->(14 5) 0 2 0 1 #timing (700 779) ps  polarity 0
net 42: (13 7)->(13 11) 3 4 0 0 #timing (586 596) ps polarity 0
net 42: (13 11)->(15 9) 1 3 0 1 #timing (887 831) ps  polarity 1
net 42: (15 9)->(15 8) 0 1 0 1 #timing (973 1051) ps  polarity 0
net 43: (14 5)->(15 5) 0 2 0 0 #timing (174 174) ps polarity 1
net 43: (15 5)->(15 5) 1 0 0 0 #timing (262 263) ps polarity 0
net 43: (15 5)->(15 7) 1 1 0 1 #timing (512 465) ps  polarity 1
net 43: (15 7)->(14 6) 0 3 0 1 #timing (600 658) ps  polarity 0
net 43: (15 5)->(15 9) 3 4 0 0 #timing (513 476) ps polarity 0
net 43: (15 9)->(15 9) 1 0 1 1 #timing (724 653) ps  polarity 1
net 43: (15 9)->(14 8) 0 3 0 1 #timing (791 845) ps  polarity 0
net 44: (14 4)->(15 4) 0 2 0 0 #timing (658 658) ps polarity 1
net 44: (15 4)->(15 6) 1 1 0 0 #timing (769 762) ps polarity 0
net 44: (15 6)->(15 6) 1 0 0 1 #timing (990 958) ps  polarity 1
net 44: (15 6)->(14 7) 0 3 0 1 #timing (1113 1120) ps  polarity 0
net 44: (15 6)->(15 2) 3 1 0 0 #timing (1062 1033) ps polarity 0
net 44: (15 2)->(15 0) 1 1 0 1 #timing (1324 1245) ps  polarity 1
net 44: (15 0)->(14 1) 0 3 0 1 #timing (1398 1474) ps  polarity 0
net 45: (15 3)->(15 3) 0 0 0 0 #timing (686 686) ps polarity 1
net 45: (15 3)->(13 1) 1 3 0 0 #timing (843 818) ps polarity 0
net 45: (13 1)->(15 1) 1 2 0 1 #timing (1120 1065) ps  polarity 1
net 45: (15 1)->(14 1) 0 2 0 1 #timing (1208 1266) ps  polarity 0
net 45: (13 1)->(13 5) 3 1 0 0 #timing (1168 1165) ps polarity 0
net 45: (13 5)->(15 7) 1 3 0 1 #timing (1454 1391) ps  polarity 1
net 45: (15 7)->(14 7) 0 2 0 1 #timing (1545 1624) ps  polarity 0
net 46: (14 3)->(14 3) 0 0 0 0 #timing (726 726) ps polarity 1
net 46: (14 3)->(12 1) 1 3 0 0 #timing (900 865) ps polarity 0
net 46: (12 1)->(12 5) 3 1 0 0 #timing (1183 1197) ps polarity 0
net 46: (12 5)->(14 7) 1 3 0 1 #timing (1469 1421) ps  polarity 1
net 46: (14 7)->(14 7) 0 0 0 1 #timing (1578 1650) ps  polarity 0
net 46: (12 5)->(16 5) 4 5 0 0 #timing (1491 1475) ps polarity 0
net 46: (16 5)->(18 5) 1 2 0 1 #timing (1718 1693) ps  polarity 1
net 46: (18 5)->(19 4) 0 3 0 1 #timing (1838 1875) ps  polarity 0
net 47: (19 5)->(19 5) 0 0 0 0 #timing (156 156) ps polarity 1
net 47: (19 5)->(17 7) 1 3 0 0 #timing (309 283) ps polarity 0
net 47: (17 7)->(17 7) 1 0 0 1 #timing (550 506) ps  polarity 1
net 47: (17 7)->(16 6) 0 3 0 1 #timing (649 674) ps  polarity 0
net 47: (17 7)->(19 5) 1 3 0 1 #timing (624 555) ps  polarity 1
net 47: (19 5)->(18 5) 0 2 0 1 #timing (707 793) ps  polarity 0
net 48: (18 5)->(19 5) 0 2 0 0 #timing (174 174) ps polarity 1
net 48: (19 5)->(19 5) 1 0 0 0 #timing (262 263) ps polarity 0
net 48: (19 5)->(17 7) 1 3 0 1 #timing (539 483) ps  polarity 1
net 48: (17 7)->(17 6) 0 1 0 1 #timing (627 706) ps  polarity 0
net 48: (19 5)->(15 5) 4 5 0 0 #timing (523 492) ps polarity 0
net 48: (15 5)->(15 5) 5 0 0 0 #timing (655 640) ps polarity 1
net 48: (15 5)->(30 5) 13 2 1 0 #timing (1255 1152) ps polarity 0
net 48: (30 5)->(22 5) 5 2 0 1 #timing (1734 1602) ps  polarity 1
net 48: (22 5)->(18 5) 4 2 0 1 #timing (2014 1846) ps  polarity 1
net 48: (18 5)->(18 7) 1 1 0 1 #timing (2250 2045) ps  polarity 0
net 48: (18 7)->(18 6) 0 1 0 1 #timing (2167 2384) ps  polarity 1
net 49: (18 4)->(18 4) 0 0 0 0 #timing (649 649) ps polarity 1
net 49: (18 4)->(18 6) 1 1 0 0 #timing (752 749) ps polarity 0
net 49: (18 6)->(18 6) 1 0 0 1 #timing (974 947) ps  polarity 1
net 49: (18 6)->(18 6) 0 0 0 1 #timing (1075 1091) ps  polarity 0
net 49: (18 6)->(16 4) 1 3 0 1 #timing (1064 1010) ps  polarity 1
net 49: (16 4)->(17 5) 0 3 0 1 #timing (1143 1220) ps  polarity 0
net 50: (19 6)->(19 6) 0 0 0 0 #timing (661 661) ps polarity 1
net 50: (19 6)->(17 4) 1 3 0 0 #timing (830 799) ps polarity 0
net 50: (17 4)->(17 4) 1 0 0 1 #timing (1063 1012) ps  polarity 1
net 50: (17 4)->(17 5) 0 1 0 1 #timing (1175 1198) ps  polarity 0
net 50: (17 4)->(21 4) 4 2 0 0 #timing (1129 1161) ps polarity 0
net 50: (21 4)->(21 4) 5 0 1 0 #timing (1249 1298) ps polarity 1
net 50: (21 4)->(4 4) 13 2 1 0 #timing (2003 1817) ps polarity 0
net 50: (4 4)->(12 4) 5 2 0 1 #timing (2497 2284) ps  polarity 1
net 50: (12 4)->(14 6) 1 3 0 1 #timing (2566 2719) ps  polarity 0
net 50: (14 6)->(14 6) 0 0 0 1 #timing (2868 2733) ps  polarity 1
net 51: (15 6)->(14 7) 0 3 0 0 #timing (675 675) ps polarity 1
net 51: (14 7)->(12 7) 1 2 0 0 #timing (810 797) ps polarity 0
net 51: (12 7)->(14 7) 1 2 0 1 #timing (1077 1028) ps  polarity 1
net 51: (14 7)->(14 6) 0 1 0 1 #timing (1184 1230) ps  polarity 0
net 51: (12 7)->(16 7) 4 5 0 1 #timing (1228 1155) ps  polarity 0
net 51: (16 7)->(16 5) 1 1 0 1 #timing (1460 1350) ps  polarity 1
net 51: (16 5)->(17 5) 0 2 0 1 #timing (1462 1592) ps  polarity 0
net 52: (14 6)->(15 7) 0 3 0 0 #timing (675 675) ps polarity 1
net 52: (15 7)->(15 7) 1 0 0 0 #timing (765 767) ps polarity 0
net 52: (15 7)->(19 7) 4 5 0 1 #timing (1199 1112) ps  polarity 0
net 52: (19 7)->(17 5) 1 3 0 1 #timing (1468 1330) ps  polarity 1
net 52: (17 5)->(17 5) 0 0 0 1 #timing (1469 1636) ps  polarity 0
net 53: (16 12)->(16 13) 0 1 0 0 #timing (679 679) ps polarity 1
net 53: (16 13)->(18 15) 1 3 0 0 #timing (831 807) ps polarity 0
net 53: (18 15)->(18 19) 3 4 0 0 #timing (1135 1146) ps polarity 0
net 53: (18 19)->(14 19) 4 5 0 0 #timing (1479 1433) ps polarity 0
net 53: (14 19)->(12 17) 1 3 0 1 #timing (1738 1718) ps  polarity 1
net 53: (12 17)->(13 16) 0 3 0 1 #timing (1854 1897) ps  polarity 0
net 54: (12 16)->(12 16) 0 0 0 0 #timing (649 649) ps polarity 1
net 54: (12 16)->(14 18) 1 3 0 0 #timing (808 781) ps polarity 0
net 54: (14 18)->(12 16) 1 3 0 1 #timing (1126 1053) ps  polarity 1
net 54: (12 16)->(12 16) 0 0 0 1 #timing (1204 1297) ps  polarity 0
net 55: (13 18)->(13 18) 0 0 0 0 #timing (661 661) ps polarity 1
net 55: (13 18)->(15 16) 1 3 0 0 #timing (842 806) ps polarity 0
net 55: (15 16)->(13 16) 1 2 0 1 #timing (1133 1058) ps  polarity 1
net 55: (13 16)->(13 17) 0 1 0 1 #timing (1242 1316) ps  polarity 0
net 55: (15 16)->(19 16) 4 5 0 0 #timing (1144 1171) ps polarity 0
net 55: (19 16)->(19 16) 5 0 1 0 #timing (1268 1310) ps polarity 1
net 55: (19 16)->(2 16) 13 2 1 0 #timing (2056 1867) ps polarity 0
net 55: (2 16)->(2 16) 5 0 0 1 #timing (2327 2150) ps  polarity 0
net 55: (2 16)->(6 16) 4 2 0 1 #timing (2676 2448) ps  polarity 1
net 55: (6 16)->(6 12) 3 4 0 1 #timing (3005 2712) ps  polarity 1
net 55: (6 12)->(4 14) 1 3 0 1 #timing (3189 2871) ps  polarity 0
net 55: (4 14)->(4 14) 0 0 0 1 #timing (3039 3371) ps  polarity 1
net 56: (12 18)->(12 18) 0 0 0 0 #timing (704 704) ps polarity 1
net 56: (12 18)->(14 16) 1 3 0 0 #timing (881 843) ps polarity 0
net 56: (14 16)->(12 16) 1 2 0 1 #timing (1162 1090) ps  polarity 1
net 56: (12 16)->(12 17) 0 1 0 1 #timing (1199 1291) ps  polarity 0
net 56: (12 18)->(12 19) 0 1 0 0 #timing (679 679) ps polarity 1
net 56: (12 19)->(12 19) 1 0 0 0 #timing (760 761) ps polarity 0
net 56: (12 19)->(12 15) 3 4 0 0 #timing (1010 969) ps polarity 0
net 56: (12 15)->(8 15) 4 2 0 0 #timing (1275 1218) ps polarity 0
net 56: (8 15)->(4 15) 4 5 0 1 #timing (1639 1540) ps  polarity 0
net 56: (4 15)->(4 15) 1 0 1 1 #timing (1833 1706) ps  polarity 1
net 56: (4 15)->(4 14) 0 1 0 1 #timing (1833 1949) ps  polarity 0
net 57: (13 19)->(12 19) 0 2 0 0 #timing (711 711) ps polarity 1
net 57: (12 19)->(14 17) 1 3 0 0 #timing (880 850) ps polarity 0
net 57: (14 17)->(14 21) 3 1 0 1 #timing (1296 1189) ps  polarity 0
net 57: (14 21)->(12 21) 1 2 0 1 #timing (1458 1332) ps  polarity 1
net 57: (12 21)->(13 20) 0 3 0 1 #timing (1496 1612) ps  polarity 0
net 57: (14 17)->(14 13) 3 4 0 0 #timing (1142 1163) ps polarity 0
net 57: (14 13)->(18 13) 4 5 0 0 #timing (1449 1442) ps polarity 0
net 57: (18 13)->(18 13) 5 0 0 0 #timing (1574 1580) ps polarity 1
net 57: (18 13)->(3 13) 13 2 1 0 #timing (2207 2087) ps polarity 0
net 57: (3 13)->(3 13) 5 0 0 1 #timing (2457 2350) ps  polarity 0
net 57: (3 13)->(7 13) 4 2 0 1 #timing (2756 2628) ps  polarity 1
net 57: (7 13)->(5 15) 1 3 0 1 #timing (3012 2837) ps  polarity 0
net 57: (5 15)->(4 14) 0 3 0 1 #timing (3010 3194) ps  polarity 1
net 58: (26 24)->(26 24) 0 0 0 0 #timing (704 704) ps polarity 1
net 58: (26 24)->(24 26) 1 3 0 0 #timing (833 818) ps polarity 0
net 58: (24 26)->(24 22) 3 4 0 0 #timing (1133 1129) ps polarity 0
net 58: (24 22)->(24 18) 3 1 0 1 #timing (1678 1537) ps  polarity 0
net 58: (24 18)->(24 16) 1 1 0 1 #timing (1834 1682) ps  polarity 1
net 58: (24 16)->(25 16) 0 2 0 1 #timing (1805 1970) ps  polarity 0
net 58: (24 18)->(26 16) 1 3 0 1 #timing (1860 1697) ps  polarity 1
net 58: (26 16)->(27 16) 0 2 0 1 #timing (1820 1997) ps  polarity 0
net 59: (24 16)->(24 16) 0 0 0 0 #timing (671 671) ps polarity 1
net 59: (24 16)->(26 18) 1 3 0 0 #timing (832 807) ps polarity 0
net 59: (26 18)->(24 16) 1 3 0 1 #timing (1125 1063) ps  polarity 1
net 59: (24 16)->(24 16) 0 0 0 1 #timing (1205 1273) ps  polarity 0
net 59: (24 16)->(25 17) 0 3 0 0 #timing (671 671) ps polarity 1
net 59: (25 17)->(27 17) 1 2 0 0 #timing (807 796) ps polarity 0
net 59: (27 17)->(27 17) 1 0 1 1 #timing (1031 999) ps  polarity 1
net 59: (27 17)->(27 16) 0 1 0 1 #timing (1118 1142) ps  polarity 0
net 60: (25 18)->(25 18) 0 0 0 0 #timing (733 733) ps polarity 1
net 60: (25 18)->(27 16) 1 3 0 0 #timing (945 897) ps polarity 0
net 60: (27 16)->(27 16) 1 0 0 1 #timing (1183 1117) ps  polarity 1
net 60: (27 16)->(26 16) 0 2 0 1 #timing (1243 1299) ps  polarity 0
net 60: (27 16)->(25 16) 1 2 0 1 #timing (1260 1166) ps  polarity 1
net 60: (25 16)->(25 17) 0 1 0 1 #timing (1346 1438) ps  polarity 0
net 61: (24 18)->(24 18) 0 0 0 0 #timing (706 706) ps polarity 1
net 61: (24 18)->(26 16) 1 3 0 0 #timing (876 846) ps polarity 0
net 61: (26 16)->(26 16) 1 0 0 1 #timing (1106 1057) ps  polarity 1
net 61: (26 16)->(26 16) 0 0 0 1 #timing (1182 1221) ps  polarity 0
net 61: (26 16)->(24 16) 1 2 0 1 #timing (1125 1071) ps  polarity 1
net 61: (24 16)->(24 17) 0 1 0 1 #timing (1170 1230) ps  polarity 0
net 62: (25 19)->(25 19) 0 0 0 0 #timing (637 637) ps polarity 1
net 62: (25 19)->(27 17) 1 3 0 0 #timing (839 795) ps polarity 0
net 62: (27 17)->(27 17) 1 0 0 1 #timing (1078 1016) ps  polarity 1
net 62: (27 17)->(26 16) 0 3 0 1 #timing (1136 1190) ps  polarity 0
net 62: (27 17)->(27 21) 3 1 0 0 #timing (1120 1141) ps polarity 0
net 62: (27 21)->(25 21) 1 2 0 1 #timing (1407 1370) ps  polarity 1
net 62: (25 21)->(25 20) 0 1 0 1 #timing (1501 1558) ps  polarity 0
net 63: (25 21)->(25 21) 0 0 0 0 #timing (760 760) ps polarity 1
net 63: (25 21)->(25 21) 1 0 0 0 #timing (831 837) ps polarity 0
net 63: (25 21)->(21 21) 4 5 0 0 #timing (1116 1074) ps polarity 0
net 63: (21 21)->(21 21) 5 0 1 0 #timing (1259 1235) ps polarity 1
net 63: (21 21)->(5 21) 13 2 0 0 #timing (1922 1816) ps polarity 0
net 63: (5 21)->(5 4) 13 1 1 0 #timing (2522 2525) ps polarity 1
net 63: (5 4)->(5 12) 5 1 0 1 #timing (2952 2942) ps  polarity 0
net 63: (5 12)->(5 12) 1 0 0 1 #timing (3147 3124) ps  polarity 1
net 63: (5 12)->(5 13) 0 1 0 1 #timing (3257 3266) ps  polarity 0
net 63: (25 21)->(27 23) 1 3 0 0 #timing (923 893) ps polarity 0
net 63: (27 23)->(25 21) 1 3 0 1 #timing (1271 1187) ps  polarity 1
net 63: (25 21)->(25 21) 0 0 0 1 #timing (1342 1453) ps  polarity 0
net 64: (24 21)->(24 21) 0 0 0 0 #timing (797 797) ps polarity 1
net 64: (24 21)->(26 23) 1 3 0 0 #timing (937 918) ps polarity 0
net 64: (26 23)->(24 21) 1 3 0 1 #timing (1217 1169) ps  polarity 1
net 64: (24 21)->(24 21) 0 0 0 1 #timing (1309 1361) ps  polarity 0
net 64: (24 21)->(24 20) 0 1 0 0 #timing (700 700) ps polarity 1
net 64: (24 20)->(26 22) 1 3 0 0 #timing (852 832) ps polarity 0
net 64: (26 22)->(26 18) 3 1 0 0 #timing (1150 1146) ps polarity 0
net 64: (26 18)->(22 18) 4 5 0 0 #timing (1490 1433) ps polarity 0
net 64: (22 18)->(22 18) 5 0 0 0 #timing (1615 1575) ps polarity 1
net 64: (22 18)->(7 18) 13 2 1 0 #timing (2249 2160) ps polarity 0
net 64: (7 18)->(7 18) 5 0 0 1 #timing (2496 2420) ps  polarity 0
net 64: (7 18)->(7 14) 3 4 0 1 #timing (2970 2784) ps  polarity 1
net 64: (7 14)->(5 14) 1 2 0 1 #timing (3103 2918) ps  polarity 0
net 64: (5 14)->(5 15) 0 1 0 1 #timing (3038 3238) ps  polarity 1
net 65: (25 22)->(25 22) 0 0 0 0 #timing (679 679) ps polarity 1
net 65: (25 22)->(27 20) 1 3 0 0 #timing (870 831) ps polarity 0
net 65: (27 20)->(25 22) 1 3 0 1 #timing (1222 1130) ps  polarity 1
net 65: (25 22)->(25 22) 0 0 0 1 #timing (1290 1405) ps  polarity 0
net 65: (27 20)->(27 16) 3 1 0 0 #timing (1132 1161) ps polarity 0
net 65: (27 16)->(27 16) 1 0 1 1 #timing (1342 1336) ps  polarity 1
net 65: (27 16)->(27 17) 0 1 0 1 #timing (1499 1476) ps  polarity 0
net 66: (24 22)->(24 22) 0 0 0 0 #timing (671 671) ps polarity 1
net 66: (24 22)->(24 22) 1 0 0 0 #timing (753 758) ps polarity 0
net 66: (24 22)->(24 18) 3 1 0 0 #timing (1064 995) ps polarity 0
net 66: (24 18)->(24 18) 5 0 0 0 #timing (1196 1137) ps polarity 1
net 66: (24 18)->(16 18) 5 2 0 1 #timing (1571 1503) ps  polarity 0
net 66: (16 18)->(16 18) 1 0 1 1 #timing (1716 1744) ps  polarity 1
net 66: (16 18)->(17 18) 0 2 0 1 #timing (1840 1814) ps  polarity 0
net 66: (24 22)->(25 22) 0 2 0 0 #timing (678 678) ps polarity 1
net 66: (25 22)->(25 22) 1 0 0 0 #timing (760 763) ps polarity 0
net 66: (25 22)->(25 22) 1 0 1 1 #timing (964 934) ps  polarity 1
net 66: (25 22)->(24 22) 0 2 0 1 #timing (1007 1046) ps  polarity 0
net 67: (25 24)->(25 24) 0 0 0 0 #timing (733 733) ps polarity 1
net 67: (25 24)->(27 26) 1 3 0 0 #timing (890 865) ps polarity 0
net 67: (27 26)->(27 22) 3 4 0 0 #timing (1204 1210) ps polarity 0
net 67: (27 22)->(25 22) 1 2 0 1 #timing (1489 1435) ps  polarity 1
net 67: (25 22)->(25 23) 0 1 0 1 #timing (1616 1668) ps  polarity 0
net 67: (27 22)->(23 22) 4 5 0 0 #timing (1617 1547) ps polarity 0
net 67: (23 22)->(19 22) 4 2 0 1 #timing (1904 1810) ps  polarity 0
net 67: (19 22)->(19 18) 3 1 0 1 #timing (2246 2081) ps  polarity 0
net 67: (19 18)->(17 16) 1 3 0 1 #timing (2425 2235) ps  polarity 1
net 67: (17 16)->(16 16) 0 2 0 1 #timing (2390 2602) ps  polarity 0
net 68: (24 24)->(24 24) 0 0 0 0 #timing (706 706) ps polarity 1
net 68: (24 24)->(26 26) 1 3 0 0 #timing (872 845) ps polarity 0
net 68: (26 26)->(26 22) 3 4 0 1 #timing (1421 1258) ps  polarity 0
net 68: (26 22)->(24 22) 1 2 0 1 #timing (1534 1369) ps  polarity 1
net 68: (24 22)->(24 23) 0 1 0 1 #timing (1469 1641) ps  polarity 0
net 68: (26 26)->(30 26) 4 2 0 0 #timing (1135 1179) ps polarity 0
net 68: (30 26)->(30 26) 5 0 1 0 #timing (1260 1318) ps polarity 1
net 68: (30 26)->(22 18) 5 3 0 1 #timing (1874 1923) ps  polarity 1
net 68: (22 18)->(18 18) 4 2 0 1 #timing (2239 2165) ps  polarity 0
net 68: (18 18)->(16 16) 1 3 0 1 #timing (2520 2389) ps  polarity 1
net 68: (16 16)->(16 16) 0 0 0 1 #timing (2545 2698) ps  polarity 0
net 69: (25 25)->(25 25) 0 0 0 0 #timing (637 637) ps polarity 1
net 69: (25 25)->(27 27) 1 3 0 0 #timing (816 783) ps polarity 0
net 69: (27 27)->(25 27) 1 2 0 1 #timing (1144 1063) ps  polarity 1
net 69: (25 27)->(25 26) 0 1 0 1 #timing (1204 1314) ps  polarity 0
net 69: (27 27)->(27 27) 5 0 0 0 #timing (920 1008) ps polarity 1
net 69: (27 27)->(19 19) 5 3 0 1 #timing (1552 1629) ps  polarity 1
net 69: (19 19)->(17 17) 1 3 0 1 #timing (1842 1865) ps  polarity 1
net 69: (17 17)->(16 16) 0 3 0 1 #timing (2029 2021) ps  polarity 0
net 70: (25 27)->(25 27) 0 0 0 0 #timing (760 760) ps polarity 1
net 70: (25 27)->(27 25) 1 3 0 0 #timing (932 898) ps polarity 0
net 70: (27 25)->(25 27) 1 3 0 1 #timing (1280 1182) ps  polarity 1
net 70: (25 27)->(25 27) 0 0 0 1 #timing (1336 1471) ps  polarity 0
net 70: (25 27)->(25 26) 0 1 0 0 #timing (826 827) ps polarity 1
net 70: (25 26)->(25 26) 1 0 0 0 #timing (918 917) ps polarity 0
net 70: (25 26)->(25 26) 5 0 0 0 #timing (1020 1038) ps polarity 1
net 70: (25 26)->(17 18) 5 3 0 1 #timing (1624 1652) ps  polarity 1
net 70: (17 18)->(17 16) 1 1 0 1 #timing (1841 1845) ps  polarity 1
net 70: (17 16)->(17 16) 0 0 0 1 #timing (1966 1981) ps  polarity 0
net 71: (24 27)->(24 27) 0 0 0 0 #timing (797 797) ps polarity 1
net 71: (24 27)->(26 25) 1 3 0 0 #timing (972 937) ps polarity 0
net 71: (26 25)->(24 27) 1 3 0 1 #timing (1258 1183) ps  polarity 1
net 71: (24 27)->(24 27) 0 0 0 1 #timing (1336 1418) ps  polarity 0
net 71: (26 25)->(26 21) 3 4 0 0 #timing (1252 1268) ps polarity 0
net 71: (26 21)->(22 21) 4 5 0 0 #timing (1613 1577) ps polarity 0
net 71: (22 21)->(18 21) 4 2 0 1 #timing (1912 1849) ps  polarity 0
net 71: (18 21)->(18 17) 3 1 0 1 #timing (2221 2092) ps  polarity 0
net 71: (18 17)->(16 17) 1 2 0 1 #timing (2374 2230) ps  polarity 1
net 71: (16 17)->(17 17) 0 2 0 1 #timing (2377 2521) ps  polarity 0
net 71: (16 17)->(17 16) 0 3 0 1 #timing (2370 2518) ps  polarity 0
net 72: (25 28)->(25 28) 0 0 0 0 #timing (679 679) ps polarity 1
net 72: (25 28)->(27 30) 1 3 0 0 #timing (846 818) ps polarity 0
net 72: (27 30)->(25 28) 1 3 0 1 #timing (1194 1110) ps  polarity 1
net 72: (25 28)->(25 28) 0 0 0 1 #timing (1245 1362) ps  polarity 0
net 72: (25 28)->(24 28) 0 2 0 0 #timing (677 677) ps polarity 1
net 72: (24 28)->(24 28) 1 0 0 0 #timing (760 763) ps polarity 0
net 72: (24 28)->(24 28) 5 0 0 0 #timing (866 879) ps polarity 1
net 72: (24 28)->(16 20) 5 3 0 1 #timing (1486 1497) ps  polarity 1
net 72: (16 20)->(16 16) 3 1 0 1 #timing (1948 1863) ps  polarity 0
net 72: (16 16)->(16 16) 1 0 1 1 #timing (2047 1967) ps  polarity 1
net 72: (16 16)->(17 16) 0 2 0 1 #timing (2087 2158) ps  polarity 0
net 72: (16 16)->(17 17) 0 3 0 1 #timing (2111 2172) ps  polarity 0
net 73: (24 28)->(25 28) 0 2 0 0 #timing (678 678) ps polarity 1
net 73: (25 28)->(25 28) 1 0 0 0 #timing (760 763) ps polarity 0
net 73: (25 28)->(25 28) 1 0 1 1 #timing (965 934) ps  polarity 1
net 73: (25 28)->(24 28) 0 2 0 1 #timing (1007 1046) ps  polarity 0
net 73: (25 28)->(25 24) 3 1 0 0 #timing (1114 1040) ps polarity 0
net 73: (25 24)->(25 24) 5 0 0 0 #timing (1258 1191) ps polarity 1
net 73: (25 24)->(17 16) 5 3 0 1 #timing (1816 1760) ps  polarity 1
net 73: (17 16)->(17 16) 1 0 0 1 #timing (1989 1923) ps  polarity 1
net 73: (17 16)->(17 17) 0 1 0 1 #timing (2084 2122) ps  polarity 0
net 73: (24 28)->(25 29) 0 3 0 0 #timing (671 671) ps polarity 1
net 73: (25 29)->(25 29) 1 0 0 0 #timing (763 763) ps polarity 0
net 73: (25 29)->(25 25) 3 1 0 0 #timing (1100 1032) ps polarity 0
net 73: (25 25)->(25 25) 5 0 0 0 #timing (1236 1176) ps polarity 1
net 73: (25 25)->(17 17) 5 3 0 1 #timing (1827 1777) ps  polarity 1
net 73: (17 17)->(17 17) 1 0 0 1 #timing (1998 1937) ps  polarity 1
net 73: (17 17)->(17 16) 0 1 0 1 #timing (2055 2108) ps  polarity 0
net 74: (25 30)->(25 30) 0 0 0 0 #timing (733 733) ps polarity 1
net 74: (25 30)->(25 30) 1 0 0 0 #timing (814 817) ps polarity 0
net 74: (25 30)->(25 28) 1 1 0 1 #timing (1062 1018) ps  polarity 1
net 74: (25 28)->(25 29) 0 1 0 1 #timing (1133 1191) ps  polarity 0
net 74: (25 30)->(25 31) 0 1 0 0 #timing (738 739) ps polarity 1
net 74: (25 31)->(25 31) 1 0 0 0 #timing (839 837) ps polarity 0
net 74: (25 31)->(25 27) 3 1 0 0 #timing (1172 1110) ps polarity 0
net 74: (25 27)->(25 27) 5 0 0 0 #timing (1303 1251) ps polarity 1
net 74: (25 27)->(17 19) 5 3 0 1 #timing (1857 1813) ps  polarity 1
net 74: (17 19)->(17 19) 1 0 1 1 #timing (2028 1974) ps  polarity 1
net 74: (17 19)->(17 18) 0 1 0 1 #timing (2099 2142) ps  polarity 0
net 75: (24 30)->(24 30) 0 0 0 0 #timing (706 706) ps polarity 1
net 75: (24 30)->(26 28) 1 3 0 0 #timing (867 841) ps polarity 0
net 75: (26 28)->(24 28) 1 2 0 1 #timing (1107 1055) ps  polarity 1
net 75: (24 28)->(24 29) 0 1 0 1 #timing (1153 1211) ps  polarity 0
net 75: (24 30)->(25 30) 0 2 0 0 #timing (708 708) ps polarity 1
net 75: (25 30)->(25 28) 1 1 0 0 #timing (840 827) ps polarity 0
net 75: (25 28)->(25 28) 5 0 1 0 #timing (938 980) ps polarity 1
net 75: (25 28)->(17 20) 5 3 0 1 #timing (1545 1586) ps  polarity 1
net 75: (17 20)->(17 16) 3 1 0 1 #timing (1958 1901) ps  polarity 0
net 75: (17 16)->(17 18) 1 1 0 1 #timing (2104 2037) ps  polarity 1
net 75: (17 18)->(16 18) 0 2 0 1 #timing (2178 2253) ps  polarity 0
net 76: (15 12)->(15 12) 0 0 0 0 #timing (661 661) ps polarity 1
net 76: (15 12)->(13 12) 1 2 0 0 #timing (784 772) ps polarity 0
net 76: (13 12)->(17 12) 4 5 0 0 #timing (1096 1095) ps polarity 0
net 76: (17 12)->(17 14) 1 1 0 1 #timing (1344 1303) ps  polarity 1
net 76: (17 14)->(17 14) 0 0 0 1 #timing (1420 1474) ps  polarity 0
net 76: (17 12)->(17 8) 3 1 0 1 #timing (1508 1413) ps  polarity 0
net 76: (17 8)->(17 8) 1 0 1 1 #timing (1601 1513) ps  polarity 1
net 76: (17 8)->(16 8) 0 2 0 1 #timing (1634 1713) ps  polarity 0
net 77: (18 3)->(18 3) 0 0 0 0 #timing (726 726) ps polarity 1
net 77: (18 3)->(16 1) 1 3 0 0 #timing (881 855) ps polarity 0
net 77: (16 1)->(16 5) 3 1 0 0 #timing (1220 1202) ps polarity 0
net 77: (16 5)->(16 9) 3 4 0 1 #timing (1579 1489) ps  polarity 0
net 77: (16 9)->(16 9) 1 0 1 1 #timing (1679 1591) ps  polarity 1
net 77: (16 9)->(16 8) 0 1 0 1 #timing (1720 1796) ps  polarity 0
net 77: (16 5)->(16 5) 5 0 1 0 #timing (1345 1341) ps polarity 1
net 77: (16 5)->(16 13) 5 1 0 1 #timing (1696 1694) ps  polarity 0
net 77: (16 13)->(16 15) 1 1 0 1 #timing (1944 1898) ps  polarity 1
net 77: (16 15)->(17 14) 0 3 0 1 #timing (2029 2085) ps  polarity 0
net 78: (14 12)->(14 12) 0 0 0 0 #timing (704 704) ps polarity 1
net 78: (14 12)->(14 12) 1 0 0 0 #timing (775 780) ps polarity 0
net 78: (14 12)->(18 12) 4 5 0 1 #timing (1163 1097) ps  polarity 0
net 78: (18 12)->(16 14) 1 3 0 1 #timing (1441 1320) ps  polarity 1
net 78: (16 14)->(17 14) 0 2 0 1 #timing (1432 1579) ps  polarity 0
net 78: (18 12)->(18 8) 3 1 0 1 #timing (1491 1344) ps  polarity 0
net 78: (18 8)->(16 8) 1 2 0 1 #timing (1644 1483) ps  polarity 1
net 78: (16 8)->(16 8) 0 0 0 1 #timing (1597 1774) ps  polarity 0
net 79: (20 23)->(21 23) 0 2 0 0 #timing (174 174) ps polarity 1
net 79: (21 23)->(23 21) 1 3 0 0 #timing (353 321) ps polarity 0
net 79: (23 21)->(23 17) 3 1 0 1 #timing (829 701) ps  polarity 0
net 79: (23 17)->(21 19) 1 3 0 1 #timing (1003 866) ps  polarity 1
net 79: (21 19)->(20 18) 0 3 0 1 #timing (979 1154) ps  polarity 0
net 80: (21 24)->(21 24) 0 0 0 0 #timing (661 661) ps polarity 1
net 80: (21 24)->(23 26) 1 3 0 0 #timing (801 782) ps polarity 0
net 80: (23 26)->(23 22) 3 4 0 0 #timing (1078 1084) ps polarity 0
net 80: (23 22)->(23 18) 3 1 0 1 #timing (1609 1477) ps  polarity 0
net 80: (23 18)->(21 16) 1 3 0 1 #timing (1787 1637) ps  polarity 1
net 80: (21 16)->(21 16) 0 0 0 1 #timing (1747 1929) ps  polarity 0
net 81: (20 24)->(20 24) 0 0 0 0 #timing (704 704) ps polarity 1
net 81: (20 24)->(22 26) 1 3 0 0 #timing (844 824) ps polarity 0
net 81: (22 26)->(22 22) 3 4 0 0 #timing (1137 1158) ps polarity 0
net 81: (22 22)->(22 18) 3 1 0 1 #timing (1623 1521) ps  polarity 0
net 81: (22 18)->(20 16) 1 3 0 1 #timing (1820 1686) ps  polarity 1
net 81: (20 16)->(21 16) 0 2 0 1 #timing (1819 1978) ps  polarity 0
net 82: (19 19)->(19 19) 0 0 0 0 #timing (762 762) ps polarity 1
net 82: (19 19)->(19 19) 1 0 0 0 #timing (838 837) ps polarity 0
net 82: (19 19)->(23 19) 4 2 0 1 #timing (1186 1140) ps  polarity 0
net 82: (23 19)->(21 17) 1 3 0 1 #timing (1468 1364) ps  polarity 1
net 82: (21 17)->(21 16) 0 1 0 1 #timing (1498 1627) ps  polarity 0
net 83: (19 21)->(19 21) 0 0 0 0 #timing (686 686) ps polarity 1
net 83: (19 21)->(17 23) 1 3 0 0 #timing (834 812) ps polarity 0
net 83: (17 23)->(17 19) 3 1 0 0 #timing (1104 1117) ps polarity 0
net 83: (17 19)->(17 15) 3 4 0 1 #timing (1553 1452) ps  polarity 0
net 83: (17 15)->(17 15) 1 0 1 1 #timing (1651 1553) ps  polarity 1
net 83: (17 15)->(16 14) 0 3 0 1 #timing (1691 1772) ps  polarity 0
net 84: (18 21)->(18 21) 0 0 0 0 #timing (726 726) ps polarity 1
net 84: (18 21)->(18 21) 1 0 0 0 #timing (798 804) ps polarity 0
net 84: (18 21)->(18 17) 3 1 0 0 #timing (1068 1015) ps polarity 0
net 84: (18 17)->(18 13) 3 4 0 1 #timing (1482 1329) ps  polarity 0
net 84: (18 13)->(16 15) 1 3 0 1 #timing (1661 1486) ps  polarity 1
net 84: (16 15)->(16 14) 0 1 0 1 #timing (1657 1844) ps  polarity 0
net 85: (20 25)->(20 25) 0 0 0 0 #timing (680 680) ps polarity 1
net 85: (20 25)->(22 27) 1 3 0 0 #timing (836 810) ps polarity 0
net 85: (22 27)->(22 23) 3 4 0 1 #timing (1344 1202) ps  polarity 0
net 85: (22 23)->(20 21) 1 3 0 1 #timing (1546 1367) ps  polarity 1
net 85: (20 21)->(21 20) 0 3 0 1 #timing (1519 1714) ps  polarity 0
net 86: (21 26)->(20 26) 0 2 0 0 #timing (173 173) ps polarity 1
net 86: (20 26)->(22 24) 1 3 0 0 #timing (350 315) ps polarity 0
net 86: (22 24)->(22 20) 3 4 0 1 #timing (864 719) ps  polarity 0
net 86: (22 20)->(20 20) 1 2 0 1 #timing (1015 859) ps  polarity 1
net 86: (20 20)->(21 20) 0 2 0 1 #timing (984 1156) ps  polarity 0
net 87: (20 26)->(21 26) 0 2 0 0 #timing (180 180) ps polarity 1
net 87: (21 26)->(21 26) 1 0 0 0 #timing (262 263) ps polarity 0
net 87: (21 26)->(21 22) 3 4 0 1 #timing (701 592) ps  polarity 0
net 87: (21 22)->(21 20) 1 1 0 1 #timing (860 737) ps  polarity 1
net 87: (21 20)->(21 20) 0 0 0 1 #timing (899 1025) ps  polarity 0
net 88: (21 27)->(21 27) 0 0 0 0 #timing (686 686) ps polarity 1
net 88: (21 27)->(23 25) 1 3 0 0 #timing (850 823) ps polarity 0
net 88: (23 25)->(23 21) 3 4 0 0 #timing (1140 1140) ps polarity 0
net 88: (23 21)->(21 21) 1 2 0 1 #timing (1394 1347) ps  polarity 1
net 88: (21 21)->(21 20) 0 1 0 1 #timing (1463 1525) ps  polarity 0
net 89: (20 27)->(20 27) 0 0 0 0 #timing (726 726) ps polarity 1
net 89: (20 27)->(20 25) 1 1 0 0 #timing (840 833) ps polarity 0
net 89: (20 25)->(20 21) 3 4 0 1 #timing (1302 1183) ps  polarity 0
net 89: (20 21)->(20 21) 1 0 1 1 #timing (1394 1280) ps  polarity 1
net 89: (20 21)->(20 20) 0 1 0 1 #timing (1406 1509) ps  polarity 0
net 90: (21 22)->(21 22) 0 0 0 0 #timing (637 637) ps polarity 1
net 90: (21 22)->(21 20) 1 1 0 0 #timing (750 742) ps polarity 0
net 90: (21 20)->(21 20) 1 0 1 1 #timing (965 932) ps  polarity 1
net 90: (21 20)->(20 20) 0 2 0 1 #timing (1052 1077) ps  polarity 0
net 91: (20 22)->(20 22) 0 0 0 0 #timing (649 649) ps polarity 1
net 91: (20 22)->(20 22) 1 0 0 0 #timing (720 725) ps polarity 0
net 91: (20 22)->(20 20) 1 1 0 1 #timing (989 939) ps  polarity 1
net 91: (20 20)->(20 20) 0 0 0 1 #timing (1078 1137) ps  polarity 0
net 92: (21 23)->(21 23) 0 0 0 0 #timing (156 156) ps polarity 1
net 92: (21 23)->(21 23) 1 0 0 0 #timing (233 235) ps polarity 0
net 92: (21 23)->(21 21) 1 1 0 1 #timing (487 441) ps  polarity 1
net 92: (21 21)->(20 20) 0 3 0 1 #timing (575 630) ps  polarity 0
net 93: (9 28)->(9 28) 0 0 0 0 #timing (679 679) ps polarity 1
net 93: (9 28)->(11 30) 1 3 0 0 #timing (851 820) ps polarity 0
net 93: (11 30)->(9 28) 1 3 0 1 #timing (1218 1135) ps  polarity 1
net 93: (9 28)->(9 28) 0 0 0 1 #timing (1269 1384) ps  polarity 0
net 93: (11 30)->(11 26) 3 1 0 0 #timing (1126 1159) ps polarity 0
net 93: (11 26)->(11 22) 3 4 0 1 #timing (1526 1477) ps  polarity 0
net 93: (11 22)->(9 22) 1 2 0 1 #timing (1696 1627) ps  polarity 1
net 93: (9 22)->(8 22) 0 2 0 1 #timing (1777 1865) ps  polarity 0
net 94: (19 3)->(19 3) 0 0 0 0 #timing (178 178) ps polarity 0
net 94: (19 3)->(19 3) 1 0 0 0 #timing (251 256) ps polarity 1
net 94: (19 3)->(19 3) 1 0 0 1 #timing (455 427) ps  polarity 0
net 94: (19 3)->(18 3) 0 2 0 1 #timing (549 570) ps  polarity 1
net 94: (19 3)->(19 7) 3 1 0 0 #timing (551 486) ps polarity 1
net 94: (19 7)->(23 7) 4 2 0 0 #timing (842 767) ps polarity 1
net 94: (23 7)->(21 5) 1 3 0 1 #timing (1056 1072) ps  polarity 0
net 94: (21 5)->(21 4) 0 1 0 1 #timing (1211 1223) ps  polarity 1
net 94: (19 7)->(15 7) 4 5 0 0 #timing (834 743) ps polarity 1
net 94: (15 7)->(15 7) 5 0 0 0 #timing (964 888) ps polarity 0
net 94: (15 7)->(15 15) 5 1 0 1 #timing (1303 1233) ps  polarity 1
net 94: (15 15)->(15 13) 1 1 0 1 #timing (1490 1510) ps  polarity 0
net 94: (15 13)->(14 12) 0 3 0 1 #timing (1657 1637) ps  polarity 1
net 94: (19 3)->(17 1) 1 3 0 0 #timing (337 311) ps polarity 1
net 94: (17 1)->(13 1) 4 5 0 0 #timing (592 621) ps polarity 1
net 94: (13 1)->(13 1) 5 0 0 0 #timing (725 767) ps polarity 0
net 94: (13 1)->(13 9) 5 1 0 1 #timing (1063 1109) ps  polarity 1
net 94: (13 9)->(9 9) 4 2 0 1 #timing (1359 1368) ps  polarity 1
net 94: (9 9)->(9 13) 3 1 0 1 #timing (1663 1625) ps  polarity 1
net 94: (9 13)->(11 13) 1 2 0 1 #timing (1848 1790) ps  polarity 0
net 94: (11 13)->(10 12) 0 3 0 1 #timing (1965 2032) ps  polarity 1
net 94: (19 3)->(18 3) 0 2 0 0 #timing (183 183) ps polarity 0
net 94: (18 3)->(16 3) 1 2 0 0 #timing (316 300) ps polarity 1
net 94: (16 3)->(12 3) 4 5 0 0 #timing (619 604) ps polarity 1
net 94: (12 3)->(12 3) 5 0 1 0 #timing (748 753) ps polarity 0
net 94: (12 3)->(12 19) 13 1 0 0 #timing (1420 1287) ps polarity 1
net 94: (12 19)->(4 19) 5 2 0 1 #timing (1893 1734) ps  polarity 0
net 94: (4 19)->(6 17) 1 3 0 1 #timing (2025 2121) ps  polarity 1
net 94: (6 17)->(6 16) 0 1 0 1 #timing (2295 2213) ps  polarity 0
net 94: (12 3)->(12 18) 13 1 1 0 #timing (1360 1238) ps polarity 1
net 94: (12 18)->(12 26) 5 1 0 1 #timing (1799 1661) ps  polarity 0
net 94: (12 26)->(8 26) 4 2 0 1 #timing (2024 1870) ps  polarity 0
net 94: (8 26)->(8 24) 1 1 0 1 #timing (2257 2067) ps  polarity 1
net 94: (8 24)->(8 25) 0 1 0 1 #timing (2190 2392) ps  polarity 0
net 94: (19 3)->(18 2) 0 3 0 0 #timing (199 199) ps polarity 0
net 94: (18 2)->(18 2) 1 0 0 0 #timing (289 289) ps polarity 1
net 94: (18 2)->(18 6) 3 1 0 1 #timing (684 592) ps  polarity 1
net 94: (18 6)->(16 6) 1 2 0 1 #timing (845 736) ps  polarity 0
net 94: (16 6)->(16 6) 0 0 0 1 #timing (875 986) ps  polarity 1
net 95: (23 6)->(23 6) 0 0 0 0 #timing (187 187) ps polarity 0
net 95: (23 6)->(23 4) 1 1 0 0 #timing (312 302) ps polarity 1
net 95: (23 4)->(23 4) 5 0 0 0 #timing (408 445) ps polarity 0
net 95: (23 4)->(23 12) 5 1 0 1 #timing (763 806) ps  polarity 1
net 95: (23 12)->(23 12) 1 0 1 1 #timing (1031 946) ps  polarity 0
net 95: (23 12)->(23 12) 0 0 0 1 #timing (1035 1123) ps  polarity 1
net 95: (23 12)->(21 12) 1 2 0 1 #timing (1058 964) ps  polarity 0
net 95: (21 12)->(21 12) 0 0 0 1 #timing (1070 1192) ps  polarity 1
net 95: (23 12)->(23 16) 3 4 0 1 #timing (1289 1117) ps  polarity 1
net 95: (23 16)->(21 16) 1 2 0 1 #timing (1441 1268) ps  polarity 0
net 95: (21 16)->(20 16) 0 2 0 1 #timing (1351 1548) ps  polarity 1
net 95: (23 6)->(21 6) 1 2 0 0 #timing (309 299) ps polarity 1
net 95: (21 6)->(21 6) 1 0 1 1 #timing (526 491) ps  polarity 0
net 95: (21 6)->(21 7) 0 1 0 1 #timing (617 641) ps  polarity 1
net 95: (23 6)->(22 6) 0 2 0 0 #timing (189 189) ps polarity 0
net 95: (22 6)->(22 6) 1 0 0 0 #timing (266 268) ps polarity 1
net 95: (22 6)->(22 4) 1 1 0 1 #timing (516 472) ps  polarity 0
net 95: (22 4)->(23 5) 0 3 0 1 #timing (618 659) ps  polarity 1
net 95: (22 6)->(26 6) 4 5 0 0 #timing (568 526) ps polarity 1
net 95: (26 6)->(26 6) 1 0 1 1 #timing (725 740) ps  polarity 0
net 95: (26 6)->(27 6) 0 2 0 1 #timing (837 824) ps  polarity 1
net 96: (22 4)->(22 4) 0 0 0 0 #timing (206 206) ps polarity 0
net 96: (22 4)->(22 4) 1 0 0 0 #timing (289 293) ps polarity 1
net 96: (22 4)->(22 4) 5 0 1 0 #timing (399 412) ps polarity 0
net 96: (22 4)->(22 12) 5 1 0 1 #timing (756 769) ps  polarity 1
net 96: (22 12)->(22 16) 3 4 0 1 #timing (1179 1077) ps  polarity 1
net 96: (22 16)->(20 16) 1 2 0 1 #timing (1347 1230) ps  polarity 0
net 96: (20 16)->(20 16) 0 0 0 1 #timing (1348 1477) ps  polarity 1
net 96: (22 12)->(18 12) 4 2 0 1 #timing (1041 1013) ps  polarity 1
net 96: (18 12)->(18 16) 3 4 0 1 #timing (1306 1239) ps  polarity 1
net 96: (18 16)->(16 18) 1 3 0 1 #timing (1484 1391) ps  polarity 0
net 96: (16 18)->(17 19) 0 3 0 1 #timing (1555 1664) ps  polarity 1
net 96: (22 4)->(23 4) 0 2 0 0 #timing (214 214) ps polarity 0
net 96: (23 4)->(23 4) 1 0 0 0 #timing (297 300) ps polarity 1
net 96: (23 4)->(23 4) 1 0 0 1 #timing (503 472) ps  polarity 0
net 96: (23 4)->(23 5) 0 1 0 1 #timing (566 599) ps  polarity 1
net 96: (23 4)->(23 0) 3 1 0 0 #timing (602 545) ps polarity 1
net 96: (23 0)->(21 0) 1 2 0 1 #timing (852 747) ps  polarity 0
net 96: (21 0)->(21 1) 0 1 0 1 #timing (877 1002) ps  polarity 1
net 96: (23 0)->(27 0) 4 5 0 0 #timing (1039 907) ps polarity 1
net 96: (27 0)->(27 0) 1 0 1 1 #timing (1117 1220) ps  polarity 0
net 96: (27 0)->(27 1) 0 1 0 1 #timing (1354 1235) ps  polarity 1
net 96: (23 4)->(27 4) 4 5 0 0 #timing (639 577) ps polarity 1
net 96: (27 4)->(25 6) 1 3 0 1 #timing (861 875) ps  polarity 0
net 96: (25 6)->(25 7) 0 1 0 1 #timing (1066 1064) ps  polarity 1
net 97: (4 4)->(4 4) 0 0 0 0 #timing (649 649) ps polarity 1
net 97: (4 4)->(4 4) 1 0 0 0 #timing (720 725) ps polarity 0
net 97: (4 4)->(4 8) 3 4 0 0 #timing (1002 950) ps polarity 0
net 97: (4 8)->(4 8) 1 0 1 1 #timing (1210 1126) ps  polarity 1
net 97: (4 8)->(5 9) 0 3 0 1 #timing (1245 1320) ps  polarity 0
net 98: (13 4)->(12 4) 0 2 0 0 #timing (643 643) ps polarity 1
net 98: (12 4)->(12 4) 1 0 0 0 #timing (720 724) ps polarity 0
net 98: (12 4)->(12 4) 5 0 0 0 #timing (826 839) ps polarity 1
net 98: (12 4)->(4 4) 5 2 0 1 #timing (1201 1207) ps  polarity 0
net 98: (4 4)->(6 6) 1 3 0 1 #timing (1473 1414) ps  polarity 1
net 98: (6 6)->(7 7) 0 3 0 1 #timing (1589 1668) ps  polarity 0
net 99: (12 5)->(12 4) 0 1 0 0 #timing (174 174) ps polarity 1
net 99: (12 4)->(14 4) 1 2 0 0 #timing (305 289) ps polarity 0
net 99: (14 4)->(14 8) 3 4 0 0 #timing (591 583) ps polarity 0
net 99: (14 8)->(14 8) 5 0 0 0 #timing (714 720) ps polarity 1
net 99: (14 8)->(6 8) 5 2 0 1 #timing (1077 1079) ps  polarity 0
net 99: (6 8)->(6 8) 1 0 0 1 #timing (1280 1247) ps  polarity 1
net 99: (6 8)->(7 8) 0 2 0 1 #timing (1358 1387) ps  polarity 0
net 100: (13 5)->(13 4) 0 1 0 0 #timing (157 157) ps polarity 1
net 100: (13 4)->(13 4) 1 0 0 0 #timing (235 236) ps polarity 0
net 100: (13 4)->(13 8) 3 4 0 0 #timing (534 478) ps polarity 0
net 100: (13 8)->(13 8) 5 0 1 0 #timing (660 618) ps polarity 1
net 100: (13 8)->(5 8) 5 2 0 1 #timing (1036 985) ps  polarity 0
net 100: (5 8)->(7 8) 1 2 0 1 #timing (1247 1244) ps  polarity 1
net 100: (7 8)->(7 8) 0 0 0 1 #timing (1389 1389) ps  polarity 0
net 101: (12 5)->(13 5) 0 2 0 0 #timing (174 174) ps polarity 1
net 101: (13 5)->(13 5) 1 0 0 0 #timing (261 263) ps polarity 0
net 101: (13 5)->(13 9) 3 4 0 0 #timing (544 491) ps polarity 0
net 101: (13 9)->(13 9) 5 0 1 0 #timing (675 635) ps polarity 1
net 101: (13 9)->(5 9) 5 2 0 1 #timing (1052 1006) ps  polarity 0
net 101: (5 9)->(7 9) 1 2 0 1 #timing (1279 1269) ps  polarity 1
net 101: (7 9)->(7 8) 0 1 0 1 #timing (1394 1406) ps  polarity 0
net 102: (12 4)->(13 5) 0 3 0 0 #timing (667 667) ps polarity 1
net 102: (13 5)->(15 7) 1 3 0 0 #timing (837 809) ps polarity 0
net 102: (15 7)->(11 7) 4 2 0 0 #timing (1082 1121) ps polarity 0
net 102: (11 7)->(11 7) 1 0 1 1 #timing (1332 1265) ps  polarity 1
net 102: (11 7)->(10 6) 0 3 0 1 #timing (1405 1454) ps  polarity 0
net 103: (13 6)->(13 6) 0 0 0 0 #timing (661 661) ps polarity 1
net 103: (13 6)->(15 4) 1 3 0 0 #timing (845 808) ps polarity 0
net 103: (15 4)->(11 4) 4 2 0 1 #timing (1260 1168) ps  polarity 0
net 103: (11 4)->(11 4) 1 0 1 1 #timing (1451 1334) ps  polarity 1
net 103: (11 4)->(11 5) 0 1 0 1 #timing (1499 1586) ps  polarity 0
net 104: (12 6)->(12 7) 0 1 0 0 #timing (679 679) ps polarity 1
net 104: (12 7)->(12 7) 1 0 0 0 #timing (761 762) ps polarity 0
net 104: (12 7)->(8 7) 4 2 0 1 #timing (1103 1054) ps  polarity 0
net 104: (8 7)->(10 5) 1 3 0 1 #timing (1368 1267) ps  polarity 1
net 104: (10 5)->(11 5) 0 2 0 1 #timing (1397 1510) ps  polarity 0
net 105: (7 1)->(7 1) 0 0 0 0 #timing (637 637) ps polarity 1
net 105: (7 1)->(7 3) 1 1 0 0 #timing (755 749) ps polarity 0
net 105: (7 3)->(7 7) 3 1 0 0 #timing (1096 1060) ps polarity 0
net 105: (7 7)->(11 7) 4 5 0 0 #timing (1455 1366) ps polarity 0
net 105: (11 7)->(11 5) 1 1 0 1 #timing (1610 1661) ps  polarity 1
net 105: (11 5)->(11 5) 0 0 0 1 #timing (1786 1748) ps  polarity 0
net 106: (10 1)->(10 1) 0 0 0 0 #timing (680 680) ps polarity 1
net 106: (10 1)->(8 3) 1 3 0 0 #timing (811 796) ps polarity 0
net 106: (8 3)->(10 3) 1 2 0 1 #timing (1062 1023) ps  polarity 1
net 106: (10 3)->(10 2) 0 1 0 1 #timing (1147 1183) ps  polarity 0
net 106: (8 3)->(12 3) 4 2 0 0 #timing (1088 1116) ps polarity 0
net 106: (12 3)->(14 3) 1 2 0 1 #timing (1343 1282) ps  polarity 1
net 106: (14 3)->(14 2) 0 1 0 1 #timing (1424 1499) ps  polarity 0
net 107: (11 3)->(11 3) 0 0 0 0 #timing (686 686) ps polarity 1
net 107: (11 3)->(9 1) 1 3 0 0 #timing (868 831) ps polarity 0
net 107: (9 1)->(11 3) 1 3 0 1 #timing (1211 1105) ps  polarity 1
net 107: (11 3)->(11 3) 0 0 0 1 #timing (1246 1392) ps  polarity 0
net 107: (11 3)->(11 2) 0 1 0 0 #timing (700 700) ps polarity 1
net 107: (11 2)->(11 2) 1 0 0 0 #timing (782 781) ps polarity 0
net 107: (11 2)->(15 2) 4 2 0 0 #timing (1130 1073) ps polarity 0
net 107: (15 2)->(15 2) 1 0 1 1 #timing (1276 1306) ps  polarity 1
net 107: (15 2)->(14 2) 0 2 0 1 #timing (1427 1389) ps  polarity 0
net 108: (10 3)->(11 3) 0 2 0 0 #timing (738 738) ps polarity 1
net 108: (11 3)->(11 3) 1 0 0 0 #timing (817 820) ps polarity 0
net 108: (11 3)->(15 3) 4 2 0 0 #timing (1140 1089) ps polarity 0
net 108: (15 3)->(15 3) 1 0 1 1 #timing (1290 1312) ps  polarity 1
net 108: (15 3)->(14 2) 0 3 0 1 #timing (1451 1411) ps  polarity 0
net 108: (10 3)->(11 2) 0 3 0 0 #timing (743 743) ps polarity 1
net 108: (11 2)->(9 0) 1 3 0 0 #timing (914 886) ps polarity 0
net 108: (9 0)->(11 2) 1 3 0 1 #timing (1282 1185) ps  polarity 1
net 108: (11 2)->(10 3) 0 3 0 1 #timing (1389 1503) ps  polarity 0
net 109: (13 1)->(12 0) 0 3 0 0 #timing (723 723) ps polarity 1
net 109: (12 0)->(14 0) 1 2 0 0 #timing (867 849) ps polarity 0
net 109: (14 0)->(14 2) 1 1 0 1 #timing (1138 1089) ps  polarity 1
net 109: (14 2)->(14 2) 0 0 0 1 #timing (1196 1264) ps  polarity 0
net 109: (14 0)->(12 2) 1 3 0 1 #timing (1167 1105) ps  polarity 1
net 109: (12 2)->(13 2) 0 2 0 1 #timing (1250 1336) ps  polarity 0
net 110: (13 3)->(13 3) 0 0 0 0 #timing (686 686) ps polarity 1
net 110: (13 3)->(15 1) 1 3 0 0 #timing (850 822) ps polarity 0
net 110: (15 1)->(13 3) 1 3 0 1 #timing (1177 1094) ps  polarity 1
net 110: (13 3)->(13 3) 0 0 0 1 #timing (1236 1351) ps  polarity 0
net 110: (15 1)->(15 5) 3 1 0 0 #timing (1158 1152) ps polarity 0
net 110: (15 5)->(15 9) 3 4 0 1 #timing (1541 1457) ps  polarity 0
net 110: (15 9)->(15 11) 1 1 0 1 #timing (1685 1593) ps  polarity 1
net 110: (15 11)->(14 11) 0 2 0 1 #timing (1726 1827) ps  polarity 0
net 111: (12 3)->(12 3) 0 0 0 0 #timing (726 726) ps polarity 1
net 111: (12 3)->(14 1) 1 3 0 0 #timing (888 859) ps polarity 0
net 111: (14 1)->(12 3) 1 3 0 1 #timing (1199 1122) ps  polarity 1
net 111: (12 3)->(12 3) 0 0 0 1 #timing (1283 1376) ps  polarity 0
net 111: (14 1)->(14 1) 5 0 0 0 #timing (980 1053) ps polarity 1
net 111: (14 1)->(14 9) 5 1 0 1 #timing (1319 1397) ps  polarity 0
net 111: (14 9)->(14 11) 1 1 0 1 #timing (1647 1523) ps  polarity 1
net 111: (14 11)->(14 11) 0 0 0 1 #timing (1650 1785) ps  polarity 0
net 112: (9 1)->(8 0) 0 3 0 0 #timing (913 914) ps polarity 1
net 112: (8 0)->(8 0) 1 0 0 0 #timing (1016 1013) ps polarity 0
net 112: (8 0)->(8 0) 5 0 1 0 #timing (1120 1139) ps polarity 1
net 112: (8 0)->(8 8) 5 1 0 1 #timing (1480 1497) ps  polarity 0
net 112: (8 8)->(12 8) 4 2 0 1 #timing (1708 1712) ps  polarity 0
net 112: (12 8)->(14 10) 1 3 0 1 #timing (1950 1916) ps  polarity 1
net 112: (14 10)->(14 11) 0 1 0 1 #timing (2067 2127) ps  polarity 0
net 112: (8 0)->(10 2) 1 3 0 0 #timing (1087 1057) ps polarity 0
net 112: (10 2)->(8 2) 1 2 0 1 #timing (1337 1283) ps  polarity 1
net 112: (8 2)->(9 2) 0 2 0 1 #timing (1425 1468) ps  polarity 0
net 113: (8 1)->(8 1) 0 0 0 0 #timing (651 651) ps polarity 1
net 113: (8 1)->(10 3) 1 3 0 0 #timing (783 769) ps polarity 0
net 113: (10 3)->(8 3) 1 2 0 1 #timing (1034 994) ps  polarity 1
net 113: (8 3)->(8 2) 0 1 0 1 #timing (1126 1163) ps  polarity 0
net 113: (8 1)->(9 0) 0 3 0 0 #timing (762 762) ps polarity 1
net 113: (9 0)->(11 0) 1 2 0 0 #timing (911 897) ps polarity 0
net 113: (11 0)->(11 0) 5 0 0 0 #timing (1017 1073) ps polarity 1
net 113: (11 0)->(11 8) 5 1 0 1 #timing (1345 1408) ps  polarity 0
net 113: (11 8)->(15 8) 4 2 0 1 #timing (1662 1670) ps  polarity 0
net 113: (15 8)->(15 10) 1 1 0 1 #timing (1897 1867) ps  polarity 1
net 113: (15 10)->(14 11) 0 3 0 1 #timing (2019 2046) ps  polarity 0
net 114: (6 2)->(6 3) 0 1 0 0 #timing (209 209) ps polarity 1
net 114: (6 3)->(6 3) 1 0 0 0 #timing (299 297) ps polarity 0
net 114: (6 3)->(4 3) 1 2 0 1 #timing (557 504) ps  polarity 1
net 114: (4 3)->(4 2) 0 1 0 1 #timing (636 698) ps  polarity 0
net 115: (7 2)->(7 2) 0 0 0 0 #timing (210 210) ps polarity 1
net 115: (7 2)->(5 0) 1 3 0 0 #timing (376 347) ps polarity 0
net 115: (5 0)->(5 2) 1 1 0 1 #timing (643 581) ps  polarity 1
net 115: (5 2)->(4 2) 0 2 0 1 #timing (709 780) ps  polarity 0
net 116: (6 2)->(7 3) 0 3 0 0 #timing (193 193) ps polarity 1
net 116: (7 3)->(5 1) 1 3 0 0 #timing (394 357) ps polarity 0
net 116: (5 1)->(5 3) 1 1 0 1 #timing (667 596) ps  polarity 1
net 116: (5 3)->(5 3) 0 0 0 1 #timing (723 806) ps  polarity 0
net 117: (6 1)->(6 1) 0 0 0 0 #timing (652 651) ps polarity 1
net 117: (6 1)->(4 3) 1 3 0 0 #timing (814 788) ps polarity 0
net 117: (4 3)->(4 3) 1 0 0 1 #timing (1058 1015) ps  polarity 1
net 117: (4 3)->(5 3) 0 2 0 1 #timing (1126 1166) ps  polarity 0
net 118: (7 3)->(7 3) 0 0 0 0 #timing (761 761) ps polarity 1
net 118: (7 3)->(7 3) 1 0 0 0 #timing (830 836) ps polarity 0
net 118: (7 3)->(7 3) 1 0 0 1 #timing (1038 1009) ps  polarity 1
net 118: (7 3)->(6 3) 0 2 0 1 #timing (1089 1126) ps  polarity 0
net 119: (6 3)->(7 2) 0 3 0 0 #timing (696 696) ps polarity 1
net 119: (7 2)->(7 2) 1 0 0 0 #timing (791 791) ps polarity 0
net 119: (7 2)->(7 2) 1 0 0 1 #timing (999 964) ps  polarity 1
net 119: (7 2)->(6 3) 0 3 0 1 #timing (1047 1088) ps  polarity 0
net 120: (5 6)->(4 7) 0 3 0 0 #timing (675 675) ps polarity 1
net 120: (4 7)->(4 7) 1 0 0 0 #timing (766 766) ps polarity 0
net 120: (4 7)->(4 3) 3 1 0 1 #timing (1251 1118) ps  polarity 0
net 120: (4 3)->(4 3) 1 0 1 1 #timing (1344 1218) ps  polarity 1
net 120: (4 3)->(5 2) 0 3 0 1 #timing (1373 1474) ps  polarity 0
net 121: (4 6)->(5 7) 0 3 0 0 #timing (675 675) ps polarity 1
net 121: (5 7)->(7 7) 1 2 0 0 #timing (825 807) ps polarity 0
net 121: (7 7)->(7 3) 3 1 0 0 #timing (1117 1097) ps polarity 0
net 121: (7 3)->(5 3) 1 2 0 1 #timing (1366 1302) ps  polarity 1
net 121: (5 3)->(5 2) 0 1 0 1 #timing (1415 1491) ps  polarity 0
net 122: (9 4)->(9 4) 0 0 0 0 #timing (679 679) ps polarity 1
net 122: (9 4)->(11 6) 1 3 0 0 #timing (845 817) ps polarity 0
net 122: (11 6)->(9 4) 1 3 0 1 #timing (1209 1119) ps  polarity 1
net 122: (9 4)->(9 4) 0 0 0 1 #timing (1262 1387) ps  polarity 0
net 122: (9 4)->(8 4) 0 2 0 0 #timing (677 677) ps polarity 1
net 122: (8 4)->(10 4) 1 2 0 0 #timing (826 804) ps polarity 0
net 122: (10 4)->(6 4) 4 5 0 0 #timing (1140 1128) ps polarity 0
net 122: (6 4)->(6 4) 1 0 1 1 #timing (1334 1319) ps  polarity 1
net 122: (6 4)->(7 4) 0 2 0 1 #timing (1421 1437) ps  polarity 0
net 123: (8 4)->(8 4) 0 0 0 0 #timing (671 671) ps polarity 1
net 123: (8 4)->(10 6) 1 3 0 0 #timing (814 798) ps polarity 0
net 123: (10 6)->(8 4) 1 3 0 1 #timing (1097 1046) ps  polarity 1
net 123: (8 4)->(8 4) 0 0 0 1 #timing (1189 1245) ps  polarity 0
net 123: (8 4)->(9 4) 0 2 0 0 #timing (678 678) ps polarity 1
net 123: (9 4)->(9 4) 1 0 0 0 #timing (761 764) ps polarity 0
net 123: (9 4)->(5 4) 4 5 0 1 #timing (1155 1088) ps  polarity 0
net 123: (5 4)->(7 4) 1 2 0 1 #timing (1422 1305) ps  polarity 1
net 123: (7 4)->(7 4) 0 0 0 1 #timing (1460 1563) ps  polarity 0
net 124: (9 6)->(9 7) 0 1 0 0 #timing (740 740) ps polarity 1
net 124: (9 7)->(11 5) 1 3 0 0 #timing (937 895) ps polarity 0
net 124: (11 5)->(11 5) 1 0 0 1 #timing (1180 1118) ps  polarity 1
net 124: (11 5)->(10 5) 0 2 0 1 #timing (1251 1300) ps  polarity 0
net 124: (11 5)->(9 5) 1 2 0 1 #timing (1252 1164) ps  polarity 1
net 124: (9 5)->(9 5) 0 0 0 1 #timing (1319 1432) ps  polarity 0
net 125: (8 6)->(8 6) 0 0 0 0 #timing (706 706) ps polarity 1
net 125: (8 6)->(10 4) 1 3 0 0 #timing (869 843) ps polarity 0
net 125: (10 4)->(10 4) 1 0 0 1 #timing (1099 1053) ps  polarity 1
net 125: (10 4)->(10 5) 0 1 0 1 #timing (1149 1196) ps  polarity 0
net 125: (10 4)->(8 4) 1 2 0 1 #timing (1116 1065) ps  polarity 1
net 125: (8 4)->(8 5) 0 1 0 1 #timing (1165 1222) ps  polarity 0
net 126: (11 1)->(11 1) 0 0 0 0 #timing (762 762) ps polarity 1
net 126: (11 1)->(9 3) 1 3 0 0 #timing (929 894) ps polarity 0
net 126: (9 3)->(11 3) 1 2 0 1 #timing (1245 1164) ps  polarity 1
net 126: (11 3)->(11 2) 0 1 0 1 #timing (1290 1394) ps  polarity 0
net 126: (11 1)->(10 1) 0 2 0 0 #timing (712 712) ps polarity 1
net 126: (10 1)->(10 3) 1 1 0 0 #timing (821 816) ps polarity 0
net 126: (10 3)->(6 3) 4 5 0 0 #timing (1172 1133) ps polarity 0
net 126: (6 3)->(6 3) 1 0 1 1 #timing (1336 1348) ps  polarity 1
net 126: (6 3)->(7 3) 0 2 0 1 #timing (1463 1446) ps  polarity 0
net 127: (12 1)->(12 1) 0 0 0 0 #timing (680 680) ps polarity 1
net 127: (12 1)->(14 3) 1 3 0 0 #timing (824 803) ps polarity 0
net 127: (14 3)->(12 3) 1 2 0 1 #timing (1113 1061) ps  polarity 1
net 127: (12 3)->(12 2) 0 1 0 1 #timing (1200 1262) ps  polarity 0
net 127: (12 1)->(13 1) 0 2 0 0 #timing (688 688) ps polarity 1
net 127: (13 1)->(13 3) 1 1 0 0 #timing (798 785) ps polarity 0
net 127: (13 3)->(13 3) 5 0 0 0 #timing (897 944) ps polarity 1
net 127: (13 3)->(5 3) 5 2 0 1 #timing (1277 1318) ps  polarity 0
net 127: (5 3)->(7 3) 1 2 0 1 #timing (1574 1481) ps  polarity 1
net 127: (7 3)->(7 3) 0 0 0 1 #timing (1593 1701) ps  polarity 0
net 128: (9 3)->(9 3) 0 0 0 0 #timing (760 760) ps polarity 1
net 128: (9 3)->(11 3) 1 2 0 0 #timing (904 882) ps polarity 0
net 128: (11 3)->(7 3) 4 5 0 0 #timing (1219 1224) ps polarity 0
net 128: (7 3)->(7 3) 1 0 1 1 #timing (1425 1393) ps  polarity 1
net 128: (7 3)->(6 2) 0 3 0 1 #timing (1495 1527) ps  polarity 0
net 128: (9 3)->(11 1) 1 3 0 0 #timing (928 895) ps polarity 0
net 128: (11 1)->(9 3) 1 3 0 1 #timing (1291 1197) ps  polarity 1
net 128: (9 3)->(9 3) 0 0 0 1 #timing (1344 1473) ps  polarity 0
net 129: (8 3)->(8 3) 0 0 0 0 #timing (797 797) ps polarity 1
net 129: (8 3)->(10 1) 1 3 0 0 #timing (955 928) ps polarity 0
net 129: (10 1)->(8 3) 1 3 0 1 #timing (1234 1168) ps  polarity 1
net 129: (8 3)->(8 3) 0 0 0 1 #timing (1322 1395) ps  polarity 0
net 129: (8 3)->(9 2) 0 3 0 0 #timing (695 695) ps polarity 1
net 129: (9 2)->(9 2) 1 0 0 0 #timing (791 791) ps polarity 0
net 129: (9 2)->(5 2) 4 5 0 0 #timing (1067 1029) ps polarity 0
net 129: (5 2)->(7 2) 1 2 0 1 #timing (1313 1296) ps  polarity 1
net 129: (7 2)->(6 2) 0 2 0 1 #timing (1424 1440) ps  polarity 0
net 130: (4 3)->(4 3) 0 0 0 0 #timing (726 726) ps polarity 1
net 130: (4 3)->(6 3) 1 2 0 0 #timing (859 844) ps polarity 0
net 130: (6 3)->(10 3) 4 5 0 0 #timing (1196 1193) ps polarity 0
net 130: (10 3)->(10 7) 3 1 0 1 #timing (1585 1500) ps  polarity 0
net 130: (10 7)->(10 5) 1 1 0 1 #timing (1726 1634) ps  polarity 1
net 130: (10 5)->(10 5) 0 0 0 1 #timing (1785 1881) ps  polarity 0
net 130: (4 3)->(4 2) 0 1 0 0 #timing (736 736) ps polarity 1
net 130: (4 2)->(4 2) 1 0 0 0 #timing (822 820) ps polarity 0
net 130: (4 2)->(6 2) 1 2 0 1 #timing (1063 1017) ps  polarity 1
net 130: (6 2)->(6 2) 0 0 0 1 #timing (1146 1217) ps  polarity 0
net 130: (6 2)->(6 3) 0 1 0 1 #timing (1164 1230) ps  polarity 0
net 130: (6 2)->(7 3) 0 3 0 1 #timing (1159 1227) ps  polarity 0
net 130: (4 2)->(4 6) 3 1 0 0 #timing (1160 1086) ps polarity 0
net 130: (4 6)->(4 6) 5 0 0 0 #timing (1283 1221) ps polarity 1
net 130: (4 6)->(12 14) 5 3 0 1 #timing (1832 1773) ps  polarity 1
net 130: (12 14)->(14 12) 1 3 0 1 #timing (2107 2007) ps  polarity 1
net 130: (14 12)->(14 12) 0 0 0 1 #timing (2135 2265) ps  polarity 0
net 130: (4 2)->(8 2) 4 5 0 0 #timing (1165 1108) ps polarity 0
net 130: (8 2)->(12 2) 4 2 0 1 #timing (1414 1343) ps  polarity 0
net 130: (12 2)->(14 0) 1 3 0 1 #timing (1670 1558) ps  polarity 1
net 130: (14 0)->(14 1) 0 1 0 1 #timing (1700 1833) ps  polarity 0
net 130: (4 2)->(6 0) 1 3 0 0 #timing (928 886) ps polarity 0
net 130: (6 0)->(4 2) 1 3 0 1 #timing (1248 1157) ps  polarity 1
net 130: (4 2)->(4 2) 0 0 0 1 #timing (1288 1409) ps  polarity 0
net 130: (4 2)->(5 2) 0 2 0 1 #timing (1285 1409) ps  polarity 0
net 130: (4 2)->(5 3) 0 3 0 1 #timing (1320 1427) ps  polarity 0
net 130: (6 0)->(6 4) 3 1 0 0 #timing (1302 1296) ps polarity 0
net 130: (6 4)->(6 6) 1 1 0 1 #timing (1570 1513) ps  polarity 1
net 130: (6 6)->(6 7) 0 1 0 1 #timing (1653 1717) ps  polarity 0
net 130: (6 4)->(10 4) 4 5 0 0 #timing (1668 1617) ps polarity 0
net 130: (10 4)->(10 4) 1 0 1 1 #timing (1815 1840) ps  polarity 1
net 130: (10 4)->(11 5) 0 3 0 1 #timing (1982 1939) ps  polarity 0
net 130: (6 0)->(2 0) 4 2 0 0 #timing (1219 1254) ps polarity 0
net 130: (2 0)->(2 2) 1 1 0 1 #timing (1520 1441) ps  polarity 1
net 130: (2 2)->(3 2) 0 2 0 1 #timing (1575 1662) ps  polarity 0
net 130: (4 3)->(5 3) 0 2 0 0 #timing (738 738) ps polarity 1
net 130: (5 3)->(5 3) 1 0 0 0 #timing (815 819) ps polarity 0
net 130: (5 3)->(5 7) 3 1 0 1 #timing (1208 1120) ps  polarity 0
net 130: (5 7)->(7 5) 1 3 0 1 #timing (1394 1279) ps  polarity 1
net 130: (7 5)->(7 4) 0 1 0 1 #timing (1424 1550) ps  polarity 0
net 131: (2 1)->(2 1) 0 0 0 0 #timing (680 680) ps polarity 1
net 131: (2 1)->(2 1) 1 0 0 0 #timing (751 757) ps polarity 0
net 131: (2 1)->(2 5) 3 1 0 0 #timing (1087 1009) ps polarity 0
net 131: (2 5)->(6 5) 4 2 0 0 #timing (1383 1285) ps polarity 0
net 131: (6 5)->(6 5) 1 0 1 1 #timing (1496 1563) ps  polarity 1
net 131: (6 5)->(7 4) 0 3 0 1 #timing (1694 1613) ps  polarity 0
net 131: (2 5)->(2 5) 5 0 0 0 #timing (1211 1145) ps polarity 1
net 131: (2 5)->(10 13) 5 3 0 1 #timing (1786 1717) ps  polarity 1
net 131: (10 13)->(14 13) 4 2 0 1 #timing (2017 2071) ps  polarity 0
net 131: (14 13)->(14 13) 1 0 1 1 #timing (2210 2239) ps  polarity 1
net 131: (14 13)->(15 12) 0 3 0 1 #timing (2363 2323) ps  polarity 0
net 131: (2 1)->(6 1) 4 2 0 0 #timing (1029 1002) ps polarity 0
net 131: (6 1)->(6 1) 5 0 0 0 #timing (1153 1141) ps polarity 1
net 131: (6 1)->(6 9) 5 1 0 1 #timing (1524 1510) ps  polarity 0
net 131: (6 9)->(6 9) 1 0 0 1 #timing (1716 1697) ps  polarity 1
net 131: (6 9)->(7 8) 0 3 0 1 #timing (1832 1835) ps  polarity 0
net 131: (6 1)->(14 1) 5 2 0 1 #timing (1521 1503) ps  polarity 0
net 131: (14 1)->(14 1) 1 0 0 1 #timing (1710 1696) ps  polarity 1
net 131: (14 1)->(15 1) 0 2 0 1 #timing (1792 1808) ps  polarity 0
net 131: (2 1)->(0 3) 1 3 0 0 #timing (825 804) ps polarity 0
net 131: (0 3)->(2 3) 1 2 0 1 #timing (1114 1059) ps  polarity 1
net 131: (2 3)->(2 2) 0 1 0 1 #timing (1178 1251) ps  polarity 0
net 131: (2 1)->(3 1) 0 2 0 0 #timing (688 688) ps polarity 1
net 131: (3 1)->(3 1) 1 0 0 0 #timing (767 763) ps polarity 0
net 131: (3 1)->(7 1) 4 2 0 0 #timing (1017 1011) ps polarity 0
net 131: (7 1)->(7 1) 1 0 1 1 #timing (1215 1193) ps  polarity 1
net 131: (7 1)->(7 1) 0 0 0 1 #timing (1290 1314) ps  polarity 0
net 131: (7 1)->(5 1) 1 2 0 1 #timing (1255 1222) ps  polarity 1
net 131: (5 1)->(5 1) 0 0 0 1 #timing (1326 1374) ps  polarity 0
net 131: (3 1)->(3 3) 1 1 0 0 #timing (801 787) ps polarity 0
net 131: (3 3)->(7 3) 4 2 0 0 #timing (1057 1081) ps polarity 0
net 131: (7 3)->(11 3) 4 5 0 1 #timing (1314 1324) ps  polarity 0
net 131: (11 3)->(11 7) 3 1 0 1 #timing (1628 1581) ps  polarity 0
net 131: (11 7)->(11 7) 1 0 0 1 #timing (1734 1690) ps  polarity 1
net 131: (11 7)->(11 6) 0 1 0 1 #timing (1814 1848) ps  polarity 0
net 132: (3 3)->(3 3) 0 0 0 0 #timing (686 686) ps polarity 1
net 132: (3 3)->(1 1) 1 3 0 0 #timing (850 821) ps polarity 0
net 132: (1 1)->(3 3) 1 3 0 1 #timing (1162 1088) ps  polarity 1
net 132: (3 3)->(3 3) 0 0 0 1 #timing (1207 1310) ps  polarity 0
net 132: (1 1)->(1 5) 3 1 0 0 #timing (1171 1167) ps polarity 0
net 132: (1 5)->(5 5) 4 2 0 0 #timing (1524 1480) ps polarity 0
net 132: (5 5)->(7 7) 1 3 0 1 #timing (1773 1755) ps  polarity 1
net 132: (7 7)->(7 6) 0 1 0 1 #timing (1894 1928) ps  polarity 0
net 132: (5 5)->(9 5) 4 5 0 1 #timing (1845 1780) ps  polarity 0
net 132: (9 5)->(9 9) 3 4 0 1 #timing (2192 2070) ps  polarity 0
net 132: (9 9)->(11 11) 1 3 0 1 #timing (2416 2260) ps  polarity 1
net 132: (11 11)->(11 11) 0 0 0 1 #timing (2382 2583) ps  polarity 0
net 133: (2 3)->(2 3) 0 0 0 0 #timing (726 726) ps polarity 1
net 133: (2 3)->(2 3) 1 0 0 0 #timing (797 803) ps polarity 0
net 133: (2 3)->(2 3) 5 0 0 0 #timing (905 915) ps polarity 1
net 133: (2 3)->(10 11) 5 3 0 1 #timing (1503 1518) ps  polarity 1
net 133: (10 11)->(10 11) 1 0 1 1 #timing (1687 1691) ps  polarity 1
net 133: (10 11)->(11 11) 0 2 0 1 #timing (1827 1808) ps  polarity 0
net 133: (2 3)->(0 1) 1 3 0 0 #timing (889 860) ps polarity 0
net 133: (0 1)->(2 3) 1 3 0 1 #timing (1215 1129) ps  polarity 1
net 133: (2 3)->(2 3) 0 0 0 1 #timing (1257 1378) ps  polarity 0
net 133: (0 1)->(0 5) 3 1 0 0 #timing (1182 1182) ps polarity 0
net 133: (0 5)->(4 5) 4 2 0 0 #timing (1454 1447) ps polarity 0
net 133: (4 5)->(6 7) 1 3 0 1 #timing (1733 1687) ps  polarity 1
net 133: (6 7)->(6 6) 0 1 0 1 #timing (1829 1906) ps  polarity 0
net 134: (3 4)->(3 4) 0 0 0 0 #timing (637 637) ps polarity 1
net 134: (3 4)->(1 6) 1 3 0 0 #timing (801 772) ps polarity 0
net 134: (1 6)->(3 4) 1 3 0 1 #timing (1126 1050) ps  polarity 1
net 134: (3 4)->(3 4) 0 0 0 1 #timing (1172 1279) ps  polarity 0
net 134: (1 6)->(1 10) 3 4 0 0 #timing (1090 1110) ps polarity 0
net 134: (1 10)->(1 10) 5 0 1 0 #timing (1216 1252) ps polarity 1
net 134: (1 10)->(1 27) 13 1 1 0 #timing (1936 1765) ps polarity 0
net 134: (1 27)->(1 27) 5 0 0 1 #timing (2167 2008) ps  polarity 0
net 134: (1 27)->(5 27) 4 2 0 1 #timing (2481 2284) ps  polarity 1
net 134: (5 27)->(5 23) 3 4 0 1 #timing (2802 2544) ps  polarity 1
net 134: (5 23)->(7 21) 1 3 0 1 #timing (2991 2708) ps  polarity 0
net 134: (7 21)->(6 20) 0 3 0 1 #timing (2846 3140) ps  polarity 1
net 134: (1 27)->(9 19) 5 3 0 1 #timing (2705 2514) ps  polarity 0
net 134: (9 19)->(11 17) 1 3 0 1 #timing (2992 2755) ps  polarity 0
net 134: (11 17)->(10 16) 0 3 0 1 #timing (2919 3177) ps  polarity 1
net 135: (4 15)->(4 15) 0 0 0 0 #timing (726 726) ps polarity 1
net 135: (4 15)->(4 15) 1 0 0 0 #timing (797 802) ps polarity 0
net 135: (4 15)->(4 19) 3 4 0 0 #timing (1108 1041) ps polarity 0
net 135: (4 19)->(4 23) 3 1 0 1 #timing (1551 1375) ps  polarity 0
net 135: (4 23)->(4 21) 1 1 0 1 #timing (1701 1515) ps  polarity 1
net 135: (4 21)->(5 20) 0 3 0 1 #timing (1657 1846) ps  polarity 0
net 135: (4 15)->(5 15) 0 2 0 0 #timing (738 738) ps polarity 1
net 135: (5 15)->(7 15) 1 2 0 0 #timing (868 854) ps polarity 0
net 135: (7 15)->(3 15) 4 2 0 0 #timing (1104 1121) ps polarity 0
net 135: (3 15)->(3 15) 1 0 0 1 #timing (1333 1289) ps  polarity 1
net 135: (3 15)->(3 14) 0 1 0 1 #timing (1401 1440) ps  polarity 0
net 135: (4 15)->(5 14) 0 3 0 0 #timing (743 743) ps polarity 1
net 135: (5 14)->(5 12) 1 1 0 0 #timing (879 865) ps polarity 0
net 135: (5 12)->(5 14) 1 1 0 1 #timing (1152 1094) ps  polarity 1
net 135: (5 14)->(4 15) 0 3 0 1 #timing (1251 1313) ps  polarity 0
net 136: (6 18)->(6 18) 0 0 0 0 #timing (706 706) ps polarity 1
net 136: (6 18)->(4 16) 1 3 0 0 #timing (870 842) ps polarity 0
net 136: (4 16)->(6 18) 1 3 0 1 #timing (1202 1114) ps  polarity 1
net 136: (6 18)->(6 18) 0 0 0 1 #timing (1274 1389) ps  polarity 0
net 136: (4 16)->(4 12) 3 4 0 0 #timing (1152 1165) ps polarity 0
net 136: (4 12)->(4 8) 3 1 0 1 #timing (1587 1492) ps  polarity 0
net 136: (4 8)->(4 10) 1 1 0 1 #timing (1721 1622) ps  polarity 1
net 136: (4 10)->(5 10) 0 2 0 1 #timing (1774 1874) ps  polarity 0
net 136: (6 18)->(7 18) 0 2 0 0 #timing (708 708) ps polarity 1
net 136: (7 18)->(7 18) 1 0 0 0 #timing (791 793) ps polarity 0
net 136: (7 18)->(7 14) 3 4 0 0 #timing (1092 1033) ps polarity 0
net 136: (7 14)->(3 14) 4 2 0 0 #timing (1380 1304) ps polarity 0
net 136: (3 14)->(3 14) 1 0 1 1 #timing (1521 1569) ps  polarity 1
net 136: (3 14)->(2 14) 0 2 0 1 #timing (1689 1633) ps  polarity 0
net 137: (4 21)->(4 21) 0 0 0 0 #timing (726 726) ps polarity 1
net 137: (4 21)->(4 21) 1 0 0 0 #timing (798 804) ps polarity 0
net 137: (4 21)->(4 25) 3 4 0 0 #timing (1126 1054) ps polarity 0
net 137: (4 25)->(0 25) 4 2 0 0 #timing (1448 1336) ps polarity 0
net 137: (0 25)->(0 25) 5 0 0 0 #timing (1573 1480) ps polarity 1
net 137: (0 25)->(0 8) 13 1 1 0 #timing (2101 2078) ps polarity 0
net 137: (0 8)->(0 8) 5 0 0 1 #timing (2326 2315) ps  polarity 0
net 137: (0 8)->(2 8) 1 2 0 1 #timing (2510 2482) ps  polarity 0
net 137: (2 8)->(2 8) 0 0 0 1 #timing (2596 2649) ps  polarity 1
net 137: (4 21)->(4 23) 1 1 0 0 #timing (835 830) ps polarity 0
net 137: (4 23)->(4 19) 3 1 0 0 #timing (1128 1100) ps polarity 0
net 137: (4 19)->(4 19) 1 0 1 1 #timing (1341 1277) ps  polarity 1
net 137: (4 19)->(4 19) 0 0 0 1 #timing (1415 1464) ps  polarity 0
net 137: (4 19)->(0 19) 4 2 0 1 #timing (1524 1422) ps  polarity 0
net 137: (0 19)->(0 15) 3 4 0 1 #timing (1840 1669) ps  polarity 0
net 137: (0 15)->(2 15) 1 2 0 1 #timing (1977 1798) ps  polarity 1
net 137: (2 15)->(3 15) 0 2 0 1 #timing (1948 2141) ps  polarity 0
net 138: (7 12)->(7 12) 0 0 0 0 #timing (733 733) ps polarity 1
net 138: (7 12)->(7 12) 1 0 0 0 #timing (813 817) ps polarity 0
net 138: (7 12)->(7 16) 3 4 0 0 #timing (1260 1147) ps polarity 0
net 138: (7 16)->(7 16) 1 0 0 1 #timing (1474 1330) ps  polarity 1
net 138: (7 16)->(7 16) 0 0 0 1 #timing (1404 1557) ps  polarity 0
net 138: (7 12)->(5 14) 1 3 0 0 #timing (871 855) ps polarity 0
net 138: (5 14)->(5 18) 3 4 0 0 #timing (1219 1196) ps polarity 0
net 138: (5 18)->(5 22) 3 1 0 1 #timing (1643 1513) ps  polarity 0
net 138: (5 22)->(5 20) 1 1 0 1 #timing (1789 1649) ps  polarity 1
net 138: (5 20)->(5 21) 0 1 0 1 #timing (1824 1953) ps  polarity 0
net 138: (7 12)->(7 13) 0 1 0 0 #timing (739 740) ps polarity 1
net 138: (7 13)->(7 13) 1 0 0 0 #timing (816 819) ps polarity 0
net 138: (7 13)->(7 9) 3 1 0 0 #timing (1157 1078) ps polarity 0
net 138: (7 9)->(5 11) 1 3 0 1 #timing (1437 1303) ps  polarity 1
net 138: (5 11)->(5 10) 0 1 0 1 #timing (1434 1598) ps  polarity 0
net 138: (7 9)->(3 9) 4 2 0 1 #timing (1544 1394) ps  polarity 0
net 138: (3 9)->(3 9) 1 0 0 1 #timing (1738 1565) ps  polarity 1
net 138: (3 9)->(2 8) 0 3 0 1 #timing (1702 1859) ps  polarity 0
net 138: (7 12)->(6 13) 0 3 0 0 #timing (733 733) ps polarity 1
net 138: (6 13)->(6 13) 1 0 0 0 #timing (822 822) ps polarity 0
net 138: (6 13)->(2 13) 4 2 0 0 #timing (1121 1076) ps polarity 0
net 138: (2 13)->(2 13) 1 0 1 1 #timing (1293 1308) ps  polarity 1
net 138: (2 13)->(3 13) 0 2 0 1 #timing (1407 1394) ps  polarity 0
net 139: (4 17)->(4 16) 0 1 0 0 #timing (174 174) ps polarity 1
net 139: (4 16)->(4 16) 1 0 0 0 #timing (252 254) ps polarity 0
net 139: (4 16)->(4 20) 3 1 0 1 #timing (669 569) ps  polarity 0
net 139: (4 20)->(4 20) 1 0 1 1 #timing (769 673) ps  polarity 1
net 139: (4 20)->(5 20) 0 2 0 1 #timing (813 892) ps  polarity 0
net 139: (4 16)->(0 16) 4 2 0 0 #timing (533 494) ps polarity 0
net 139: (0 16)->(2 16) 1 2 0 1 #timing (746 746) ps  polarity 1
net 139: (2 16)->(3 16) 0 2 0 1 #timing (875 892) ps  polarity 0
net 139: (0 16)->(0 16) 5 0 0 0 #timing (660 641) ps polarity 1
net 139: (0 16)->(0 1) 13 1 1 0 #timing (1222 1133) ps polarity 0
net 139: (0 1)->(8 9) 5 3 0 1 #timing (2000 1894) ps  polarity 0
net 139: (8 9)->(8 11) 1 1 0 1 #timing (2217 2090) ps  polarity 0
net 139: (8 11)->(9 11) 0 2 0 1 #timing (2214 2352) ps  polarity 1
net 139: (8 9)->(10 11) 1 3 0 1 #timing (2234 2097) ps  polarity 0
net 139: (10 11)->(10 11) 0 0 0 1 #timing (2220 2376) ps  polarity 1
net 139: (4 16)->(8 16) 4 5 0 0 #timing (600 539) ps polarity 0
net 139: (8 16)->(8 16) 1 0 1 1 #timing (739 772) ps  polarity 1
net 139: (8 16)->(9 17) 0 3 0 1 #timing (898 854) ps  polarity 0
net 140: (2 10)->(2 10) 0 0 0 0 #timing (649 649) ps polarity 1
net 140: (2 10)->(2 10) 1 0 0 0 #timing (720 726) ps polarity 0
net 140: (2 10)->(2 10) 1 0 0 1 #timing (924 896) ps  polarity 1
net 140: (2 10)->(2 10) 0 0 0 1 #timing (1022 1039) ps  polarity 0
net 140: (2 10)->(2 14) 3 1 0 0 #timing (1029 967) ps polarity 0
net 140: (2 14)->(2 18) 3 4 0 1 #timing (1466 1290) ps  polarity 0
net 140: (2 18)->(2 16) 1 1 0 1 #timing (1622 1433) ps  polarity 1
net 140: (2 16)->(2 16) 0 0 0 1 #timing (1577 1774) ps  polarity 0
net 140: (2 10)->(6 10) 4 2 0 0 #timing (1008 974) ps polarity 0
net 140: (6 10)->(10 10) 4 5 0 1 #timing (1260 1214) ps  polarity 0
net 140: (10 10)->(10 10) 1 0 0 1 #timing (1458 1384) ps  polarity 1
net 140: (10 10)->(10 11) 0 1 0 1 #timing (1480 1555) ps  polarity 0
net 140: (2 10)->(2 11) 0 1 0 0 #timing (656 656) ps polarity 1
net 140: (2 11)->(0 9) 1 3 0 0 #timing (824 788) ps polarity 0
net 140: (0 9)->(0 13) 3 1 0 0 #timing (1110 1121) ps polarity 0
net 140: (0 13)->(0 13) 5 0 0 0 #timing (1233 1256) ps polarity 1
net 140: (0 13)->(8 13) 5 2 0 1 #timing (1634 1642) ps  polarity 0
net 140: (8 13)->(8 17) 3 4 0 1 #timing (2055 1950) ps  polarity 0
net 140: (8 17)->(8 17) 1 0 1 1 #timing (2165 2060) ps  polarity 1
net 140: (8 17)->(9 17) 0 2 0 1 #timing (2185 2281) ps  polarity 0
net 140: (2 10)->(3 10) 0 2 0 0 #timing (658 658) ps polarity 1
net 140: (3 10)->(1 8) 1 3 0 0 #timing (823 790) ps polarity 0
net 140: (1 8)->(1 4) 3 4 0 0 #timing (1077 1107) ps polarity 0
net 140: (1 4)->(5 4) 4 2 0 0 #timing (1399 1400) ps polarity 0
net 140: (5 4)->(5 4) 5 0 0 0 #timing (1521 1540) ps polarity 1
net 140: (5 4)->(5 21) 13 1 1 0 #timing (2226 2075) ps polarity 0
net 140: (5 21)->(5 21) 5 0 1 1 #timing (2455 2319) ps  polarity 0
net 140: (5 21)->(5 21) 1 0 1 1 #timing (2597 2457) ps  polarity 0
net 140: (5 21)->(5 20) 0 1 0 1 #timing (2574 2707) ps  polarity 1
net 140: (2 10)->(3 11) 0 3 0 0 #timing (667 667) ps polarity 1
net 140: (3 11)->(3 9) 1 1 0 0 #timing (818 795) ps polarity 0
net 140: (3 9)->(7 9) 4 2 0 0 #timing (1063 1090) ps polarity 0
net 140: (7 9)->(11 9) 4 5 0 1 #timing (1325 1336) ps  polarity 0
net 140: (11 9)->(9 11) 1 3 0 1 #timing (1607 1567) ps  polarity 1
net 140: (9 11)->(9 11) 0 0 0 1 #timing (1703 1783) ps  polarity 0
net 141: (6 12)->(6 12) 0 0 0 0 #timing (706 706) ps polarity 1
net 141: (6 12)->(6 12) 1 0 0 0 #timing (789 792) ps polarity 0
net 141: (6 12)->(6 16) 3 4 0 0 #timing (1096 1039) ps polarity 0
net 141: (6 16)->(6 16) 1 0 1 1 #timing (1309 1220) ps  polarity 1
net 141: (6 16)->(7 16) 0 2 0 1 #timing (1321 1411) ps  polarity 0
net 141: (6 16)->(2 16) 4 2 0 0 #timing (1453 1355) ps polarity 0
net 141: (2 16)->(2 16) 1 0 1 1 #timing (1570 1639) ps  polarity 1
net 141: (2 16)->(3 17) 0 3 0 1 #timing (1779 1693) ps  polarity 0
net 141: (6 12)->(10 12) 4 5 0 1 #timing (1259 1157) ps  polarity 0
net 141: (10 12)->(10 8) 3 1 0 1 #timing (1605 1430) ps  polarity 0
net 141: (10 8)->(8 10) 1 3 0 1 #timing (1748 1565) ps  polarity 1
net 141: (8 10)->(9 11) 0 3 0 1 #timing (1698 1897) ps  polarity 0
net 141: (6 12)->(4 12) 1 2 0 0 #timing (853 833) ps polarity 0
net 141: (4 12)->(8 12) 4 5 0 0 #timing (1181 1177) ps polarity 0
net 141: (8 12)->(8 16) 3 4 0 1 #timing (1561 1479) ps  polarity 0
net 141: (8 16)->(10 16) 1 2 0 1 #timing (1682 1598) ps  polarity 1
net 141: (10 16)->(11 16) 0 2 0 1 #timing (1702 1793) ps  polarity 0
net 141: (6 12)->(6 13) 0 1 0 0 #timing (697 697) ps polarity 1
net 141: (6 13)->(6 15) 1 1 0 0 #timing (820 811) ps polarity 0
net 141: (6 15)->(10 15) 4 5 0 1 #timing (1275 1180) ps  polarity 0
net 141: (10 15)->(10 15) 1 0 0 1 #timing (1471 1349) ps  polarity 1
net 141: (10 15)->(11 15) 0 2 0 1 #timing (1460 1578) ps  polarity 0
net 142: (5 16)->(5 16) 0 0 0 0 #timing (637 637) ps polarity 1
net 142: (5 16)->(5 16) 1 0 0 0 #timing (708 713) ps polarity 0
net 142: (5 16)->(5 12) 3 4 0 0 #timing (967 925) ps polarity 0
net 142: (5 12)->(9 12) 4 5 0 0 #timing (1343 1257) ps polarity 0
net 142: (9 12)->(11 14) 1 3 0 1 #timing (1531 1568) ps  polarity 1
net 142: (11 14)->(11 15) 0 1 0 1 #timing (1718 1710) ps  polarity 0
net 142: (5 16)->(1 16) 4 2 0 0 #timing (963 935) ps polarity 0
net 142: (1 16)->(3 16) 1 2 0 1 #timing (1192 1177) ps  polarity 1
net 142: (3 16)->(2 17) 0 3 0 1 #timing (1308 1332) ps  polarity 0
net 142: (5 16)->(7 16) 1 2 0 0 #timing (747 741) ps polarity 0
net 142: (7 16)->(7 16) 5 0 1 0 #timing (855 888) ps polarity 1
net 142: (7 16)->(7 0) 13 1 0 0 #timing (1576 1410) ps polarity 0
net 142: (7 0)->(15 8) 5 3 0 1 #timing (2442 2249) ps  polarity 0
net 142: (15 8)->(11 8) 4 2 0 1 #timing (2587 2772) ps  polarity 1
net 142: (11 8)->(9 10) 1 3 0 1 #timing (2867 2999) ps  polarity 0
net 142: (9 10)->(9 11) 0 1 0 1 #timing (3187 3079) ps  polarity 1
net 142: (5 16)->(4 16) 0 2 0 0 #timing (643 643) ps polarity 1
net 142: (4 16)->(6 18) 1 3 0 0 #timing (793 775) ps polarity 0
net 142: (6 18)->(6 18) 1 0 0 1 #timing (1026 989) ps  polarity 1
net 142: (6 18)->(7 19) 0 3 0 1 #timing (1120 1142) ps  polarity 0
net 143: (4 16)->(5 16) 0 2 0 0 #timing (658 658) ps polarity 1
net 143: (5 16)->(5 18) 1 1 0 0 #timing (769 763) ps polarity 0
net 143: (5 18)->(9 18) 4 5 0 0 #timing (1141 1132) ps polarity 0
net 143: (9 18)->(9 18) 1 0 1 1 #timing (1327 1311) ps  polarity 1
net 143: (9 18)->(9 19) 0 1 0 1 #timing (1422 1434) ps  polarity 0
net 143: (4 16)->(5 17) 0 3 0 0 #timing (667 667) ps polarity 1
net 143: (5 17)->(5 17) 1 0 0 0 #timing (756 756) ps polarity 0
net 143: (5 17)->(5 21) 3 1 0 0 #timing (1022 979) ps polarity 0
net 143: (5 21)->(1 21) 4 2 0 0 #timing (1310 1241) ps polarity 0
net 143: (1 21)->(3 21) 1 2 0 1 #timing (1501 1526) ps  polarity 1
net 143: (3 21)->(3 20) 0 1 0 1 #timing (1637 1623) ps  polarity 0
net 143: (5 17)->(5 19) 1 1 0 0 #timing (790 780) ps polarity 0
net 143: (5 19)->(9 19) 4 5 0 0 #timing (1166 1142) ps polarity 0
net 143: (9 19)->(9 17) 1 1 0 1 #timing (1382 1367) ps  polarity 1
net 143: (9 17)->(9 17) 0 0 0 1 #timing (1473 1504) ps  polarity 0
net 143: (9 19)->(9 15) 3 4 0 1 #timing (1604 1524) ps  polarity 0
net 143: (9 15)->(9 15) 1 0 0 1 #timing (1708 1636) ps  polarity 1
net 143: (9 15)->(9 14) 0 1 0 1 #timing (1740 1810) ps  polarity 0
net 143: (5 19)->(5 19) 5 0 0 0 #timing (889 929) ps polarity 1
net 143: (5 19)->(5 3) 13 1 0 0 #timing (1568 1407) ps polarity 0
net 143: (5 3)->(5 11) 5 1 0 1 #timing (2019 1837) ps  polarity 1
net 143: (5 11)->(9 11) 4 5 0 1 #timing (2364 2127) ps  polarity 1
net 143: (9 11)->(9 11) 1 0 1 1 #timing (2553 2291) ps  polarity 0
net 143: (9 11)->(8 11) 0 2 0 1 #timing (2387 2651) ps  polarity 1
net 143: (5 17)->(7 17) 1 2 0 0 #timing (819 794) ps polarity 0
net 143: (7 17)->(7 21) 3 1 0 1 #timing (1241 1131) ps  polarity 0
net 143: (7 21)->(7 21) 1 0 0 1 #timing (1360 1253) ps  polarity 1
net 143: (7 21)->(7 21) 0 0 0 1 #timing (1336 1450) ps  polarity 0
net 144: (2 12)->(2 12) 0 0 0 0 #timing (704 704) ps polarity 1
net 144: (2 12)->(0 14) 1 3 0 0 #timing (861 833) ps polarity 0
net 144: (0 14)->(2 14) 1 2 0 1 #timing (1153 1088) ps  polarity 1
net 144: (2 14)->(2 15) 0 1 0 1 #timing (1218 1304) ps  polarity 0
net 144: (0 14)->(0 10) 3 1 0 0 #timing (1112 1137) ps polarity 0
net 144: (0 10)->(2 10) 1 2 0 1 #timing (1378 1352) ps  polarity 1
net 144: (2 10)->(2 11) 0 1 0 1 #timing (1480 1526) ps  polarity 0
net 144: (0 14)->(0 18) 3 4 0 0 #timing (1148 1164) ps polarity 0
net 144: (0 18)->(0 22) 3 1 0 1 #timing (1587 1496) ps  polarity 0
net 144: (0 22)->(2 20) 1 3 0 1 #timing (1762 1652) ps  polarity 1
net 144: (2 20)->(2 20) 0 0 0 1 #timing (1771 1910) ps  polarity 0
net 144: (0 18)->(0 18) 5 0 1 0 #timing (1279 1309) ps polarity 1
net 144: (0 18)->(8 26) 5 3 0 1 #timing (1931 1962) ps  polarity 1
net 144: (8 26)->(8 22) 3 4 0 1 #timing (2343 2283) ps  polarity 0
net 144: (8 22)->(8 20) 1 1 0 1 #timing (2490 2422) ps  polarity 1
net 144: (8 20)->(9 21) 0 3 0 1 #timing (2563 2638) ps  polarity 0
net 144: (8 26)->(4 26) 4 5 0 1 #timing (2299 2253) ps  polarity 0
net 144: (4 26)->(4 22) 3 4 0 1 #timing (2595 2488) ps  polarity 0
net 144: (4 22)->(6 20) 1 3 0 1 #timing (2770 2641) ps  polarity 1
net 144: (6 20)->(7 21) 0 3 0 1 #timing (2807 2954) ps  polarity 0
net 144: (2 12)->(2 13) 0 1 0 0 #timing (680 680) ps polarity 1
net 144: (2 13)->(2 15) 1 1 0 0 #timing (790 782) ps polarity 0
net 144: (2 15)->(2 15) 5 0 0 0 #timing (894 935) ps polarity 1
net 144: (2 15)->(10 15) 5 2 0 1 #timing (1235 1275) ps  polarity 0
net 144: (10 15)->(8 15) 1 2 0 1 #timing (1545 1446) ps  polarity 1
net 144: (8 15)->(9 14) 0 3 0 1 #timing (1610 1689) ps  polarity 0
net 145: (5 18)->(5 19) 0 1 0 0 #timing (690 691) ps polarity 1
net 145: (5 19)->(7 17) 1 3 0 0 #timing (863 826) ps polarity 0
net 145: (7 17)->(7 17) 1 0 0 1 #timing (1090 1032) ps  polarity 1
net 145: (7 17)->(7 16) 0 1 0 1 #timing (1109 1175) ps  polarity 0
net 145: (7 17)->(7 21) 3 1 0 0 #timing (1165 1168) ps polarity 0
net 145: (7 21)->(5 21) 1 2 0 1 #timing (1415 1379) ps  polarity 1
net 145: (5 21)->(5 21) 0 0 0 1 #timing (1473 1534) ps  polarity 0
net 145: (7 21)->(3 21) 4 2 0 0 #timing (1429 1425) ps polarity 0
net 145: (3 21)->(3 21) 1 0 1 1 #timing (1642 1617) ps  polarity 1
net 145: (3 21)->(3 21) 0 0 0 1 #timing (1718 1744) ps  polarity 0
net 145: (7 21)->(7 21) 5 0 0 0 #timing (1297 1317) ps polarity 1
net 145: (7 21)->(7 4) 13 1 1 0 #timing (2108 1929) ps polarity 0
net 145: (7 4)->(15 12) 5 3 0 1 #timing (2915 2720) ps  polarity 0
net 145: (15 12)->(11 12) 4 2 0 1 #timing (3023 3213) ps  polarity 1
net 145: (11 12)->(11 16) 3 4 0 1 #timing (3304 3443) ps  polarity 1
net 145: (11 16)->(11 16) 1 0 1 1 #timing (3400 3542) ps  polarity 0
net 145: (11 16)->(11 16) 0 0 0 1 #timing (3689 3526) ps  polarity 1
net 145: (7 17)->(7 13) 3 4 0 0 #timing (1177 1174) ps polarity 0
net 145: (7 13)->(11 13) 4 5 0 0 #timing (1557 1499) ps polarity 0
net 145: (11 13)->(9 13) 1 2 0 1 #timing (1754 1773) ps  polarity 1
net 145: (9 13)->(8 13) 0 2 0 1 #timing (1931 1934) ps  polarity 0
net 146: (9 15)->(9 14) 0 1 0 0 #timing (826 827) ps polarity 1
net 146: (9 14)->(11 12) 1 3 0 0 #timing (1012 975) ps polarity 0
net 146: (11 12)->(9 12) 1 2 0 1 #timing (1328 1244) ps  polarity 1
net 146: (9 12)->(9 13) 0 1 0 1 #timing (1394 1502) ps  polarity 0
net 146: (11 12)->(11 16) 3 4 0 0 #timing (1339 1333) ps polarity 0
net 146: (11 16)->(7 16) 4 5 0 0 #timing (1740 1673) ps polarity 0
net 146: (7 16)->(7 20) 3 1 0 1 #timing (2120 2085) ps  polarity 0
net 146: (7 20)->(7 20) 1 0 0 1 #timing (2231 2201) ps  polarity 1
net 146: (7 20)->(6 21) 0 3 0 1 #timing (2284 2319) ps  polarity 0
net 146: (7 16)->(3 16) 4 2 0 1 #timing (2038 1945) ps  polarity 0
net 146: (3 16)->(3 20) 3 1 0 1 #timing (2310 2173) ps  polarity 0
net 146: (3 20)->(3 20) 1 0 1 1 #timing (2407 2274) ps  polarity 1
net 146: (3 20)->(2 21) 0 3 0 1 #timing (2418 2530) ps  polarity 0
net 146: (9 15)->(8 15) 0 2 0 0 #timing (772 772) ps polarity 1
net 146: (8 15)->(10 13) 1 3 0 0 #timing (942 908) ps polarity 0
net 146: (10 13)->(10 17) 3 4 0 0 #timing (1244 1239) ps polarity 0
net 146: (10 17)->(6 17) 4 5 0 0 #timing (1583 1529) ps polarity 0
net 146: (6 17)->(6 21) 3 1 0 1 #timing (1943 1906) ps  polarity 0
net 146: (6 21)->(4 21) 1 2 0 1 #timing (2106 2053) ps  polarity 1
net 146: (4 21)->(5 21) 0 2 0 1 #timing (2178 2243) ps  polarity 0
net 147: (8 21)->(8 21) 0 0 0 0 #timing (797 797) ps polarity 1
net 147: (8 21)->(10 21) 1 2 0 0 #timing (918 907) ps polarity 0
net 147: (10 21)->(6 21) 4 5 0 0 #timing (1263 1229) ps polarity 0
net 147: (6 21)->(6 21) 1 0 1 1 #timing (1430 1439) ps  polarity 1
net 147: (6 21)->(6 21) 0 0 0 1 #timing (1547 1535) ps  polarity 0
net 147: (8 21)->(8 20) 0 1 0 0 #timing (700 700) ps polarity 1
net 147: (8 20)->(8 22) 1 1 0 0 #timing (825 815) ps polarity 0
net 147: (8 22)->(8 18) 3 1 0 0 #timing (1122 1097) ps polarity 0
net 147: (8 18)->(8 18) 1 0 1 1 #timing (1341 1278) ps  polarity 1
net 147: (8 18)->(8 19) 0 1 0 1 #timing (1459 1481) ps  polarity 0
net 147: (8 18)->(8 14) 3 4 0 1 #timing (1570 1431) ps  polarity 0
net 147: (8 14)->(10 14) 1 2 0 1 #timing (1686 1545) ps  polarity 1
net 147: (10 14)->(10 15) 0 1 0 1 #timing (1661 1803) ps  polarity 0
net 147: (8 22)->(8 22) 5 0 0 0 #timing (927 971) ps polarity 1
net 147: (8 22)->(0 22) 5 2 0 1 #timing (1346 1372) ps  polarity 0
net 147: (0 22)->(2 22) 1 2 0 1 #timing (1606 1536) ps  polarity 1
net 147: (2 22)->(3 22) 0 2 0 1 #timing (1666 1755) ps  polarity 0
net 147: (8 22)->(8 7) 13 1 1 0 #timing (1615 1450) ps polarity 0
net 147: (8 7)->(8 7) 5 0 1 1 #timing (1833 1681) ps  polarity 0
net 147: (8 7)->(8 11) 3 4 0 1 #timing (2222 1982) ps  polarity 1
net 147: (8 11)->(8 11) 1 0 1 1 #timing (2334 2094) ps  polarity 0
net 147: (8 11)->(8 11) 0 0 0 1 #timing (2225 2452) ps  polarity 1
net 147: (8 21)->(9 21) 0 2 0 0 #timing (801 801) ps polarity 1
net 147: (9 21)->(11 21) 1 2 0 0 #timing (915 909) ps polarity 0
net 147: (11 21)->(11 21) 5 0 0 0 #timing (1032 1083) ps polarity 1
net 147: (11 21)->(11 5) 13 1 0 0 #timing (1753 1572) ps polarity 0
net 147: (11 5)->(3 5) 5 2 0 1 #timing (2243 2037) ps  polarity 1
net 147: (3 5)->(3 9) 3 4 0 1 #timing (2450 2553) ps  polarity 1
net 147: (3 9)->(3 9) 1 0 1 1 #timing (2555 2659) ps  polarity 0
net 147: (3 9)->(3 9) 0 0 0 1 #timing (2760 2657) ps  polarity 1
net 148: (4 18)->(4 19) 0 1 0 0 #timing (679 679) ps polarity 1
net 148: (4 19)->(4 19) 1 0 0 0 #timing (760 762) ps polarity 0
net 148: (4 19)->(4 15) 3 4 0 0 #timing (1029 984) ps polarity 0
net 148: (4 15)->(4 15) 5 0 0 0 #timing (1157 1123) ps polarity 1
net 148: (4 15)->(4 7) 5 1 0 1 #timing (1508 1474) ps  polarity 0
net 148: (4 7)->(6 5) 1 3 0 1 #timing (1782 1747) ps  polarity 1
net 148: (6 5)->(6 5) 0 0 0 1 #timing (1911 1965) ps  polarity 0
net 148: (4 19)->(0 19) 4 2 0 0 #timing (1044 1005) ps polarity 0
net 148: (0 19)->(0 23) 3 1 0 1 #timing (1438 1375) ps  polarity 0
net 148: (0 23)->(2 23) 1 2 0 1 #timing (1582 1510) ps  polarity 1
net 148: (2 23)->(2 22) 0 1 0 1 #timing (1635 1727) ps  polarity 0
net 148: (4 19)->(8 19) 4 5 0 0 #timing (1112 1050) ps polarity 0
net 148: (8 19)->(10 17) 1 3 0 1 #timing (1333 1335) ps  polarity 1
net 148: (10 17)->(11 16) 0 3 0 1 #timing (1485 1483) ps  polarity 0
net 148: (4 19)->(4 17) 1 1 0 0 #timing (816 797) ps polarity 0
net 148: (4 17)->(6 17) 1 2 0 1 #timing (1078 1020) ps  polarity 1
net 148: (6 17)->(7 16) 0 3 0 1 #timing (1166 1235) ps  polarity 0
net 148: (4 17)->(4 21) 3 1 0 0 #timing (1098 1081) ps polarity 0
net 148: (4 21)->(8 21) 4 5 0 0 #timing (1482 1400) ps polarity 0
net 148: (8 21)->(8 21) 1 0 1 1 #timing (1599 1652) ps  polarity 1
net 148: (8 21)->(9 21) 0 2 0 1 #timing (1766 1708) ps  polarity 0
net 148: (4 18)->(5 18) 0 2 0 0 #timing (704 704) ps polarity 1
net 148: (5 18)->(5 18) 1 0 0 0 #timing (782 786) ps polarity 0
net 148: (5 18)->(5 14) 3 4 0 0 #timing (1066 1010) ps polarity 0
net 148: (5 14)->(9 14) 4 5 0 0 #timing (1436 1333) ps polarity 0
net 148: (9 14)->(9 10) 3 1 0 1 #timing (1799 1790) ps  polarity 0
net 148: (9 10)->(9 10) 1 0 1 1 #timing (1906 1905) ps  polarity 1
net 148: (9 10)->(8 11) 0 3 0 1 #timing (2014 2011) ps  polarity 0
net 148: (4 18)->(5 19) 0 3 0 0 #timing (675 675) ps polarity 1
net 148: (5 19)->(7 19) 1 2 0 0 #timing (825 805) ps polarity 0
net 148: (7 19)->(7 15) 3 4 0 0 #timing (1133 1107) ps polarity 0
net 148: (7 15)->(11 15) 4 5 0 0 #timing (1499 1423) ps polarity 0
net 148: (11 15)->(11 15) 1 0 1 1 #timing (1634 1680) ps  polarity 1
net 148: (11 15)->(10 15) 0 2 0 1 #timing (1803 1749) ps  polarity 0
net 149: (8 15)->(8 14) 0 1 0 0 #timing (701 701) ps polarity 1
net 149: (8 14)->(10 12) 1 3 0 0 #timing (870 845) ps polarity 0
net 149: (10 12)->(8 14) 1 3 0 1 #timing (1151 1083) ps  polarity 1
net 149: (8 14)->(8 14) 0 0 0 1 #timing (1229 1308) ps  polarity 0
net 149: (10 12)->(10 8) 3 1 0 0 #timing (1157 1149) ps polarity 0
net 149: (10 8)->(10 8) 5 0 0 0 #timing (1280 1285) ps polarity 1
net 149: (10 8)->(10 25) 13 1 1 0 #timing (1947 1815) ps polarity 0
net 149: (10 25)->(10 17) 5 1 0 1 #timing (2404 2253) ps  polarity 1
net 149: (10 17)->(10 13) 3 4 0 1 #timing (2687 2731) ps  polarity 1
net 149: (10 13)->(8 15) 1 3 0 1 #timing (2829 2865) ps  polarity 0
net 149: (8 15)->(8 15) 0 0 0 1 #timing (3018 2992) ps  polarity 1
net 149: (10 12)->(10 16) 3 4 0 0 #timing (1209 1181) ps polarity 0
net 149: (10 16)->(6 16) 4 5 0 0 #timing (1541 1463) ps polarity 0
net 149: (6 16)->(6 20) 3 1 0 1 #timing (1887 1866) ps  polarity 0
net 149: (6 20)->(6 20) 1 0 1 1 #timing (1999 1980) ps  polarity 1
net 149: (6 20)->(6 21) 0 1 0 1 #timing (2094 2107) ps  polarity 0
net 149: (10 12)->(10 12) 5 0 0 0 #timing (959 1021) ps polarity 1
net 149: (10 12)->(10 29) 13 1 1 0 #timing (1683 1493) ps polarity 0
net 149: (10 29)->(2 21) 5 3 0 1 #timing (2391 2185) ps  polarity 0
net 149: (2 21)->(2 23) 1 1 0 1 #timing (2607 2380) ps  polarity 0
net 149: (2 23)->(3 23) 0 2 0 1 #timing (2504 2743) ps  polarity 1
net 149: (8 15)->(9 14) 0 3 0 0 #timing (695 695) ps polarity 1
net 149: (9 14)->(11 14) 1 2 0 0 #timing (830 818) ps polarity 0
net 149: (11 14)->(11 14) 1 0 0 1 #timing (1057 1024) ps  polarity 1
net 149: (11 14)->(10 15) 0 3 0 1 #timing (1167 1180) ps  polarity 0
net 149: (11 14)->(11 10) 3 1 0 0 #timing (1122 1109) ps polarity 0
net 149: (11 10)->(7 10) 4 5 0 0 #timing (1510 1435) ps polarity 0
net 149: (7 10)->(7 6) 3 4 0 1 #timing (1975 1923) ps  polarity 0
net 149: (7 6)->(7 4) 1 1 0 1 #timing (2131 2071) ps  polarity 1
net 149: (7 4)->(6 5) 0 3 0 1 #timing (2241 2290) ps  polarity 0
net 150: (7 10)->(7 10) 0 0 0 0 #timing (679 679) ps polarity 1
net 150: (7 10)->(7 10) 1 0 0 0 #timing (761 765) ps polarity 0
net 150: (7 10)->(11 10) 4 5 0 1 #timing (1222 1127) ps  polarity 0
net 150: (11 10)->(11 14) 3 1 0 1 #timing (1533 1379) ps  polarity 0
net 150: (11 14)->(9 14) 1 2 0 1 #timing (1700 1525) ps  polarity 1
net 150: (9 14)->(8 14) 0 2 0 1 #timing (1668 1865) ps  polarity 0
net 150: (7 10)->(5 8) 1 3 0 0 #timing (833 810) ps polarity 0
net 150: (5 8)->(1 8) 4 2 0 0 #timing (1074 1104) ps polarity 0
net 150: (1 8)->(3 8) 1 2 0 1 #timing (1360 1289) ps  polarity 1
net 150: (3 8)->(3 9) 0 1 0 1 #timing (1412 1494) ps  polarity 0
net 150: (7 10)->(7 11) 0 1 0 0 #timing (674 674) ps polarity 1
net 150: (7 11)->(7 11) 1 0 0 0 #timing (765 765) ps polarity 0
net 150: (7 11)->(7 7) 3 4 0 0 #timing (1067 1011) ps polarity 0
net 150: (7 7)->(3 7) 4 2 0 0 #timing (1349 1273) ps polarity 0
net 150: (3 7)->(3 7) 5 0 0 0 #timing (1478 1423) ps polarity 1
net 150: (3 7)->(3 22) 13 1 1 0 #timing (2025 1965) ps polarity 0
net 150: (3 22)->(3 22) 5 0 1 1 #timing (2255 2208) ps  polarity 0
net 150: (3 22)->(3 22) 1 0 0 1 #timing (2394 2346) ps  polarity 0
net 150: (3 22)->(2 23) 0 3 0 1 #timing (2508 2527) ps  polarity 1
net 150: (7 7)->(7 7) 5 0 0 0 #timing (1201 1158) ps polarity 1
net 150: (7 7)->(7 23) 13 1 0 0 #timing (1770 1697) ps polarity 0
net 150: (7 23)->(7 23) 5 0 1 1 #timing (2084 2024) ps  polarity 0
net 150: (7 23)->(7 21) 1 1 0 1 #timing (2280 2202) ps  polarity 0
net 150: (7 21)->(6 21) 0 2 0 1 #timing (2308 2404) ps  polarity 1
net 150: (7 10)->(6 11) 0 3 0 0 #timing (673 673) ps polarity 1
net 150: (6 11)->(6 11) 1 0 0 0 #timing (762 764) ps polarity 0
net 150: (6 11)->(10 11) 4 5 0 0 #timing (1044 1012) ps polarity 0
net 150: (10 11)->(10 15) 3 1 0 1 #timing (1419 1356) ps  polarity 0
net 150: (10 15)->(10 15) 1 0 1 1 #timing (1525 1465) ps  polarity 1
net 150: (10 15)->(10 15) 0 0 0 1 #timing (1579 1635) ps  polarity 0
net 151: (10 18)->(10 18) 0 0 0 0 #timing (704 704) ps polarity 1
net 151: (10 18)->(8 16) 1 3 0 0 #timing (853 828) ps polarity 0
net 151: (8 16)->(8 20) 3 1 0 0 #timing (1161 1148) ps polarity 0
net 151: (8 20)->(4 20) 4 5 0 0 #timing (1551 1470) ps polarity 0
net 151: (4 20)->(6 20) 1 2 0 1 #timing (1700 1746) ps  polarity 1
net 151: (6 20)->(6 20) 0 0 0 1 #timing (1871 1848) ps  polarity 0
net 151: (10 18)->(11 19) 0 3 0 0 #timing (679 679) ps polarity 1
net 151: (11 19)->(11 19) 1 0 0 0 #timing (769 772) ps polarity 0
net 151: (11 19)->(11 17) 1 1 0 1 #timing (1028 981) ps  polarity 1
net 151: (11 17)->(11 16) 0 1 0 1 #timing (1119 1173) ps  polarity 0
net 151: (11 19)->(11 23) 3 1 0 0 #timing (1080 1012) ps polarity 0
net 151: (11 23)->(9 21) 1 3 0 1 #timing (1411 1262) ps  polarity 1
net 151: (9 21)->(9 21) 0 0 0 1 #timing (1420 1597) ps  polarity 0
net 151: (11 23)->(7 23) 4 5 0 0 #timing (1490 1346) ps polarity 0
net 151: (7 23)->(3 23) 4 2 0 1 #timing (1775 1608) ps  polarity 0
net 151: (3 23)->(3 27) 3 4 0 1 #timing (2053 1841) ps  polarity 0
net 151: (3 27)->(3 27) 1 0 1 1 #timing (2153 1944) ps  polarity 1
net 151: (3 27)->(3 26) 0 1 0 1 #timing (2059 2262) ps  polarity 0
net 151: (11 19)->(11 15) 3 4 0 0 #timing (1047 996) ps polarity 0
net 151: (11 15)->(11 11) 3 1 0 1 #timing (1468 1316) ps  polarity 0
net 151: (11 11)->(11 11) 1 0 1 1 #timing (1564 1417) ps  polarity 1
net 151: (11 11)->(10 11) 0 2 0 1 #timing (1549 1683) ps  polarity 0
net 151: (11 15)->(7 15) 4 5 0 0 #timing (1481 1348) ps polarity 0
net 151: (7 15)->(7 11) 3 1 0 1 #timing (1817 1843) ps  polarity 0
net 151: (7 11)->(5 11) 1 2 0 1 #timing (1959 1981) ps  polarity 1
net 151: (5 11)->(4 10) 0 3 0 1 #timing (2076 2076) ps  polarity 0
net 151: (7 15)->(3 15) 4 2 0 1 #timing (1767 1610) ps  polarity 0
net 151: (3 15)->(3 15) 1 0 1 1 #timing (1959 1780) ps  polarity 1
net 151: (3 15)->(2 15) 0 2 0 1 #timing (1902 2073) ps  polarity 0
net 152: (8 18)->(8 18) 0 0 0 0 #timing (706 706) ps polarity 1
net 152: (8 18)->(10 18) 1 2 0 0 #timing (826 818) ps polarity 0
net 152: (10 18)->(10 14) 3 4 0 0 #timing (1115 1086) ps polarity 0
net 152: (10 14)->(10 10) 3 1 0 1 #timing (1572 1433) ps  polarity 0
net 152: (10 10)->(8 10) 1 2 0 1 #timing (1687 1548) ps  polarity 1
net 152: (8 10)->(8 11) 0 1 0 1 #timing (1648 1793) ps  polarity 0
net 152: (8 18)->(9 18) 0 2 0 0 #timing (708 708) ps polarity 1
net 152: (9 18)->(9 16) 1 1 0 0 #timing (843 827) ps polarity 0
net 152: (9 16)->(9 16) 1 0 1 1 #timing (1061 1019) ps  polarity 1
net 152: (9 16)->(9 17) 0 1 0 1 #timing (1115 1157) ps  polarity 0
net 152: (9 16)->(9 20) 3 1 0 0 #timing (1159 1118) ps polarity 0
net 152: (9 20)->(9 20) 1 0 0 1 #timing (1379 1302) ps  polarity 1
net 152: (9 20)->(9 21) 0 1 0 1 #timing (1411 1484) ps  polarity 0
net 152: (9 16)->(9 12) 3 4 0 0 #timing (1146 1119) ps polarity 0
net 152: (9 12)->(5 12) 4 5 0 0 #timing (1461 1396) ps polarity 0
net 152: (5 12)->(5 8) 3 1 0 1 #timing (1912 1842) ps  polarity 0
net 152: (5 8)->(5 10) 1 1 0 1 #timing (2049 1972) ps  polarity 1
net 152: (5 10)->(5 10) 0 0 0 1 #timing (2119 2198) ps  polarity 0
net 152: (9 18)->(11 18) 1 2 0 0 #timing (831 823) ps polarity 0
net 152: (11 18)->(11 14) 3 4 0 0 #timing (1133 1115) ps polarity 0
net 152: (11 14)->(11 10) 3 1 0 1 #timing (1557 1439) ps  polarity 0
net 152: (11 10)->(11 10) 1 0 0 1 #timing (1653 1541) ps  polarity 1
net 152: (11 10)->(10 11) 0 3 0 1 #timing (1704 1787) ps  polarity 0
net 152: (11 18)->(11 18) 5 0 0 0 #timing (944 994) ps polarity 1
net 152: (11 18)->(3 26) 5 3 0 1 #timing (1509 1571) ps  polarity 1
net 152: (3 26)->(3 26) 1 0 1 1 #timing (1691 1741) ps  polarity 1
net 152: (3 26)->(2 26) 0 2 0 1 #timing (1863 1804) ps  polarity 0
net 153: (6 10)->(6 10) 0 0 0 0 #timing (671 671) ps polarity 1
net 153: (6 10)->(6 10) 1 0 0 0 #timing (754 758) ps polarity 0
net 153: (6 10)->(6 14) 3 1 0 0 #timing (1110 1027) ps polarity 0
net 153: (6 14)->(10 14) 4 5 0 0 #timing (1425 1313) ps polarity 0
net 153: (10 14)->(10 14) 1 0 0 1 #timing (1515 1599) ps  polarity 1
net 153: (10 14)->(11 15) 0 3 0 1 #timing (1714 1624) ps  polarity 0
net 153: (6 10)->(2 10) 4 2 0 0 #timing (1052 1006) ps polarity 0
net 153: (2 10)->(2 8) 1 1 0 1 #timing (1266 1270) ps  polarity 1
net 153: (2 8)->(3 9) 0 3 0 1 #timing (1420 1414) ps  polarity 0
net 153: (2 10)->(2 10) 5 0 0 0 #timing (1183 1156) ps polarity 1
net 153: (2 10)->(2 26) 13 1 0 0 #timing (1843 1734) ps polarity 0
net 153: (2 26)->(2 26) 5 0 0 1 #timing (2076 1978) ps  polarity 0
net 153: (2 26)->(2 26) 1 0 1 1 #timing (2219 2117) ps  polarity 0
net 153: (2 26)->(3 27) 0 3 0 1 #timing (2233 2328) ps  polarity 1
net 153: (6 10)->(7 11) 0 3 0 0 #timing (671 671) ps polarity 1
net 153: (7 11)->(7 9) 1 1 0 0 #timing (803 792) ps polarity 0
net 153: (7 9)->(11 9) 4 5 0 0 #timing (1134 1106) ps polarity 0
net 153: (11 9)->(11 9) 1 0 1 1 #timing (1317 1316) ps  polarity 1
net 153: (11 9)->(11 9) 0 0 0 1 #timing (1417 1418) ps  polarity 0
net 154: (10 13)->(10 13) 0 0 0 0 #timing (680 680) ps polarity 1
net 154: (10 13)->(10 13) 1 0 0 0 #timing (752 758) ps polarity 0
net 154: (10 13)->(10 13) 1 0 1 1 #timing (956 929) ps  polarity 1
net 154: (10 13)->(11 13) 0 2 0 1 #timing (1028 1056) ps  polarity 0
net 154: (10 13)->(8 15) 1 3 0 0 #timing (817 800) ps polarity 0
net 154: (8 15)->(8 11) 3 1 0 0 #timing (1119 1111) ps polarity 0
net 154: (8 11)->(10 9) 1 3 0 1 #timing (1399 1332) ps  polarity 1
net 154: (10 9)->(11 9) 0 2 0 1 #timing (1470 1547) ps  polarity 0
net 154: (8 11)->(8 11) 5 0 0 0 #timing (1251 1253) ps polarity 1
net 154: (8 11)->(8 27) 13 1 0 0 #timing (1871 1748) ps polarity 0
net 154: (8 27)->(0 27) 5 2 0 1 #timing (2359 2207) ps  polarity 1
net 154: (0 27)->(2 27) 1 2 0 1 #timing (2445 2553) ps  polarity 0
net 154: (2 27)->(2 27) 0 0 0 1 #timing (2669 2589) ps  polarity 1
net 154: (8 15)->(8 19) 3 4 0 0 #timing (1145 1132) ps polarity 0
net 154: (8 19)->(8 19) 5 0 1 0 #timing (1273 1274) ps polarity 1
net 154: (8 19)->(8 2) 13 1 1 0 #timing (1966 1829) ps polarity 0
net 154: (8 2)->(8 2) 5 0 0 1 #timing (2207 2081) ps  polarity 0
net 154: (8 2)->(4 2) 4 5 0 1 #timing (2636 2427) ps  polarity 1
net 154: (4 2)->(4 6) 3 1 0 1 #timing (2915 2657) ps  polarity 1
net 154: (4 6)->(6 4) 1 3 0 1 #timing (3096 2812) ps  polarity 0
net 154: (6 4)->(6 5) 0 1 0 1 #timing (3000 3289) ps  polarity 1
net 155: (14 24)->(14 25) 0 1 0 0 #timing (679 679) ps polarity 1
net 155: (14 25)->(14 25) 1 0 0 0 #timing (761 759) ps polarity 0
net 155: (14 25)->(14 25) 5 0 0 0 #timing (861 880) ps polarity 1
net 155: (14 25)->(6 25) 5 2 0 1 #timing (1226 1243) ps  polarity 0
net 155: (6 25)->(2 25) 4 2 0 1 #timing (1511 1492) ps  polarity 0
net 155: (2 25)->(2 29) 3 1 0 1 #timing (1816 1735) ps  polarity 0
net 155: (2 29)->(2 29) 1 0 0 1 #timing (1918 1840) ps  polarity 1
net 155: (2 29)->(3 28) 0 3 0 1 #timing (1970 2034) ps  polarity 0
net 155: (14 25)->(6 17) 5 3 0 1 #timing (1469 1489) ps  polarity 1
net 155: (6 17)->(2 17) 4 2 0 1 #timing (1807 1764) ps  polarity 0
net 155: (2 17)->(2 13) 3 4 0 1 #timing (2171 2032) ps  polarity 0
net 155: (2 13)->(2 15) 1 1 0 1 #timing (2309 2165) ps  polarity 1
net 155: (2 15)->(2 15) 0 0 0 1 #timing (2311 2457) ps  polarity 0
net 155: (14 25)->(14 9) 13 1 0 0 #timing (1552 1403) ps polarity 0
net 155: (14 9)->(6 9) 5 2 0 1 #timing (2046 1867) ps  polarity 1
net 155: (6 9)->(4 11) 1 3 0 1 #timing (2148 2267) ps  polarity 0
net 155: (4 11)->(5 10) 0 3 0 1 #timing (2424 2318) ps  polarity 1
net 155: (6 9)->(2 9) 4 2 0 1 #timing (2335 2120) ps  polarity 1
net 155: (2 9)->(2 9) 1 0 1 1 #timing (2529 2288) ps  polarity 0
net 155: (2 9)->(3 9) 0 2 0 1 #timing (2399 2636) ps  polarity 1
net 155: (14 25)->(14 8) 13 1 1 0 #timing (1554 1403) ps polarity 0
net 155: (14 8)->(14 8) 5 0 1 1 #timing (1783 1645) ps  polarity 0
net 155: (14 8)->(10 8) 4 2 0 1 #timing (2142 1947) ps  polarity 1
net 155: (10 8)->(10 8) 1 0 0 1 #timing (2336 2115) ps  polarity 0
net 155: (10 8)->(11 9) 0 3 0 1 #timing (2231 2445) ps  polarity 1
net 155: (14 24)->(15 24) 0 2 0 0 #timing (704 704) ps polarity 1
net 155: (15 24)->(15 24) 1 0 0 0 #timing (783 788) ps polarity 0
net 155: (15 24)->(15 20) 3 4 0 0 #timing (1061 1008) ps polarity 0
net 155: (15 20)->(15 22) 1 1 0 1 #timing (1321 1220) ps  polarity 1
net 155: (15 22)->(14 23) 0 3 0 1 #timing (1378 1478) ps  polarity 0
net 156: (5 8)->(5 8) 0 0 0 0 #timing (162 162) ps polarity 1
net 156: (5 8)->(5 10) 1 1 0 0 #timing (273 265) ps polarity 0
net 156: (5 10)->(5 10) 1 0 0 1 #timing (499 467) ps  polarity 1
net 156: (5 10)->(5 11) 0 1 0 1 #timing (630 633) ps  polarity 0
net 156: (5 8)->(7 10) 1 3 0 0 #timing (299 280) ps polarity 0
net 156: (7 10)->(7 10) 1 0 0 1 #timing (532 492) ps  polarity 1
net 156: (7 10)->(7 11) 0 1 0 1 #timing (586 628) ps  polarity 0
net 156: (7 10)->(5 8) 1 3 0 1 #timing (607 539) ps  polarity 1
net 156: (5 8)->(5 9) 0 1 0 1 #timing (658 755) ps  polarity 0
net 156: (7 10)->(7 14) 3 1 0 0 #timing (627 609) ps polarity 0
net 156: (7 14)->(7 14) 1 0 0 1 #timing (846 792) ps  polarity 1
net 156: (7 14)->(6 15) 0 3 0 1 #timing (875 935) ps  polarity 0
net 156: (7 14)->(7 18) 3 4 0 1 #timing (1132 970) ps  polarity 0
net 156: (7 18)->(7 18) 1 0 1 1 #timing (1252 1091) ps  polarity 1
net 156: (7 18)->(7 18) 0 0 0 1 #timing (1179 1344) ps  polarity 0
net 156: (7 14)->(11 14) 4 5 0 0 #timing (1010 921) ps polarity 0
net 156: (11 14)->(11 18) 3 4 0 1 #timing (1336 1334) ps  polarity 0
net 156: (11 18)->(11 16) 1 1 0 1 #timing (1482 1471) ps  polarity 1
net 156: (11 16)->(11 17) 0 1 0 1 #timing (1617 1631) ps  polarity 0
net 156: (11 18)->(9 16) 1 3 0 1 #timing (1542 1506) ps  polarity 1
net 156: (9 16)->(8 17) 0 3 0 1 #timing (1681 1737) ps  polarity 0
net 156: (7 10)->(3 10) 4 2 0 0 #timing (545 573) ps polarity 0
net 156: (3 10)->(3 10) 1 0 0 1 #timing (788 733) ps  polarity 1
net 156: (3 10)->(3 10) 0 0 0 1 #timing (881 915) ps  polarity 0
net 156: (3 10)->(3 8) 1 1 0 1 #timing (834 765) ps  polarity 1
net 156: (3 8)->(3 8) 0 0 0 1 #timing (925 991) ps  polarity 0
net 156: (3 8)->(2 8) 0 2 0 1 #timing (907 983) ps  polarity 0
net 156: (5 8)->(4 9) 0 3 0 0 #timing (188 188) ps polarity 1
net 156: (4 9)->(4 9) 1 0 0 0 #timing (273 274) ps polarity 0
net 156: (4 9)->(4 9) 1 0 1 1 #timing (477 444) ps  polarity 1
net 156: (4 9)->(4 8) 0 1 0 1 #timing (573 594) ps  polarity 0
net 156: (4 9)->(4 9) 5 0 0 0 #timing (376 392) ps polarity 1
net 156: (4 9)->(4 25) 13 1 0 0 #timing (1054 909) ps polarity 0
net 156: (4 25)->(4 25) 5 0 1 1 #timing (1304 1168) ps  polarity 0
net 156: (4 25)->(4 21) 3 4 0 1 #timing (1715 1483) ps  polarity 1
net 156: (4 21)->(4 21) 1 0 0 1 #timing (1811 1585) ps  polarity 0
net 156: (4 21)->(4 20) 0 1 0 1 #timing (1712 1927) ps  polarity 1
net 157: (5 9)->(5 9) 0 0 0 0 #timing (686 686) ps polarity 1
net 157: (5 9)->(5 11) 1 1 0 0 #timing (797 791) ps polarity 0
net 157: (5 11)->(5 9) 1 1 0 1 #timing (1072 1031) ps  polarity 1
net 157: (5 9)->(5 9) 0 0 0 1 #timing (1168 1216) ps  polarity 0
net 157: (5 11)->(5 7) 3 4 0 0 #timing (1130 1095) ps polarity 0
net 157: (5 7)->(1 7) 4 2 0 0 #timing (1418 1360) ps polarity 0
net 157: (1 7)->(3 7) 1 2 0 1 #timing (1619 1634) ps  polarity 1
net 157: (3 7)->(3 7) 0 0 0 1 #timing (1745 1750) ps  polarity 0
net 157: (5 7)->(5 7) 5 0 0 0 #timing (1260 1235) ps polarity 1
net 157: (5 7)->(5 22) 13 1 1 0 #timing (1831 1743) ps polarity 0
net 157: (5 22)->(5 22) 5 0 1 1 #timing (2061 1985) ps  polarity 0
net 157: (5 22)->(9 22) 4 5 0 1 #timing (2496 2343) ps  polarity 1
net 157: (9 22)->(9 20) 1 1 0 1 #timing (2731 2540) ps  polarity 0
net 157: (9 20)->(8 20) 0 2 0 1 #timing (2626 2844) ps  polarity 1
net 157: (5 9)->(7 9) 1 2 0 0 #timing (804 795) ps polarity 0
net 157: (7 9)->(7 9) 5 0 1 0 #timing (912 951) ps polarity 1
net 157: (7 9)->(7 25) 13 1 0 0 #timing (1582 1424) ps polarity 0
net 157: (7 25)->(7 17) 5 1 0 1 #timing (2179 2012) ps  polarity 1
net 157: (7 17)->(11 17) 4 5 0 1 #timing (2520 2297) ps  polarity 1
net 157: (11 17)->(11 17) 1 0 1 1 #timing (2720 2469) ps  polarity 0
net 157: (11 17)->(11 17) 0 0 0 1 #timing (2595 2836) ps  polarity 1
net 157: (5 9)->(4 9) 0 2 0 0 #timing (692 693) ps polarity 1
net 157: (4 9)->(6 9) 1 2 0 0 #timing (821 809) ps polarity 0
net 157: (6 9)->(6 13) 3 1 0 0 #timing (1192 1148) ps polarity 0
net 157: (6 13)->(6 13) 1 0 0 1 #timing (1363 1268) ps 
net 157: (6 13)->(6 17) 3 4 0 1 #timing (1667 1489) ps  polarity 0
net 157: (6 17)->(6 17) 1 0 1 1 #timing (1779 1600) ps  polarity 1
net 157: (6 17)->(7 17) 0 2 0 1 #timing (1726 1895) ps  polarity 0
net 157: (6 9)->(6 13) 3 1 0 1 #timing (1260 1162) ps  polarity 0
net 157: (6 13)->(6 13) 1 0 0 1 #timing (1363 1268) ps  polarity 1
net 157: (6 13)->(7 13) 0 2 0 1 #timing (1384 1475) ps  polarity 0
net 157: (6 9)->(6 5) 3 4 0 0 #timing (1152 1122) ps polarity 0
net 157: (6 5)->(6 5) 5 0 0 0 #timing (1287 1269) ps polarity 1
net 157: (6 5)->(6 20) 13 1 1 0 #timing (1921 1810) ps polarity 0
net 157: (6 20)->(6 20) 5 0 0 1 #timing (2182 2085) ps  polarity 0
net 157: (6 20)->(6 20) 1 0 0 1 #timing (2324 2225) ps  polarity 0
net 157: (6 20)->(7 20) 0 2 0 1 #timing (2336 2432) ps  polarity 1
net 157: (6 20)->(4 20) 1 2 0 1 #timing (2397 2273) ps  polarity 0
net 157: (4 20)->(4 20) 0 0 0 1 #timing (2386 2526) ps  polarity 1
net 157: (5 9)->(4 8) 0 3 0 0 #timing (702 702) ps polarity 1
net 157: (4 8)->(4 10) 1 1 0 0 #timing (831 820) ps polarity 0
net 157: (4 10)->(4 10) 1 0 1 1 #timing (1054 1020) ps  polarity 1
net 157: (4 10)->(5 11) 0 3 0 1 #timing (1161 1178) ps  polarity 0
net 158: (4 9)->(4 9) 0 0 0 0 #timing (726 726) ps polarity 1
net 158: (4 9)->(4 11) 1 1 0 0 #timing (832 828) ps polarity 0
net 158: (4 11)->(4 7) 3 4 0 0 #timing (1142 1105) ps polarity 0
net 158: (4 7)->(4 7) 1 0 0 1 #timing (1361 1288) ps  polarity 1
net 158: (4 7)->(5 7) 0 2 0 1 #timing (1385 1460) ps  polarity 0
net 158: (4 7)->(0 7) 4 2 0 0 #timing (1450 1382) ps polarity 0
net 158: (0 7)->(2 7) 1 2 0 1 #timing (1639 1666) ps  polarity 1
net 158: (2 7)->(3 7) 0 2 0 1 #timing (1796 1786) ps  polarity 0
net 158: (4 11)->(4 11) 5 0 0 0 #timing (941 980) ps polarity 1
net 158: (4 11)->(4 27) 13 1 0 0 #timing (1658 1491) ps polarity 0
net 158: (4 27)->(4 19) 5 1 0 1 #timing (2123 1941) ps  polarity 1
net 158: (4 19)->(8 19) 4 5 0 1 #timing (2528 2257) ps  polarity 1
net 158: (8 19)->(8 17) 1 1 0 1 #timing (2766 2455) ps  polarity 0
net 158: (8 17)->(8 17) 0 0 0 1 #timing (2627 2930) ps  polarity 1
net 158: (4 9)->(4 8) 0 1 0 0 #timing (736 736) ps polarity 1
net 158: (4 8)->(6 8) 1 2 0 0 #timing (880 857) ps polarity 0
net 158: (6 8)->(6 8) 5 0 0 0 #timing (976 1037) ps polarity 1
net 158: (6 8)->(6 25) 13 1 1 0 #timing (1680 1493) ps polarity 0
net 158: (6 25)->(6 17) 5 1 0 1 #timing (2209 2001) ps  polarity 1
net 158: (6 17)->(10 17) 4 5 0 1 #timing (2511 2254) ps  polarity 1
net 158: (10 17)->(10 17) 1 0 0 1 #timing (2706 2423) ps  polarity 0
net 158: (10 17)->(11 17) 0 2 0 1 #timing (2560 2828) ps  polarity 1
net 158: (4 9)->(5 9) 0 2 0 0 #timing (738 738) ps polarity 1
net 158: (5 9)->(5 9) 1 0 0 0 #timing (815 819) ps polarity 0
net 158: (5 9)->(5 13) 3 1 0 0 #timing (1154 1074) ps polarity 0
net 158: (5 13)->(7 15) 1 3 0 1 #timing (1436 1297) ps  polarity 1
net 158: (7 15)->(7 14) 0 1 0 1 #timing (1436 1592) ps  polarity 0
net 158: (7 15)->(6 14) 0 3 0 1 #timing (1460 1604) ps  polarity 0
net 158: (5 9)->(1 9) 4 2 0 0 #timing (1067 1041) ps polarity 0
net 158: (1 9)->(3 9) 1 2 0 1 #timing (1313 1292) ps  polarity 1
net 158: (3 9)->(3 8) 0 1 0 1 #timing (1405 1438) ps  polarity 0
net 158: (1 9)->(1 13) 3 1 0 1 #timing (1450 1389) ps  polarity 0
net 158: (1 13)->(3 13) 1 2 0 1 #timing (1611 1530) ps  polarity 1
net 158: (3 13)->(3 12) 0 1 0 1 #timing (1645 1739) ps  polarity 0
net 158: (5 9)->(5 9) 5 0 1 0 #timing (925 937) ps polarity 1
net 158: (5 9)->(5 25) 13 1 0 0 #timing (1586 1446) ps polarity 0
net 158: (5 25)->(5 25) 5 0 1 1 #timing (1819 1691) ps  polarity 0
net 158: (5 25)->(5 21) 3 4 0 1 #timing (2222 2002) ps  polarity 1
net 158: (5 21)->(7 21) 1 2 0 1 #timing (2362 2134) ps  polarity 0
net 158: (7 21)->(7 20) 0 1 0 1 #timing (2260 2495) ps  polarity 1
net 158: (5 9)->(5 24) 13 1 1 0 #timing (1525 1402) ps polarity 0
net 158: (5 24)->(5 24) 5 0 1 1 #timing (1758 1647) ps  polarity 0
net 158: (5 24)->(5 20) 3 4 0 1 #timing (2204 1983) ps  polarity 1
net 158: (5 20)->(5 20) 1 0 1 1 #timing (2304 2086) ps  polarity 0
net 158: (5 20)->(4 20) 0 2 0 1 #timing (2208 2417) ps  polarity 1
net 158: (4 9)->(5 8) 0 3 0 0 #timing (743 743) ps polarity 1
net 158: (5 8)->(5 8) 1 0 0 0 #timing (831 831) ps polarity 0
net 158: (5 8)->(5 8) 1 0 1 1 #timing (1034 1001) ps  polarity 1
net 158: (5 8)->(4 8) 0 2 0 1 #timing (1123 1147) ps  polarity 0
net 158: (5 8)->(5 12) 3 1 0 1 #timing (1215 1128) ps  polarity 0
net 158: (5 12)->(5 12) 1 0 1 1 #timing (1323 1238) ps  polarity 1
net 158: (5 12)->(5 12) 0 0 0 1 #timing (1345 1427) ps  polarity 0
net 158: (5 12)->(7 12) 1 2 0 1 #timing (1365 1268) ps  polarity 1
net 158: (7 12)->(7 12) 0 0 0 1 #timing (1387 1497) ps  polarity 0
net 158: (5 8)->(7 8) 1 2 0 0 #timing (887 866) ps polarity 0
net 158: (7 8)->(7 12) 3 1 0 0 #timing (1176 1154) ps polarity 0
net 158: (7 12)->(7 16) 3 4 0 1 #timing (1677 1516) ps  polarity 0
net 158: (7 16)->(7 16) 1 0 1 1 #timing (1794 1637) ps  polarity 1
net 158: (7 16)->(7 17) 0 1 0 1 #timing (1732 1890) ps  polarity 0
net 159: (10 6)->(11 6) 0 2 0 0 #timing (704 704) ps polarity 1
net 159: (11 6)->(9 4) 1 3 0 0 #timing (873 846) ps polarity 0
net 159: (9 4)->(5 4) 4 5 0 0 #timing (1178 1192) ps polarity 0
net 159: (5 4)->(5 4) 5 0 1 0 #timing (1320 1353) ps polarity 1
net 159: (5 4)->(20 4) 13 2 1 0 #timing (1966 1817) ps polarity 0
net 159: (20 4)->(20 4) 5 0 1 1 #timing (2211 2074) ps  polarity 0
net 159: (20 4)->(20 4) 1 0 1 1 #timing (2353 2213) ps  polarity 0
net 159: (20 4)->(21 4) 0 2 0 1 #timing (2333 2464) ps  polarity 1
net 159: (20 4)->(20 20) 13 1 0 0 #timing (2522 2562) ps polarity 1
net 159: (20 20)->(4 20) 13 2 0 0 #timing (3243 3105) ps polarity 0
net 159: (4 20)->(4 20) 5 0 1 1 #timing (3482 3355) ps  polarity 0
net 159: (4 20)->(4 16) 3 1 0 1 #timing (3871 3659) ps  polarity 1
net 159: (4 16)->(6 16) 1 2 0 1 #timing (4010 3791) ps  polarity 0
net 159: (6 16)->(6 16) 0 0 0 1 #timing (3933 4163) ps  polarity 1
net 160: (5 12)->(5 12) 0 0 0 0 #timing (661 661) ps polarity 1
net 160: (5 12)->(5 12) 1 0 0 0 #timing (734 739) ps polarity 0
net 160: (5 12)->(5 12) 5 0 0 0 #timing (841 853) ps polarity 1
net 160: (5 12)->(13 12) 5 2 0 1 #timing (1245 1250) ps  polarity 0
net 160: (13 12)->(13 16) 3 4 0 1 #timing (1670 1567) ps  polarity 0
net 160: (13 16)->(15 18) 1 3 0 1 #timing (1847 1722) ps  polarity 1
net 160: (15 18)->(14 19) 0 3 0 1 #timing (1901 2028) ps  polarity 0
net 160: (5 12)->(5 13) 0 1 0 0 #timing (690 690) ps polarity 1
net 160: (5 13)->(5 13) 1 0 0 0 #timing (775 773) ps polarity 0
net 160: (5 13)->(5 17) 3 4 0 0 #timing (1045 1001) ps polarity 0
net 160: (5 17)->(5 17) 5 0 0 0 #timing (1169 1137) ps polarity 1
net 160: (5 17)->(20 17) 13 2 1 0 #timing (1760 1669) ps polarity 0
net 160: (20 17)->(20 17) 5 0 1 1 #timing (2019 1938) ps  polarity 0
net 160: (20 17)->(20 17) 1 0 0 1 #timing (2160 2077) ps  polarity 0
net 160: (20 17)->(20 16) 0 1 0 1 #timing (2185 2264) ps  polarity 1
net 160: (5 13)->(7 13) 1 2 0 0 #timing (817 800) ps polarity 0
net 160: (7 13)->(7 17) 3 4 0 0 #timing (1130 1106) ps polarity 0
net 160: (7 17)->(7 17) 5 0 0 0 #timing (1264 1251) ps polarity 1
net 160: (7 17)->(15 17) 5 2 0 1 #timing (1663 1634) ps  polarity 0
net 160: (15 17)->(15 21) 3 1 0 1 #timing (2062 1991) ps  polarity 0
net 160: (15 21)->(15 21) 1 0 0 1 #timing (2163 2097) ps  polarity 1
net 160: (15 21)->(14 21) 0 2 0 1 #timing (2220 2278) ps  polarity 0
net 161: (6 16)->(7 17) 0 3 0 0 #timing (671 671) ps polarity 1
net 161: (7 17)->(5 19) 1 3 0 0 #timing (846 812) ps polarity 0
net 161: (5 19)->(7 17) 1 3 0 1 #timing (1152 1079) ps  polarity 1
net 161: (7 17)->(6 17) 0 2 0 1 #timing (1229 1314) ps  polarity 0
net 161: (5 19)->(5 23) 3 1 0 0 #timing (1145 1149) ps polarity 0
net 161: (5 23)->(5 21) 1 1 0 1 #timing (1403 1359) ps  polarity 1
net 161: (5 21)->(4 21) 0 2 0 1 #timing (1504 1552) ps  polarity 0
net 161: (5 23)->(9 23) 4 5 0 0 #timing (1515 1462) ps polarity 0
net 161: (9 23)->(9 21) 1 1 0 1 #timing (1703 1716) ps  polarity 1
net 161: (9 21)->(8 21) 0 2 0 1 #timing (1822 1826) ps  polarity 0
net 161: (9 23)->(13 23) 4 2 0 1 #timing (1810 1719) ps  polarity 0
net 161: (13 23)->(15 23) 1 2 0 1 #timing (2081 1935) ps  polarity 1
net 161: (15 23)->(14 23) 0 2 0 1 #timing (2077 2221) ps  polarity 0
net 161: (9 23)->(9 23) 5 0 0 0 #timing (1636 1598) ps polarity 1
net 161: (9 23)->(9 6) 13 1 1 0 #timing (2353 2238) ps polarity 0
net 161: (9 6)->(9 6) 5 0 0 1 #timing (2692 2592) ps  polarity 0
net 161: (9 6)->(11 6) 1 2 0 1 #timing (2900 2777) ps  polarity 0
net 161: (11 6)->(10 6) 0 2 0 1 #timing (2934 3079) ps  polarity 1
net 161: (9 6)->(9 14) 5 1 0 1 #timing (2924 2799) ps  polarity 1
net 161: (9 14)->(9 14) 1 0 0 1 #timing (3024 3111) ps  polarity 0
net 161: (9 14)->(9 15) 0 1 0 1 #timing (3220 3130) ps  polarity 1
net 161: (9 14)->(11 14) 1 2 0 1 #timing (3092 3156) ps  polarity 0
net 161: (11 14)->(10 14) 0 2 0 1 #timing (3259 3226) ps  polarity 1
net 161: (5 19)->(5 15) 3 4 0 0 #timing (1171 1170) ps polarity 0
net 161: (5 15)->(5 15) 1 0 1 1 #timing (1411 1277) ps 
net 161: (5 15)->(1 15) 4 2 0 0 #timing (1451 1434) ps polarity 0
net 161: (1 15)->(1 11) 3 1 0 1 #timing (1865 1778) ps  polarity 0
net 161: (1 11)->(3 11) 1 2 0 1 #timing (2027 1919) ps  polarity 1
net 161: (3 11)->(2 11) 0 2 0 1 #timing (2049 2171) ps  polarity 0
net 161: (3 11)->(2 10) 0 3 0 1 #timing (2064 2180) ps  polarity 0
net 161: (5 15)->(9 15) 4 5 0 0 #timing (1545 1494) ps polarity 0
net 161: (9 15)->(9 15) 1 0 1 1 #timing (1687 1713) ps  polarity 1
net 161: (9 15)->(8 15) 0 2 0 1 #timing (1793 1774) ps  polarity 0
net 161: (5 19)->(5 15) 3 4 0 1 #timing (1318 1179) ps  polarity 0
net 161: (5 15)->(5 15) 1 0 1 1 #timing (1411 1277) ps  polarity 1
net 161: (5 15)->(4 15) 0 2 0 1 #timing (1398 1525) ps  polarity 0
net 162: (21 4)->(21 4) 0 0 0 0 #timing (637 637) ps polarity 1
net 162: (21 4)->(21 4) 1 0 0 0 #timing (709 714) ps polarity 0
net 162: (21 4)->(21 4) 1 0 1 1 #timing (912 884) ps  polarity 1
net 162: (21 4)->(21 4) 0 0 0 1 #timing (1032 1039) ps  polarity 0
net 162: (21 4)->(20 4) 0 2 0 0 #timing (643 643) ps polarity 1
net 162: (20 4)->(20 4) 1 0 0 0 #timing (720 724) ps polarity 0
net 162: (20 4)->(20 4) 5 0 0 0 #timing (826 838) ps polarity 1
net 162: (20 4)->(5 4) 13 2 1 0 #timing (1430 1309) ps polarity 0
net 162: (5 4)->(5 4) 5 0 1 1 #timing (1658 1549) ps  polarity 0
net 162: (5 4)->(5 6) 1 1 0 1 #timing (1841 1718) ps  polarity 0
net 162: (5 6)->(4 6) 0 2 0 1 #timing (1857 1985) ps  polarity 1
net 163: (9 11)->(9 11) 0 0 0 0 #timing (216 216) ps polarity 1
net 163: (9 11)->(9 9) 1 1 0 0 #timing (340 330) ps polarity 0
net 163: (9 9)->(9 5) 3 4 0 0 #timing (706 653) ps polarity 0
net 163: (9 5)->(9 5) 1 0 1 1 #timing (924 838) ps  polarity 1
net 163: (9 5)->(9 4) 0 1 0 1 #timing (917 1009) ps  polarity 0
net 163: (9 11)->(8 11) 0 2 0 0 #timing (227 227) ps polarity 1
net 163: (8 11)->(10 11) 1 2 0 0 #timing (374 351) ps polarity 0
net 163: (10 11)->(10 11) 5 0 0 0 #timing (463 514) ps polarity 1
net 163: (10 11)->(10 3) 5 1 0 1 #timing (814 868) ps  polarity 0
net 163: (10 3)->(6 3) 4 5 0 1 #timing (1141 1142) ps  polarity 0
net 163: (6 3)->(6 3) 1 0 0 1 #timing (1336 1310) ps  polarity 1
net 163: (6 3)->(6 2) 0 1 0 1 #timing (1431 1448) ps  polarity 0
net 164: (8 10)->(9 10) 0 2 0 0 #timing (678 678) ps polarity 1
net 164: (9 10)->(11 8) 1 3 0 0 #timing (859 830) ps polarity 0
net 164: (11 8)->(11 4) 3 4 0 0 #timing (1133 1155) ps polarity 0
net 164: (11 4)->(9 4) 1 2 0 1 #timing (1415 1378) ps  polarity 1
net 164: (9 4)->(8 4) 0 2 0 1 #timing (1526 1578) ps  polarity 0
net 164: (11 4)->(7 4) 4 5 0 0 #timing (1524 1478) ps polarity 0
net 164: (7 4)->(7 0) 3 1 0 1 #timing (2057 1973) ps  polarity 0
net 164: (7 0)->(7 2) 1 1 0 1 #timing (2205 2115) ps  polarity 1
net 164: (7 2)->(7 3) 0 1 0 1 #timing (2240 2341) ps  polarity 0
net 165: (9 12)->(8 12) 0 2 0 0 #timing (739 739) ps polarity 1
net 165: (8 12)->(8 14) 1 1 0 0 #timing (842 837) ps polarity 0
net 165: (8 14)->(8 10) 3 1 0 0 #timing (1131 1096) ps polarity 0
net 165: (8 10)->(8 6) 3 4 0 1 #timing (1670 1504) ps  polarity 0
net 165: (8 6)->(8 4) 1 1 0 1 #timing (1813 1640) ps  polarity 1
net 165: (8 4)->(9 5) 0 3 0 1 #timing (1774 1955) ps  polarity 0
net 165: (8 14)->(8 18) 3 4 0 0 #timing (1208 1138) ps polarity 0
net 165: (8 18)->(4 18) 4 5 0 0 #timing (1575 1446) ps polarity 0
net 165: (4 18)->(4 18) 5 0 1 0 #timing (1718 1602) ps polarity 1
net 165: (4 18)->(4 3) 13 1 1 0 #timing (2180 2192) ps polarity 0
net 165: (4 3)->(4 3) 5 0 1 1 #timing (2397 2421) ps  polarity 0
net 165: (4 3)->(6 3) 1 2 0 1 #timing (2584 2591) ps  polarity 0
net 165: (6 3)->(6 3) 0 0 0 1 #timing (2718 2725) ps  polarity 1
net 166: (7 21)->(6 20) 0 3 0 0 #timing (831 831) ps polarity 1
net 166: (6 20)->(4 20) 1 2 0 0 #timing (965 955) ps polarity 0
net 166: (4 20)->(4 20) 5 0 1 0 #timing (1077 1125) ps polarity 1
net 166: (4 20)->(4 5) 13 1 1 0 #timing (1790 1615) ps polarity 0
net 166: (4 5)->(4 5) 5 0 0 1 #timing (2006 1845) ps  polarity 0
net 166: (4 5)->(4 1) 3 1 0 1 #timing (2388 2143) ps  polarity 1
net 166: (4 1)->(6 1) 1 2 0 1 #timing (2536 2281) ps  polarity 0
net 166: (6 1)->(6 1) 0 0 0 1 #timing (2432 2692) ps  polarity 1
net 166: (4 5)->(12 5) 5 2 0 1 #timing (2274 2073) ps  polarity 1
net 166: (12 5)->(8 5) 4 2 0 1 #timing (2538 2319) ps  polarity 1
net 166: (8 5)->(8 5) 1 0 1 1 #timing (2726 2484) ps  polarity 0
net 166: (8 5)->(8 5) 0 0 0 1 #timing (2613 2843) ps  polarity 1
net 167: (11 7)->(11 7) 0 0 0 0 #timing (762 762) ps polarity 1
net 167: (11 7)->(9 5) 1 3 0 0 #timing (946 903) ps polarity 0
net 167: (9 5)->(9 1) 3 1 0 0 #timing (1199 1239) ps polarity 0
net 167: (9 1)->(5 1) 4 5 0 0 #timing (1518 1520) ps polarity 0
net 167: (5 1)->(7 1) 1 2 0 1 #timing (1802 1744) ps  polarity 1
net 167: (7 1)->(6 1) 0 2 0 1 #timing (1885 1942) ps  polarity 0
net 167: (11 7)->(10 6) 0 3 0 0 #timing (723 723) ps polarity 1
net 167: (10 6)->(8 4) 1 3 0 0 #timing (921 880) ps polarity 0
net 167: (8 4)->(8 0) 3 1 0 1 #timing (1484 1301) ps  polarity 0
net 167: (8 0)->(10 2) 1 3 0 1 #timing (1630 1440) ps  polarity 1
net 167: (10 2)->(11 2) 0 2 0 1 #timing (1559 1769) ps  polarity 0
net 168: (10 8)->(11 8) 0 2 0 0 #timing (180 180) ps polarity 1
net 168: (11 8)->(9 10) 1 3 0 0 #timing (333 312) ps polarity 0
net 168: (9 10)->(9 6) 3 4 0 0 #timing (640 662) ps polarity 0
net 168: (9 6)->(13 6) 4 2 0 0 #timing (985 969) ps polarity 0
net 168: (13 6)->(13 2) 3 1 0 1 #timing (1493 1361) ps  polarity 0
net 168: (13 2)->(13 2) 1 0 1 1 #timing (1590 1463) ps  polarity 1
net 168: (13 2)->(12 2) 0 2 0 1 #timing (1585 1703) ps  polarity 0
net 168: (9 6)->(5 6) 4 5 0 0 #timing (944 933) ps polarity 0
net 168: (5 6)->(5 2) 3 1 0 1 #timing (1429 1302) ps  polarity 0
net 168: (5 2)->(7 0) 1 3 0 1 #timing (1609 1459) ps  polarity 1
net 168: (7 0)->(6 1) 0 3 0 1 #timing (1620 1772) ps  polarity 0
net 169: (11 8)->(10 9) 0 3 0 0 #timing (188 188) ps polarity 1
net 169: (10 9)->(8 11) 1 3 0 0 #timing (358 325) ps polarity 0
net 169: (8 11)->(8 7) 3 4 0 0 #timing (656 663) ps polarity 0
net 169: (8 7)->(8 3) 3 1 0 1 #timing (1133 1022) ps  polarity 0
net 169: (8 3)->(8 3) 1 0 1 1 #timing (1230 1123) ps  polarity 1
net 169: (8 3)->(9 3) 0 2 0 1 #timing (1237 1339) ps  polarity 0
net 169: (8 7)->(4 7) 4 5 0 0 #timing (1032 977) ps polarity 0
net 169: (4 7)->(4 7) 1 0 1 1 #timing (1187 1211) ps  polarity 1
net 169: (4 7)->(4 6) 0 1 0 1 #timing (1355 1311) ps  polarity 0
net 170: (10 8)->(11 9) 0 3 0 0 #timing (191 191) ps polarity 1
net 170: (11 9)->(11 11) 1 1 0 0 #timing (315 306) ps polarity 0
net 170: (11 11)->(11 7) 3 4 0 0 #timing (602 575) ps polarity 0
net 170: (11 7)->(11 3) 3 1 0 1 #timing (1085 942) ps  polarity 0
net 170: (11 3)->(9 3) 1 2 0 1 #timing (1253 1088) ps  polarity 1
net 170: (9 3)->(8 3) 0 2 0 1 #timing (1231 1417) ps  polarity 0
net 170: (11 7)->(7 7) 4 5 0 0 #timing (984 895) ps polarity 0
net 170: (7 7)->(5 7) 1 2 0 1 #timing (1160 1196) ps  polarity 1
net 170: (5 7)->(4 6) 0 3 0 1 #timing (1347 1308) ps  polarity 0
net 171: (10 7)->(11 6) 0 3 0 0 #timing (706 706) ps polarity 1
net 171: (11 6)->(9 6) 1 2 0 0 #timing (845 831) ps polarity 0
net 171: (9 6)->(9 2) 3 1 0 1 #timing (1391 1259) ps  polarity 0
net 171: (9 2)->(11 2) 1 2 0 1 #timing (1571 1428) ps  polarity 1
net 171: (11 2)->(10 2) 0 2 0 1 #timing (1532 1708) ps  polarity 0
net 171: (9 6)->(13 6) 4 2 0 1 #timing (1258 1186) ps  polarity 0
net 171: (13 6)->(13 4) 1 1 0 1 #timing (1507 1394) ps  polarity 1
net 171: (13 4)->(13 4) 0 0 0 1 #timing (1511 1637) ps  polarity 0
net 172: (11 9)->(10 8) 0 3 0 0 #timing (702 703) ps polarity 1
net 172: (10 8)->(8 10) 1 3 0 0 #timing (878 842) ps polarity 0
net 172: (8 10)->(8 6) 3 4 0 0 #timing (1182 1195) ps polarity 0
net 172: (8 6)->(12 6) 4 2 0 0 #timing (1453 1461) ps polarity 0
net 172: (12 6)->(12 4) 1 1 0 1 #timing (1713 1664) ps  polarity 1
net 172: (12 4)->(12 4) 0 0 0 1 #timing (1799 1848) ps  polarity 0
net 172: (8 10)->(8 10) 5 0 0 0 #timing (966 1050) ps polarity 1
net 172: (8 10)->(8 2) 5 1 0 1 #timing (1338 1420) ps  polarity 0
net 172: (8 2)->(10 2) 1 2 0 1 #timing (1650 1524) ps  polarity 1
net 172: (10 2)->(11 3) 0 3 0 1 #timing (1642 1770) ps  polarity 0
net 173: (10 9)->(10 9) 0 0 0 0 #timing (726 726) ps polarity 1
net 173: (10 9)->(8 9) 1 2 0 0 #timing (828 825) ps polarity 0
net 173: (8 9)->(8 5) 3 4 0 0 #timing (1169 1122) ps polarity 0
net 173: (8 5)->(8 1) 3 1 0 1 #timing (1663 1488) ps  polarity 0
net 173: (8 1)->(10 3) 1 3 0 1 #timing (1807 1622) ps  polarity 1
net 173: (10 3)->(10 3) 0 0 0 1 #timing (1797 1976) ps  polarity 0
net 173: (8 5)->(12 5) 4 2 0 0 #timing (1443 1387) ps polarity 0
net 173: (12 5)->(12 5) 1 0 1 1 #timing (1590 1619) ps  polarity 1
net 173: (12 5)->(13 5) 0 2 0 1 #timing (1757 1712) ps  polarity 0
net 174: (15 7)->(15 7) 0 0 0 0 #timing (762 762) ps polarity 1
net 174: (15 7)->(13 5) 1 3 0 0 #timing (919 886) ps polarity 0
net 174: (13 5)->(13 5) 1 0 0 1 #timing (1156 1102) ps  polarity 1
net 174: (13 5)->(12 5) 0 2 0 1 #timing (1235 1275) ps  polarity 0
net 174: (13 5)->(13 1) 3 1 0 0 #timing (1173 1198) ps polarity 0
net 174: (13 1)->(13 3) 1 1 0 1 #timing (1434 1409) ps  polarity 1
net 174: (13 3)->(13 2) 0 1 0 1 #timing (1524 1564) ps  polarity 0
net 175: (14 8)->(14 9) 0 1 0 0 #timing (183 183) ps polarity 1
net 175: (14 9)->(12 11) 1 3 0 0 #timing (344 315) ps polarity 0
net 175: (12 11)->(12 7) 3 4 0 0 #timing (644 662) ps polarity 0
net 175: (12 7)->(12 7) 1 0 1 1 #timing (861 843) ps  polarity 1
net 175: (12 7)->(12 6) 0 1 0 1 #timing (988 985) ps  polarity 0
net 175: (12 7)->(12 3) 3 1 0 1 #timing (1089 1003) ps  polarity 0
net 175: (12 3)->(12 3) 1 0 1 1 #timing (1184 1103) ps  polarity 1
net 175: (12 3)->(13 3) 0 2 0 1 #timing (1214 1291) ps  polarity 0
net 176: (14 7)->(15 6) 0 3 0 0 #timing (706 706) ps polarity 1
net 176: (15 6)->(13 4) 1 3 0 0 #timing (896 858) ps polarity 0
net 176: (13 4)->(13 6) 1 1 0 1 #timing (1173 1102) ps  polarity 1
net 176: (13 6)->(12 6) 0 2 0 1 #timing (1241 1318) ps  polarity 0
net 176: (13 4)->(13 0) 3 1 0 0 #timing (1180 1195) ps polarity 0
net 176: (13 0)->(13 2) 1 1 0 1 #timing (1434 1404) ps  polarity 1
net 176: (13 2)->(12 3) 0 3 0 1 #timing (1555 1582) ps  polarity 0
net 177: (15 9)->(15 9) 0 0 0 0 #timing (686 686) ps polarity 1
net 177: (15 9)->(13 11) 1 3 0 0 #timing (832 811) ps polarity 0
net 177: (13 11)->(13 7) 3 4 0 1 #timing (1294 1177) ps  polarity 0
net 177: (13 7)->(13 7) 1 0 1 1 #timing (1393 1279) ps  polarity 1
net 177: (13 7)->(12 6) 0 3 0 1 #timing (1423 1517) ps  polarity 0
net 177: (13 11)->(17 11) 4 5 0 0 #timing (1139 1160) ps polarity 0
net 177: (17 11)->(17 11) 5 0 1 0 #timing (1263 1299) ps polarity 1
net 177: (17 11)->(0 11) 13 2 1 0 #timing (2013 1836) ps polarity 0
net 177: (0 11)->(8 3) 5 3 0 1 #timing (2872 2655) ps  polarity 0
net 177: (8 3)->(8 3) 1 0 0 1 #timing (3057 2827) ps  polarity 0
net 177: (8 3)->(9 2) 0 3 0 1 #timing (2961 3176) ps  polarity 1
net 178: (14 9)->(15 8) 0 3 0 0 #timing (743 743) ps polarity 1
net 178: (15 8)->(15 10) 1 1 0 0 #timing (865 856) ps polarity 0
net 178: (15 10)->(15 6) 3 4 0 0 #timing (1140 1126) ps polarity 0
net 178: (15 6)->(11 6) 4 2 0 0 #timing (1415 1380) ps polarity 0
net 178: (11 6)->(11 2) 3 1 0 1 #timing (1836 1760) ps  polarity 0
net 178: (11 2)->(9 2) 1 2 0 1 #timing (2021 1915) ps  polarity 1
net 178: (9 2)->(8 2) 0 2 0 1 #timing (2060 2187) ps  polarity 0
net 178: (11 6)->(7 6) 4 5 0 1 #timing (1823 1736) ps  polarity 0
net 178: (7 6)->(7 2) 3 1 0 1 #timing (2207 2039) ps  polarity 0
net 178: (7 2)->(7 2) 1 0 1 1 #timing (2323 2160) ps  polarity 1
net 178: (7 2)->(7 2) 0 0 0 1 #timing (2255 2420) ps  polarity 0
net 179: (14 19)->(14 19) 0 0 0 0 #timing (680 680) ps polarity 1
net 179: (14 19)->(12 17) 1 3 0 0 #timing (835 810) ps polarity 0
net 179: (12 17)->(14 19) 1 3 0 1 #timing (1157 1079) ps  polarity 1
net 179: (14 19)->(15 19) 0 2 0 1 #timing (1241 1340) ps  polarity 0
net 179: (12 17)->(8 17) 4 2 0 0 #timing (1084 1118) ps polarity 0
net 179: (8 17)->(8 17) 1 0 0 1 #timing (1329 1267) ps  polarity 1
net 179: (8 17)->(9 16) 0 3 0 1 #timing (1398 1447) ps  polarity 0
net 180: (11 15)->(11 15) 0 0 0 0 #timing (686 686) ps polarity 1
net 180: (11 15)->(9 13) 1 3 0 0 #timing (878 838) ps polarity 0
net 180: (9 13)->(9 9) 3 1 0 0 #timing (1187 1202) ps polarity 0
net 180: (9 9)->(13 9) 4 2 0 0 #timing (1535 1506) ps polarity 0
net 180: (13 9)->(13 9) 1 0 1 1 #timing (1724 1725) ps  polarity 1
net 180: (13 9)->(13 8) 0 1 0 1 #timing (1841 1834) ps  polarity 0
net 180: (13 9)->(13 9) 5 0 0 0 #timing (1669 1660) ps polarity 1
net 180: (13 9)->(13 25) 13 1 0 0 #timing (2317 2196) ps polarity 0
net 180: (13 25)->(13 25) 5 0 0 1 #timing (2549 2438) ps  polarity 0
net 180: (13 25)->(13 21) 3 4 0 1 #timing (3005 2781) ps  polarity 1
net 180: (13 21)->(15 21) 1 2 0 1 #timing (3156 2918) ps  polarity 0
net 180: (15 21)->(15 21) 0 0 0 1 #timing (3030 3286) ps  polarity 1
net 180: (9 13)->(9 17) 3 4 0 1 #timing (1340 1216) ps  polarity 0
net 180: (9 17)->(9 17) 1 0 1 1 #timing (1458 1337) ps  polarity 1
net 180: (9 17)->(9 16) 0 1 0 1 #timing (1415 1543) ps  polarity 0
net 181: (12 7)->(12 7) 0 0 0 0 #timing (680 680) ps polarity 1
net 181: (12 7)->(14 5) 1 3 0 0 #timing (867 827) ps polarity 0
net 181: (14 5)->(14 9) 3 4 0 1 #timing (1286 1171) ps  polarity 0
net 181: (14 9)->(12 9) 1 2 0 1 #timing (1454 1323) ps  polarity 1
net 181: (12 9)->(12 8) 0 1 0 1 #timing (1462 1595) ps  polarity 0
net 181: (14 5)->(14 5) 5 0 0 0 #timing (949 1035) ps polarity 1
net 181: (14 5)->(14 20) 13 1 1 0 #timing (1665 1458) ps polarity 0
net 181: (14 20)->(14 20) 5 0 0 1 #timing (1946 1755) ps  polarity 0
net 181: (14 20)->(14 20) 1 0 1 1 #timing (2088 1895) ps  polarity 0
net 181: (14 20)->(15 21) 0 3 0 1 #timing (2011 2197) ps  polarity 1
net 181: (14 20)->(10 20) 4 2 0 1 #timing (2290 2046) ps  polarity 1
net 181: (10 20)->(10 16) 3 1 0 1 #timing (2584 2282) ps  polarity 1
net 181: (10 16)->(8 16) 1 2 0 1 #timing (2699 2397) ps  polarity 0
net 181: (8 16)->(9 16) 0 2 0 1 #timing (2521 2820) ps  polarity 1
net 182: (13 9)->(13 9) 0 0 0 0 #timing (686 686) ps polarity 1
net 182: (13 9)->(15 11) 1 3 0 0 #timing (840 817) ps polarity 0
net 182: (15 11)->(13 9) 1 3 0 1 #timing (1170 1101) ps  polarity 1
net 182: (13 9)->(13 9) 0 0 0 1 #timing (1249 1339) ps  polarity 0
net 182: (15 11)->(15 7) 3 4 0 0 #timing (1150 1158) ps polarity 0
net 182: (15 7)->(15 7) 1 0 1 1 #timing (1359 1335) ps  polarity 1
net 182: (15 7)->(15 7) 0 0 0 1 #timing (1447 1467) ps  polarity 0
net 183: (12 9)->(12 9) 0 0 0 0 #timing (726 726) ps polarity 1
net 183: (12 9)->(14 11) 1 3 0 0 #timing (875 853) ps polarity 0
net 183: (14 11)->(14 9) 1 1 0 1 #timing (1154 1103) ps  polarity 1
net 183: (14 9)->(14 8) 0 1 0 1 #timing (1223 1287) ps  polarity 0
net 183: (14 11)->(12 9) 1 3 0 1 #timing (1192 1128) ps  polarity 1
net 183: (12 9)->(12 9) 0 0 0 1 #timing (1277 1357) ps  polarity 0
net 184: (13 10)->(13 10) 0 0 0 0 #timing (637 637) ps polarity 1
net 184: (13 10)->(15 8) 1 3 0 0 #timing (787 764) ps polarity 0
net 184: (15 8)->(15 8) 1 0 0 1 #timing (1018 976) ps  polarity 1
net 184: (15 8)->(14 8) 0 2 0 1 #timing (1097 1131) ps  polarity 0
net 184: (15 8)->(13 10) 1 3 0 1 #timing (1103 1028) ps  polarity 1
net 184: (13 10)->(13 10) 0 0 0 1 #timing (1186 1281) ps  polarity 0
net 185: (12 10)->(12 10) 0 0 0 0 #timing (649 649) ps polarity 1
net 185: (12 10)->(14 8) 1 3 0 0 #timing (817 785) ps polarity 0
net 185: (14 8)->(14 8) 1 0 0 1 #timing (1051 1000) ps  polarity 1
net 185: (14 8)->(14 8) 0 0 0 1 #timing (1104 1152) ps  polarity 0
net 185: (14 8)->(12 10) 1 3 0 1 #timing (1131 1053) ps  polarity 1
net 185: (12 10)->(12 10) 0 0 0 1 #timing (1179 1282) ps  polarity 0
net 186: (13 12)->(13 12) 0 0 0 0 #timing (661 661) ps polarity 1
net 186: (13 12)->(13 12) 1 0 0 0 #timing (733 739) ps polarity 0
net 186: (13 12)->(13 12) 5 0 0 0 #timing (841 851) ps polarity 1
net 186: (13 12)->(13 4) 5 1 0 1 #timing (1171 1191) ps  polarity 0
net 186: (13 4)->(15 6) 1 3 0 1 #timing (1471 1390) ps  polarity 1
net 186: (15 6)->(15 7) 0 1 0 1 #timing (1574 1655) ps  polarity 0
net 186: (13 12)->(12 12) 0 2 0 0 #timing (664 664) ps polarity 1
net 186: (12 12)->(12 14) 1 1 0 0 #timing (775 765) ps polarity 0
net 186: (12 14)->(12 10) 3 1 0 0 #timing (1052 1027) ps polarity 0
net 186: (12 10)->(12 10) 1 0 1 1 #timing (1264 1204) ps  polarity 1
net 186: (12 10)->(13 11) 0 3 0 1 #timing (1344 1387) ps  polarity 0
net 187: (12 12)->(12 12) 0 0 0 0 #timing (704 704) ps polarity 1
net 187: (12 12)->(14 14) 1 3 0 0 #timing (858 831) ps polarity 0
net 187: (14 14)->(14 10) 3 1 0 1 #timing (1316 1196) ps  polarity 0
net 187: (14 10)->(14 8) 1 1 0 1 #timing (1455 1328) ps  polarity 1
net 187: (14 8)->(15 8) 0 2 0 1 #timing (1460 1595) ps  polarity 0
net 187: (14 10)->(12 10) 1 2 0 1 #timing (1472 1336) ps  polarity 1
net 187: (12 10)->(12 11) 0 1 0 1 #timing (1447 1603) ps  polarity 0
net 188: (13 13)->(13 12) 0 1 0 0 #timing (721 721) ps polarity 1
net 188: (13 12)->(15 14) 1 3 0 0 #timing (878 854) ps polarity 0
net 188: (15 14)->(13 14) 1 2 0 1 #timing (1179 1119) ps  polarity 1
net 188: (13 14)->(13 14) 0 0 0 1 #timing (1266 1330) ps  polarity 0
net 188: (15 14)->(15 10) 3 1 0 0 #timing (1198 1201) ps polarity 0
net 188: (15 10)->(15 8) 1 1 0 1 #timing (1460 1412) ps  polarity 1
net 188: (15 8)->(15 8) 0 0 0 1 #timing (1571 1614) ps  polarity 0
net 189: (12 13)->(12 13) 0 0 0 0 #timing (680 680) ps polarity 1
net 189: (12 13)->(14 13) 1 2 0 0 #timing (800 790) ps polarity 0
net 189: (14 13)->(14 9) 3 1 0 0 #timing (1082 1073) ps polarity 0
net 189: (14 9)->(14 9) 1 0 1 1 #timing (1293 1250) ps  polarity 1
net 189: (14 9)->(15 8) 0 3 0 1 #timing (1406 1423) ps  polarity 0
net 189: (12 13)->(14 15) 1 3 0 0 #timing (825 804) ps polarity 0
net 189: (14 15)->(12 15) 1 2 0 1 #timing (1103 1053) ps  polarity 1
net 189: (12 15)->(12 14) 0 1 0 1 #timing (1191 1244) ps  polarity 0
net 190: (15 21)->(15 21) 0 0 0 0 #timing (686 686) ps polarity 1
net 190: (15 21)->(13 23) 1 3 0 0 #timing (835 812) ps polarity 0
net 190: (13 23)->(13 19) 3 1 0 1 #timing (1312 1190) ps  polarity 0
net 190: (13 19)->(15 19) 1 2 0 1 #timing (1457 1324) ps  polarity 1
net 190: (15 19)->(14 19) 0 2 0 1 #timing (1466 1602) ps  polarity 0
net 190: (13 23)->(13 27) 3 4 0 0 #timing (1164 1166) ps polarity 0
net 190: (13 27)->(17 27) 4 5 0 0 #timing (1525 1476) ps polarity 0
net 190: (17 27)->(17 27) 5 0 1 0 #timing (1648 1615) ps polarity 1
net 190: (17 27)->(17 10) 13 1 1 0 #timing (2264 2173) ps polarity 0
net 190: (17 10)->(25 2) 5 3 0 1 #timing (2996 2881) ps  polarity 0
net 190: (25 2)->(25 0) 1 1 0 1 #timing (3217 3078) ps  polarity 0
net 190: (25 0)->(24 0) 0 2 0 1 #timing (3172 3330) ps  polarity 1
net 191: (15 26)->(15 26) 0 0 0 0 #timing (185 185) ps polarity 1
net 191: (15 26)->(13 24) 1 3 0 0 #timing (362 324) ps polarity 0
net 191: (13 24)->(15 26) 1 3 0 1 #timing (689 598) ps  polarity 1
net 191: (15 26)->(15 26) 0 0 0 1 #timing (732 853) ps  polarity 0
net 191: (13 24)->(13 20) 3 4 0 0 #timing (639 656) ps polarity 0
net 191: (13 20)->(15 22) 1 3 0 1 #timing (932 885) ps  polarity 1
net 191: (15 22)->(15 23) 0 1 0 1 #timing (1053 1110) ps  polarity 0
net 191: (13 20)->(17 20) 4 5 0 0 #timing (974 955) ps polarity 0
net 191: (17 20)->(17 22) 1 1 0 1 #timing (1211 1185) ps  polarity 1
net 191: (17 22)->(17 22) 0 0 0 1 #timing (1335 1374) ps  polarity 0
net 191: (13 20)->(13 20) 5 0 0 0 #timing (770 797) ps polarity 1
net 191: (13 20)->(28 20) 13 2 1 0 #timing (1475 1316) ps polarity 0
net 191: (28 20)->(20 28) 5 3 0 1 #timing (2226 2044) ps  polarity 0
net 191: (20 28)->(16 28) 4 2 0 1 #timing (2319 2490) ps  polarity 1
net 191: (16 28)->(16 24) 3 1 0 1 #timing (2635 2738) ps  polarity 1
net 191: (16 24)->(18 24) 1 2 0 1 #timing (2769 2864) ps  polarity 0
net 191: (18 24)->(18 24) 0 0 0 1 #timing (3008 2921) ps  polarity 1
net 192: (15 25)->(15 25) 0 0 0 0 #timing (762 762) ps polarity 1
net 192: (15 25)->(15 25) 1 0 0 0 #timing (837 836) ps polarity 0
net 192: (15 25)->(15 21) 3 4 0 0 #timing (1137 1078) ps polarity 0
net 192: (15 21)->(15 23) 1 1 0 1 #timing (1392 1287) ps  polarity 1
net 192: (15 23)->(15 22) 0 1 0 1 #timing (1415 1534) ps  polarity 0
net 192: (15 25)->(14 25) 0 2 0 0 #timing (712 712) ps polarity 1
net 192: (14 25)->(12 27) 1 3 0 0 #timing (864 839) ps polarity 0
net 192: (12 27)->(14 27) 1 2 0 1 #timing (1167 1105) ps  polarity 1
net 192: (14 27)->(15 26) 0 3 0 1 #timing (1279 1341) ps  polarity 0
net 192: (12 27)->(16 27) 4 5 0 0 #timing (1152 1197) ps polarity 0
net 192: (16 27)->(18 25) 1 3 0 1 #timing (1477 1377) ps  polarity 1
net 192: (18 25)->(18 24) 0 1 0 1 #timing (1523 1642) ps  polarity 0
net 193: (19 26)->(19 26) 0 0 0 0 #timing (185 185) ps polarity 1
net 193: (19 26)->(17 24) 1 3 0 0 #timing (347 316) ps polarity 0
net 193: (17 24)->(19 26) 1 3 0 1 #timing (657 581) ps  polarity 1
net 193: (19 26)->(19 26) 0 0 0 1 #timing (710 810) ps  polarity 0
net 193: (17 24)->(21 24) 4 2 0 0 #timing (626 662) ps polarity 0
net 193: (21 24)->(21 24) 5 0 1 0 #timing (747 799) ps polarity 1
net 193: (21 24)->(4 24) 13 2 1 0 #timing (1494 1308) ps polarity 0
net 193: (4 24)->(12 16) 5 3 0 1 #timing (2291 2082) ps  polarity 0
net 193: (12 16)->(16 16) 4 5 0 1 #timing (2445 2615) ps  polarity 1
net 193: (16 16)->(18 16) 1 2 0 1 #timing (2683 2813) ps  polarity 0
net 193: (18 16)->(19 16) 0 2 0 1 #timing (2954 2842) ps  polarity 1
net 193: (19 26)->(19 27) 0 1 0 0 #timing (192 192) ps polarity 1
net 193: (19 27)->(19 27) 1 0 0 0 #timing (274 276) ps polarity 0
net 193: (19 27)->(19 23) 3 4 0 0 #timing (522 485) ps polarity 0
net 193: (19 23)->(15 23) 4 5 0 0 #timing (811 747) ps polarity 0
net 193: (15 23)->(15 23) 1 0 1 1 #timing (948 986) ps  polarity 1
net 193: (15 23)->(15 23) 0 0 0 1 #timing (1112 1064) ps  polarity 0
net 194: (14 30)->(14 30) 0 0 0 0 #timing (704 704) ps polarity 1
net 194: (14 30)->(14 28) 1 1 0 0 #timing (822 811) ps polarity 0
net 194: (14 28)->(14 24) 3 1 0 0 #timing (1076 1062) ps polarity 0
net 194: (14 24)->(18 24) 4 5 0 0 #timing (1384 1341) ps polarity 0
net 194: (18 24)->(16 26) 1 3 0 1 #timing (1625 1607) ps  polarity 1
net 194: (16 26)->(17 27) 0 3 0 1 #timing (1737 1777) ps  polarity 0
net 194: (14 24)->(14 24) 5 0 1 0 #timing (1206 1204) ps polarity 1
net 194: (14 24)->(14 16) 5 1 0 1 #timing (1535 1542) ps  polarity 0
net 194: (14 16)->(18 16) 4 5 0 1 #timing (1821 1785) ps  polarity 0
net 194: (18 16)->(18 16) 1 0 0 1 #timing (2014 1952) ps  polarity 1
net 194: (18 16)->(18 16) 0 0 0 1 #timing (2076 2128) ps  polarity 0
net 194: (14 30)->(14 31) 0 1 0 0 #timing (678 679) ps polarity 1
net 194: (14 31)->(12 29) 1 3 0 0 #timing (868 829) ps polarity 0
net 194: (12 29)->(14 29) 1 2 0 1 #timing (1163 1081) ps  polarity 1
net 194: (14 29)->(14 29) 0 0 0 1 #timing (1224 1318) ps  polarity 0
net 195: (18 26)->(18 27) 0 1 0 0 #timing (183 183) ps polarity 1
net 195: (18 27)->(16 25) 1 3 0 0 #timing (361 326) ps polarity 0
net 195: (16 25)->(18 27) 1 3 0 1 #timing (683 597) ps  polarity 1
net 195: (18 27)->(18 26) 0 1 0 1 #timing (769 870) ps  polarity 0
net 195: (16 25)->(16 21) 3 4 0 0 #timing (626 645) ps polarity 0
net 195: (16 21)->(16 23) 1 1 0 1 #timing (881 852) ps  polarity 1
net 195: (16 23)->(17 23) 0 2 0 1 #timing (976 1021) ps  polarity 0
net 195: (18 26)->(19 27) 0 3 0 0 #timing (191 191) ps polarity 1
net 195: (19 27)->(17 27) 1 2 0 0 #timing (332 314) ps polarity 0
net 195: (17 27)->(17 23) 3 4 0 0 #timing (591 593) ps polarity 0
net 195: (17 23)->(17 19) 3 1 0 1 #timing (1006 909) ps  polarity 0
net 195: (17 19)->(19 19) 1 2 0 1 #timing (1162 1051) ps  polarity 1
net 195: (19 19)->(19 18) 0 1 0 1 #timing (1185 1301) ps  polarity 0
net 196: (11 26)->(11 26) 0 0 0 0 #timing (185 185) ps polarity 1
net 196: (11 26)->(9 26) 1 2 0 0 #timing (341 314) ps polarity 0
net 196: (9 26)->(13 26) 4 2 0 0 #timing (627 645) ps polarity 0
net 196: (13 26)->(13 26) 5 0 0 0 #timing (756 794) ps polarity 1
net 196: (13 26)->(13 18) 5 1 0 1 #timing (1091 1135) ps  polarity 0
net 196: (13 18)->(17 18) 4 5 0 1 #timing (1390 1376) ps  polarity 0
net 196: (17 18)->(19 18) 1 2 0 1 #timing (1631 1575) ps  polarity 1
net 196: (19 18)->(18 18) 0 2 0 1 #timing (1716 1773) ps  polarity 0
net 196: (11 26)->(11 27) 0 1 0 0 #timing (192 192) ps polarity 1
net 196: (11 27)->(11 27) 1 0 0 0 #timing (275 276) ps polarity 0
net 196: (11 27)->(11 27) 1 0 1 1 #timing (479 446) ps  polarity 1
net 196: (11 27)->(11 26) 0 1 0 1 #timing (561 588) ps  polarity 0
net 196: (11 27)->(15 27) 4 2 0 0 #timing (596 546) ps polarity 0
net 196: (15 27)->(19 27) 4 5 0 1 #timing (937 825) ps  polarity 0
net 196: (19 27)->(17 27) 1 2 0 1 #timing (1164 1016) ps  polarity 1
net 196: (17 27)->(16 27) 0 2 0 1 #timing (1153 1316) ps  polarity 0
net 197: (14 25)->(14 24) 0 1 0 0 #timing (700 700) ps polarity 1
net 197: (14 24)->(12 26) 1 3 0 0 #timing (861 840) ps polarity 0
net 197: (12 26)->(14 26) 1 2 0 1 #timing (1156 1101) ps  polarity 1
net 197: (14 26)->(14 26) 0 0 0 1 #timing (1223 1297) ps  polarity 0
net 197: (12 26)->(16 26) 4 5 0 0 #timing (1164 1199) ps polarity 0
net 197: (16 26)->(16 26) 5 0 0 0 #timing (1287 1336) ps polarity 1
net 197: (16 26)->(16 18) 5 1 0 1 #timing (1604 1664) ps  polarity 0
net 197: (16 18)->(18 18) 1 2 0 1 #timing (1916 1806) ps  polarity 1
net 197: (18 18)->(18 18) 0 0 0 1 #timing (1948 2067) ps  polarity 0
net 197: (12 26)->(12 26) 5 0 0 0 #timing (974 1050) ps polarity 1
net 197: (12 26)->(29 26) 13 2 1 0 #timing (1715 1512) ps polarity 0
net 197: (29 26)->(21 18) 5 3 0 1 #timing (2464 2244) ps  polarity 0
net 197: (21 18)->(17 18) 4 2 0 1 #timing (2569 2765) ps  polarity 1
net 197: (17 18)->(17 22) 3 1 0 1 #timing (2852 2996) ps  polarity 1
net 197: (17 22)->(17 22) 1 0 0 1 #timing (2949 3099) ps  polarity 0
net 197: (17 22)->(16 22) 0 2 0 1 #timing (3227 3066) ps  polarity 1
net 198: (15 27)->(14 27) 0 2 0 0 #timing (692 692) ps polarity 1
net 198: (14 27)->(12 25) 1 3 0 0 #timing (873 836) ps polarity 0
net 198: (12 25)->(14 27) 1 3 0 1 #timing (1195 1104) ps  polarity 1
net 198: (14 27)->(15 27) 0 2 0 1 #timing (1230 1357) ps  polarity 0
net 198: (12 25)->(12 21) 3 4 0 0 #timing (1150 1164) ps polarity 0
net 198: (12 21)->(14 23) 1 3 0 1 #timing (1440 1393) ps  polarity 1
net 198: (14 23)->(15 22) 0 3 0 1 #timing (1574 1632) ps  polarity 0
net 198: (12 21)->(8 21) 4 2 0 0 #timing (1429 1426) ps polarity 0
net 198: (8 21)->(8 21) 5 0 1 0 #timing (1555 1571) ps polarity 1
net 198: (8 21)->(25 21) 13 2 1 0 #timing (2208 2071) ps polarity 0
net 198: (25 21)->(17 21) 5 2 0 1 #timing (2695 2527) ps  polarity 1
net 198: (17 21)->(17 23) 1 1 0 1 #timing (2784 2905) ps  polarity 0
net 198: (17 23)->(17 22) 0 1 0 1 #timing (3029 2920) ps  polarity 1
net 198: (12 21)->(16 21) 4 5 0 0 #timing (1454 1443) ps polarity 0
net 198: (16 21)->(16 17) 3 1 0 1 #timing (1881 1778) ps  polarity 0
net 198: (16 17)->(18 19) 1 3 0 1 #timing (2041 1923) ps  polarity 1
net 198: (18 19)->(18 18) 0 1 0 1 #timing (2069 2221) ps  polarity 0
net 199: (14 27)->(14 27) 0 0 0 0 #timing (726 726) ps polarity 1
net 199: (14 27)->(14 27) 1 0 0 0 #timing (797 803) ps polarity 0
net 199: (14 27)->(14 27) 1 0 0 1 #timing (1002 975) ps  polarity 1
net 199: (14 27)->(14 27) 0 0 0 1 #timing (1090 1112) ps  polarity 0
net 199: (14 27)->(14 31) 3 1 0 0 #timing (1059 1013) ps polarity 0
net 199: (14 31)->(18 31) 4 5 0 0 #timing (1390 1307) ps polarity 0
net 199: (18 31)->(18 31) 5 0 1 0 #timing (1515 1447) ps polarity 1
net 199: (18 31)->(18 23) 5 1 0 1 #timing (1857 1793) ps  polarity 0
net 199: (18 23)->(16 23) 1 2 0 1 #timing (2053 2065) ps  polarity 1
net 199: (16 23)->(17 22) 0 3 0 1 #timing (2206 2198) ps  polarity 0
net 199: (14 27)->(14 26) 0 1 0 0 #timing (736 736) ps polarity 1
net 199: (14 26)->(12 24) 1 3 0 0 #timing (912 875) ps polarity 0
net 199: (12 24)->(12 20) 3 4 0 0 #timing (1163 1196) ps polarity 0
net 199: (12 20)->(14 22) 1 3 0 1 #timing (1452 1426) ps  polarity 1
net 199: (14 22)->(15 23) 0 3 0 1 #timing (1569 1622) ps  polarity 0
net 200: (11 25)->(11 24) 0 1 0 0 #timing (720 720) ps polarity 1
net 200: (11 24)->(9 26) 1 3 0 0 #timing (896 868) ps polarity 0
net 200: (9 26)->(11 26) 1 2 0 1 #timing (1213 1142) ps  polarity 1
net 200: (11 26)->(11 26) 0 0 0 1 #timing (1257 1356) ps  polarity 0
net 200: (9 26)->(9 22) 3 4 0 0 #timing (1230 1236) ps polarity 0
net 200: (9 22)->(13 22) 4 2 0 0 #timing (1558 1533) ps polarity 0
net 200: (13 22)->(15 22) 1 2 0 1 #timing (1828 1796) ps  polarity 1
net 200: (15 22)->(15 22) 0 0 0 1 #timing (1953 1979) ps  polarity 0
net 201: (10 25)->(10 25) 0 0 0 0 #timing (680 680) ps polarity 1
net 201: (10 25)->(8 27) 1 3 0 0 #timing (808 795) ps polarity 0
net 201: (8 27)->(10 27) 1 2 0 1 #timing (1066 1029) ps  polarity 1
net 201: (10 27)->(10 26) 0 1 0 1 #timing (1155 1192) ps  polarity 0
net 201: (8 27)->(8 23) 3 4 0 0 #timing (1110 1108) ps polarity 0
net 201: (8 23)->(12 23) 4 2 0 0 #timing (1391 1377) ps polarity 0
net 201: (12 23)->(14 23) 1 2 0 1 #timing (1597 1579) ps  polarity 1
net 201: (14 23)->(15 23) 0 2 0 1 #timing (1732 1757) ps  polarity 0
net 202: (11 27)->(10 27) 0 2 0 0 #timing (692 692) ps polarity 1
net 202: (10 27)->(8 25) 1 3 0 0 #timing (868 833) ps polarity 0
net 202: (8 25)->(10 27) 1 3 0 1 #timing (1152 1075) ps  polarity 1
net 202: (10 27)->(11 27) 0 2 0 1 #timing (1210 1303) ps  polarity 0
net 202: (8 25)->(12 25) 4 2 0 0 #timing (1099 1144) ps polarity 0
net 202: (12 25)->(16 25) 4 5 0 1 #timing (1427 1420) ps  polarity 0
net 202: (16 25)->(16 27) 1 1 0 1 #timing (1661 1615) ps  polarity 1
net 202: (16 27)->(17 27) 0 2 0 1 #timing (1724 1791) ps  polarity 0
net 203: (10 27)->(10 26) 0 1 0 0 #timing (736 736) ps polarity 1
net 203: (10 26)->(8 24) 1 3 0 0 #timing (916 885) ps polarity 0
net 203: (8 24)->(10 26) 1 3 0 1 #timing (1200 1125) ps  polarity 1
net 203: (10 26)->(10 27) 0 1 0 1 #timing (1330 1386) ps  polarity 0
net 203: (8 24)->(12 24) 4 2 0 0 #timing (1145 1186) ps polarity 0
net 203: (12 24)->(16 24) 4 5 0 1 #timing (1482 1458) ps  polarity 0
net 203: (16 24)->(16 20) 3 4 0 1 #timing (1788 1698) ps  polarity 0
net 203: (16 20)->(16 22) 1 1 0 1 #timing (1934 1836) ps  polarity 1
net 203: (16 22)->(17 23) 0 3 0 1 #timing (1968 2081) ps  polarity 0
net 204: (13 28)->(12 29) 0 3 0 0 #timing (653 653) ps polarity 1
net 204: (12 29)->(14 31) 1 3 0 0 #timing (813 785) ps polarity 0
net 204: (14 31)->(12 29) 1 3 0 1 #timing (1135 1064) ps  polarity 1
net 204: (12 29)->(13 28) 0 3 0 1 #timing (1201 1295) ps  polarity 0
net 204: (14 31)->(14 27) 3 1 0 0 #timing (1081 1103) ps polarity 0
net 204: (14 27)->(18 27) 4 5 0 0 #timing (1407 1390) ps polarity 0
net 204: (18 27)->(16 27) 1 2 0 1 #timing (1649 1618) ps  polarity 1
net 204: (16 27)->(16 27) 0 0 0 1 #timing (1742 1782) ps  polarity 0
net 205: (19 26)->(18 27) 0 3 0 0 #timing (188 188) ps polarity 1
net 205: (18 27)->(16 27) 1 2 0 0 #timing (341 317) ps polarity 0
net 205: (16 27)->(18 27) 1 2 0 1 #timing (620 554) ps  polarity 1
net 205: (18 27)->(19 27) 0 2 0 1 #timing (680 766) ps  polarity 0
net 205: (16 27)->(16 23) 3 4 0 0 #timing (611 607) ps polarity 0
net 205: (16 23)->(16 23) 1 0 1 1 #timing (825 786) ps  polarity 1
net 205: (16 23)->(16 22) 0 1 0 1 #timing (898 931) ps  polarity 0
net 206: (12 28)->(12 28) 0 0 0 0 #timing (649 649) ps polarity 1
net 206: (12 28)->(14 30) 1 3 0 0 #timing (793 772) ps polarity 0
net 206: (14 30)->(12 28) 1 3 0 1 #timing (1115 1053) ps  polarity 1
net 206: (12 28)->(12 28) 0 0 0 1 #timing (1200 1278) ps  polarity 0
net 206: (14 30)->(14 26) 3 1 0 0 #timing (1073 1088) ps polarity 0
net 206: (14 26)->(14 22) 3 4 0 1 #timing (1421 1368) ps  polarity 0
net 206: (14 22)->(14 22) 1 0 1 1 #timing (1518 1469) ps  polarity 1
net 206: (14 22)->(15 22) 0 2 0 1 #timing (1589 1629) ps  polarity 0
net 206: (14 26)->(18 26) 4 5 0 0 #timing (1375 1359) ps polarity 0
net 206: (18 26)->(18 22) 3 4 0 1 #timing (1805 1722) ps  polarity 0
net 206: (18 22)->(16 22) 1 2 0 1 #timing (1961 1865) ps  polarity 1
net 206: (16 22)->(17 22) 0 2 0 1 #timing (2000 2109) ps  polarity 0
net 207: (13 29)->(13 29) 0 0 0 0 #timing (156 156) ps polarity 1
net 207: (13 29)->(15 31) 1 3 0 0 #timing (305 281) ps polarity 0
net 207: (15 31)->(13 29) 1 3 0 1 #timing (642 568) ps  polarity 1
net 207: (13 29)->(13 29) 0 0 0 1 #timing (691 798) ps  polarity 0
net 207: (15 31)->(15 27) 3 1 0 0 #timing (592 611) ps polarity 0
net 207: (15 27)->(15 25) 1 1 0 1 #timing (850 820) ps  polarity 1
net 207: (15 25)->(14 24) 0 3 0 1 #timing (969 999) ps  polarity 0
net 207: (15 27)->(19 27) 4 5 0 0 #timing (943 910) ps polarity 0
net 207: (19 27)->(17 25) 1 3 0 1 #timing (1193 1167) ps  polarity 1
net 207: (17 25)->(16 25) 0 2 0 1 #timing (1310 1358) ps  polarity 0
net 207: (19 27)->(19 23) 3 4 0 1 #timing (1324 1258) ps  polarity 0
net 207: (19 23)->(19 23) 1 0 1 1 #timing (1425 1362) ps  polarity 1
net 207: (19 23)->(19 23) 0 0 0 1 #timing (1488 1541) ps  polarity 0
net 208: (13 30)->(13 30) 0 0 0 0 #timing (661 661) ps polarity 1
net 208: (13 30)->(15 28) 1 3 0 0 #timing (820 792) ps polarity 0
net 208: (15 28)->(13 28) 1 2 0 1 #timing (1106 1040) ps  polarity 1
net 208: (13 28)->(13 29) 0 1 0 1 #timing (1217 1283) ps  polarity 0
net 208: (15 28)->(15 24) 3 1 0 0 #timing (1070 1084) ps polarity 0
net 208: (15 24)->(15 24) 1 0 1 1 #timing (1279 1259) ps  polarity 1
net 208: (15 24)->(15 24) 0 0 0 1 #timing (1363 1383) ps  polarity 0
net 208: (15 24)->(19 24) 4 5 0 0 #timing (1393 1367) ps polarity 0
net 208: (19 24)->(17 24) 1 2 0 1 #timing (1603 1590) ps  polarity 1
net 208: (17 24)->(16 25) 0 3 0 1 #timing (1751 1765) ps  polarity 0
net 209: (19 25)->(18 25) 0 2 0 0 #timing (712 712) ps polarity 1
net 209: (18 25)->(18 25) 1 0 0 0 #timing (791 794) ps polarity 0
net 209: (18 25)->(18 27) 1 1 0 1 #timing (1041 997) ps  polarity 1
net 209: (18 27)->(19 26) 0 3 0 1 #timing (1124 1178) ps  polarity 0
net 209: (18 25)->(16 25) 1 2 0 1 #timing (1063 1010) ps  polarity 1
net 209: (16 25)->(16 25) 0 0 0 1 #timing (1153 1206) ps  polarity 0
net 210: (12 30)->(12 31) 0 1 0 0 #timing (679 679) ps polarity 1
net 210: (12 31)->(14 29) 1 3 0 0 #timing (861 830) ps polarity 0
net 210: (14 29)->(12 29) 1 2 0 1 #timing (1138 1076) ps  polarity 1
net 210: (12 29)->(12 29) 0 0 0 1 #timing (1215 1285) ps  polarity 0
net 210: (14 29)->(18 29) 4 5 0 0 #timing (1152 1176) ps polarity 0
net 210: (18 29)->(18 25) 3 1 0 1 #timing (1624 1483) ps  polarity 0
net 210: (18 25)->(18 25) 1 0 1 1 #timing (1718 1583) ps  polarity 1
net 210: (18 25)->(19 24) 0 3 0 1 #timing (1700 1828) ps  polarity 0
net 211: (18 25)->(18 24) 0 1 0 0 #timing (700 700) ps polarity 1
net 211: (18 24)->(16 26) 1 3 0 0 #timing (880 848) ps polarity 0
net 211: (16 26)->(18 26) 1 2 0 1 #timing (1183 1116) ps  polarity 1
net 211: (18 26)->(18 26) 0 0 0 1 #timing (1238 1323) ps  polarity 0
net 211: (16 26)->(16 22) 3 4 0 0 #timing (1152 1179) ps polarity 0
net 211: (16 22)->(16 22) 1 0 0 1 #timing (1367 1359) ps  polarity 1
net 211: (16 22)->(16 22) 0 0 0 1 #timing (1485 1482) ps  polarity 0
net 211: (16 22)->(18 22) 1 2 0 1 #timing (1414 1391) ps  polarity 1
net 211: (18 22)->(18 22) 0 0 0 1 #timing (1532 1565) ps  polarity 0
net 212: (18 26)->(18 26) 0 0 0 0 #timing (163 163) ps polarity 1
net 212: (18 26)->(16 24) 1 3 0 0 #timing (335 302) ps polarity 0
net 212: (16 24)->(18 26) 1 3 0 1 #timing (653 568) ps  polarity 1
net 212: (18 26)->(18 27) 0 1 0 1 #timing (753 845) ps  polarity 0
net 212: (16 24)->(16 20) 3 4 0 0 #timing (614 630) ps polarity 0
net 212: (16 20)->(18 22) 1 3 0 1 #timing (898 857) ps  polarity 1
net 212: (18 22)->(19 23) 0 3 0 1 #timing (1000 1068) ps  polarity 0
net 212: (16 24)->(12 24) 4 5 0 0 #timing (641 659) ps polarity 0
net 212: (12 24)->(14 24) 1 2 0 1 #timing (891 838) ps  polarity 1
net 212: (14 24)->(15 24) 0 2 0 1 #timing (947 1022) ps  polarity 0
net 213: (14 26)->(14 27) 0 1 0 0 #timing (183 183) ps polarity 1
net 213: (14 27)->(14 25) 1 1 0 0 #timing (305 293) ps polarity 0
net 213: (14 25)->(14 27) 1 1 0 1 #timing (565 516) ps  polarity 1
net 213: (14 27)->(14 26) 0 1 0 1 #timing (675 718) ps  polarity 0
net 213: (14 25)->(10 25) 4 2 0 0 #timing (589 583) ps polarity 0
net 213: (10 25)->(10 25) 5 0 1 0 #timing (722 735) ps polarity 1
net 213: (10 25)->(27 25) 13 2 1 0 #timing (1485 1327) ps polarity 0
net 213: (27 25)->(19 25) 5 2 0 1 #timing (1975 1793) ps  polarity 1
net 213: (19 25)->(17 27) 1 3 0 1 #timing (2080 2196) ps  polarity 0
net 213: (17 27)->(17 27) 0 0 0 1 #timing (2334 2245) ps  polarity 1
net 213: (14 26)->(15 26) 0 2 0 0 #timing (180 180) ps polarity 1
net 213: (15 26)->(15 26) 1 0 0 0 #timing (261 263) ps polarity 0
net 213: (15 26)->(15 22) 3 4 0 0 #timing (564 503) ps polarity 0
net 213: (15 22)->(19 22) 4 5 0 0 #timing (907 800) ps polarity 0
net 213: (19 22)->(19 22) 1 0 1 1 #timing (993 1076) ps  polarity 1
net 213: (19 22)->(18 23) 0 3 0 1 #timing (1242 1128) ps  polarity 0
net 214: (15 28)->(14 28) 0 2 0 0 #timing (643 643) ps polarity 1
net 214: (14 28)->(14 28) 1 0 0 0 #timing (719 723) ps polarity 0
net 214: (14 28)->(14 28) 1 0 1 1 #timing (923 894) ps  polarity 1
net 214: (14 28)->(15 28) 0 2 0 1 #timing (1013 1034) ps  polarity 0
net 214: (14 28)->(18 28) 4 5 0 0 #timing (1004 968) ps polarity 0
net 214: (18 28)->(18 28) 5 0 0 0 #timing (1129 1107) ps polarity 1
net 214: (18 28)->(18 20) 5 1 0 1 #timing (1447 1433) ps  polarity 0
net 214: (18 20)->(18 22) 1 1 0 1 #timing (1681 1649) ps  polarity 1
net 214: (18 22)->(18 23) 0 1 0 1 #timing (1778 1821) ps  polarity 0
net 214: (18 20)->(14 20) 4 5 0 1 #timing (1736 1673) ps  polarity 0
net 214: (14 20)->(14 22) 1 1 0 1 #timing (1980 1874) ps  polarity 1
net 214: (14 22)->(14 22) 0 0 0 1 #timing (1990 2111) ps  polarity 0
net 214: (14 28)->(14 28) 5 0 0 0 #timing (825 837) ps polarity 1
net 214: (14 28)->(31 28) 13 2 1 0 #timing (1549 1398) ps polarity 0
net 214: (31 28)->(23 28) 5 2 0 1 #timing (2175 1986) ps  polarity 1
net 214: (23 28)->(19 28) 4 2 0 1 #timing (2440 2225) ps  polarity 1
net 214: (19 28)->(19 24) 3 1 0 1 #timing (2752 2473) ps  polarity 1
net 214: (19 24)->(19 24) 1 0 1 1 #timing (2853 2578) ps  polarity 0
net 214: (19 24)->(18 24) 0 2 0 1 #timing (2708 2970) ps  polarity 1
net 215: (14 26)->(14 26) 0 0 0 0 #timing (163 163) ps polarity 1
net 215: (14 26)->(14 26) 1 0 0 0 #timing (240 242) ps polarity 0
net 215: (14 26)->(14 26) 1 0 0 1 #timing (445 413) ps  polarity 1
net 215: (14 26)->(14 27) 0 1 0 1 #timing (532 556) ps  polarity 0
net 215: (14 26)->(14 30) 3 1 0 0 #timing (524 469) ps polarity 0
net 215: (14 30)->(10 30) 4 2 0 0 #timing (841 747) ps polarity 0
net 215: (10 30)->(10 30) 5 0 1 0 #timing (972 897) ps polarity 1
net 215: (10 30)->(27 30) 13 2 1 0 #timing (1588 1534) ps polarity 0
net 215: (27 30)->(19 22) 5 3 0 1 #timing (2395 2313) ps  polarity 0
net 215: (19 22)->(19 22) 1 0 0 1 #timing (2577 2484) ps  polarity 0
net 215: (19 22)->(19 23) 0 1 0 1 #timing (2648 2711) ps  polarity 1
net 215: (19 22)->(15 22) 4 5 0 1 #timing (2681 2714) ps  polarity 1
net 215: (15 22)->(15 22) 1 0 1 1 #timing (2867 2877) ps  polarity 0
net 215: (15 22)->(14 22) 0 2 0 1 #timing (3005 2984) ps  polarity 1
net 216: (14 28)->(14 28) 0 0 0 0 #timing (649 649) ps polarity 1
net 216: (14 28)->(12 30) 1 3 0 0 #timing (786 768) ps polarity 0
net 216: (12 30)->(14 28) 1 3 0 1 #timing (1102 1036) ps  polarity 1
net 216: (14 28)->(14 28) 0 0 0 1 #timing (1191 1277) ps  polarity 0
net 216: (14 28)->(14 29) 0 1 0 0 #timing (656 656) ps polarity 1
net 216: (14 29)->(14 29) 1 0 0 0 #timing (738 737) ps polarity 0
net 216: (14 29)->(14 25) 3 1 0 0 #timing (1024 971) ps polarity 0
net 216: (14 25)->(14 21) 3 4 0 1 #timing (1401 1273) ps  polarity 0
net 216: (14 21)->(14 23) 1 1 0 1 #timing (1535 1401) ps  polarity 1
net 216: (14 23)->(14 22) 0 1 0 1 #timing (1541 1684) ps  polarity 0
net 217: (10 26)->(10 26) 0 0 0 0 #timing (166 166) ps polarity 1
net 217: (10 26)->(10 26) 1 0 0 0 #timing (243 245) ps polarity 0
net 217: (10 26)->(10 26) 1 0 1 1 #timing (447 416) ps  polarity 1
net 217: (10 26)->(10 26) 0 0 0 1 #timing (521 548) ps  polarity 0
net 217: (10 26)->(14 26) 4 2 0 0 #timing (514 488) ps polarity 0
net 217: (14 26)->(18 26) 4 5 0 1 #timing (840 766) ps  polarity 0
net 217: (18 26)->(16 26) 1 2 0 1 #timing (1089 970) ps  polarity 1
net 217: (16 26)->(16 27) 0 1 0 1 #timing (1104 1236) ps  polarity 0
net 218: (15 30)->(14 31) 0 3 0 0 #timing (675 675) ps polarity 1
net 218: (14 31)->(12 31) 1 2 0 0 #timing (838 814) ps polarity 0
net 218: (12 31)->(14 29) 1 3 0 1 #timing (1163 1078) ps  polarity 1
net 218: (14 29)->(15 29) 0 2 0 1 #timing (1214 1325) ps  polarity 0
net 218: (12 31)->(12 27) 3 1 0 0 #timing (1103 1110) ps polarity 0
net 218: (12 27)->(16 27) 4 5 0 1 #timing (1524 1439) ps  polarity 0
net 218: (16 27)->(16 23) 3 4 0 1 #timing (1814 1670) ps  polarity 0
net 218: (16 23)->(18 23) 1 2 0 1 #timing (1948 1797) ps  polarity 1
net 218: (18 23)->(18 23) 0 0 0 1 #timing (1940 2102) ps  polarity 0
net 218: (18 23)->(19 23) 0 2 0 1 #timing (1950 2108) ps  polarity 0
net 219: (10 26)->(10 27) 0 1 0 0 #timing (180 180) ps polarity 1
net 219: (10 27)->(10 27) 1 0 0 0 #timing (260 262) ps polarity 0
net 219: (10 27)->(10 27) 1 0 1 1 #timing (463 431) ps  polarity 1
net 219: (10 27)->(10 27) 0 0 0 1 #timing (545 573) ps  polarity 0
net 219: (10 27)->(10 31) 3 1 0 0 #timing (543 489) ps polarity 0
net 219: (10 31)->(10 31) 5 0 1 0 #timing (673 631) ps polarity 1
net 219: (10 31)->(27 31) 13 2 1 0 #timing (1332 1244) ps polarity 0
net 219: (27 31)->(19 23) 5 3 0 1 #timing (2162 2036) ps  polarity 0
net 219: (19 23)->(17 23) 1 2 0 1 #timing (2412 2248) ps  polarity 0
net 219: (17 23)->(16 22) 0 3 0 1 #timing (2384 2564) ps  polarity 1
net 220: (13 29)->(13 28) 0 1 0 0 #timing (201 201) ps polarity 1
net 220: (13 28)->(15 30) 1 3 0 0 #timing (357 332) ps polarity 0
net 220: (15 30)->(13 28) 1 3 0 1 #timing (674 602) ps  polarity 1
net 220: (13 28)->(13 28) 0 0 0 1 #timing (729 828) ps  polarity 0
net 220: (15 30)->(15 26) 3 1 0 0 #timing (614 637) ps polarity 0
net 220: (15 26)->(15 24) 1 1 0 1 #timing (870 844) ps  polarity 1
net 220: (15 24)->(14 24) 0 2 0 1 #timing (975 1008) ps  polarity 0
net 221: (19 27)->(19 26) 0 1 0 0 #timing (700 700) ps polarity 1
net 221: (19 26)->(19 26) 1 0 0 0 #timing (782 781) ps polarity 0
net 221: (19 26)->(19 26) 1 0 0 1 #timing (986 953) ps  polarity 1
net 221: (19 26)->(19 27) 0 1 0 1 #timing (1100 1111) ps  polarity 0
net 221: (19 26)->(17 26) 1 2 0 1 #timing (1039 989) ps  polarity 1
net 221: (17 26)->(17 27) 0 1 0 1 #timing (1152 1206) ps  polarity 0
net 222: (18 27)->(19 27) 0 2 0 0 #timing (738 738) ps polarity 1
net 222: (19 27)->(17 25) 1 3 0 0 #timing (925 889) ps polarity 0
net 222: (17 25)->(19 27) 1 3 0 1 #timing (1236 1153) ps  polarity 1
net 222: (19 27)->(18 27) 0 2 0 1 #timing (1306 1408) ps  polarity 0
net 222: (17 25)->(17 21) 3 4 0 0 #timing (1170 1204) ps polarity 0
net 222: (17 21)->(19 23) 1 3 0 1 #timing (1463 1437) ps  polarity 1
net 222: (19 23)->(18 23) 0 2 0 1 #timing (1580 1627) ps  polarity 0
net 222: (17 21)->(13 21) 4 5 0 0 #timing (1458 1465) ps polarity 0
net 222: (13 21)->(15 23) 1 3 0 1 #timing (1757 1693) ps  polarity 1
net 222: (15 23)->(14 22) 0 3 0 1 #timing (1850 1927) ps  polarity 0
net 223: (15 14)->(15 15) 0 1 0 0 #timing (174 174) ps polarity 1
net 223: (15 15)->(13 13) 1 3 0 0 #timing (352 313) ps polarity 0
net 223: (13 13)->(15 15) 1 3 0 1 #timing (653 574) ps  polarity 1
net 223: (15 15)->(15 15) 0 0 0 1 #timing (704 803) ps  polarity 0
net 223: (15 15)->(15 14) 0 1 0 1 #timing (720 810) ps  polarity 0
net 223: (15 15)->(14 14) 0 3 0 1 #timing (740 820) ps  polarity 0
net 223: (13 13)->(13 17) 3 4 0 0 #timing (625 637) ps polarity 0
net 223: (13 17)->(15 19) 1 3 0 1 #timing (929 873) ps  polarity 1
net 223: (15 19)->(15 19) 0 0 0 1 #timing (1022 1100) ps  polarity 0
net 223: (13 17)->(13 21) 3 1 0 1 #timing (1062 959) ps  polarity 0
net 223: (13 21)->(13 23) 1 1 0 1 #timing (1208 1095) ps  polarity 1
net 223: (13 23)->(13 22) 0 1 0 1 #timing (1221 1345) ps  polarity 0
net 223: (13 17)->(9 17) 4 2 0 0 #timing (940 925) ps polarity 0
net 223: (9 17)->(9 17) 1 0 0 1 #timing (1139 1123) ps  polarity 1
net 223: (9 17)->(8 16) 0 3 0 1 #timing (1208 1231) ps  polarity 0
net 223: (9 17)->(9 21) 3 1 0 1 #timing (1356 1280) ps  polarity 0
net 223: (9 21)->(9 21) 1 0 0 1 #timing (1470 1397) ps  polarity 1
net 223: (9 21)->(9 20) 0 1 0 1 #timing (1504 1574) ps  polarity 0
net 223: (13 17)->(13 17) 5 0 0 0 #timing (748 772) ps polarity 1
net 223: (13 17)->(13 25) 5 1 0 1 #timing (1072 1104) ps  polarity 0
net 223: (13 25)->(17 25) 4 5 0 1 #timing (1369 1354) ps  polarity 0
net 223: (17 25)->(17 25) 1 0 1 1 #timing (1556 1516) ps  polarity 1
net 223: (17 25)->(17 25) 0 0 0 1 #timing (1630 1665) ps  polarity 0
net 223: (13 17)->(5 25) 5 3 0 1 #timing (1347 1372) ps  polarity 1
net 223: (5 25)->(7 27) 1 3 0 1 #timing (1631 1609) ps  polarity 1
net 223: (7 27)->(7 26) 0 1 0 1 #timing (1756 1797) ps  polarity 0
net 224: (14 14)->(14 14) 0 0 0 0 #timing (163 163) ps polarity 1
net 224: (14 14)->(12 12) 1 3 0 0 #timing (343 305) ps polarity 0
net 224: (12 12)->(12 16) 3 4 0 0 #timing (599 629) ps polarity 0
net 224: (12 16)->(12 20) 3 1 0 1 #timing (1017 944) ps  polarity 0
net 224: (12 20)->(12 22) 1 1 0 1 #timing (1159 1079) ps  polarity 1
net 224: (12 22)->(12 22) 0 0 0 1 #timing (1195 1290) ps  polarity 0
net 224: (12 16)->(12 16) 5 0 1 0 #timing (726 769) ps polarity 1
net 224: (12 16)->(4 24) 5 3 0 1 #timing (1380 1425) ps  polarity 1
net 224: (4 24)->(6 26) 1 3 0 1 #timing (1637 1643) ps  polarity 1
net 224: (6 26)->(6 26) 0 0 0 1 #timing (1803 1823) ps  polarity 0
net 225: (15 15)->(15 14) 0 1 0 0 #timing (700 700) ps polarity 1
net 225: (15 14)->(13 12) 1 3 0 0 #timing (876 843) ps polarity 0
net 225: (13 12)->(13 16) 3 4 0 0 #timing (1151 1162) ps polarity 0
net 225: (13 16)->(13 20) 3 1 0 1 #timing (1563 1475) ps  polarity 0
net 225: (13 20)->(13 22) 1 1 0 1 #timing (1711 1614) ps  polarity 1
net 225: (13 22)->(13 23) 0 1 0 1 #timing (1773 1869) ps  polarity 0
net 225: (13 16)->(13 16) 5 0 1 0 #timing (1279 1303) ps polarity 1
net 225: (13 16)->(5 24) 5 3 0 1 #timing (1905 1936) ps  polarity 1
net 225: (5 24)->(7 26) 1 3 0 1 #timing (2174 2165) ps  polarity 1
net 225: (7 26)->(7 27) 0 1 0 1 #timing (2315 2336) ps  polarity 0
net 225: (13 12)->(9 12) 4 2 0 0 #timing (1150 1190) ps polarity 0
net 225: (9 12)->(9 12) 5 0 0 0 #timing (1280 1336) ps polarity 1
net 225: (9 12)->(9 28) 13 1 0 0 #timing (2022 1827) ps polarity 0
net 225: (9 28)->(9 28) 5 0 1 1 #timing (2383 2204) ps  polarity 0
net 225: (9 28)->(13 28) 4 2 0 1 #timing (2783 2532) ps  polarity 1
net 225: (13 28)->(13 28) 1 0 0 1 #timing (2982 2706) ps  polarity 0
net 225: (13 28)->(12 28) 0 2 0 1 #timing (2832 3098) ps  polarity 1
net 226: (14 15)->(14 15) 0 0 0 0 #timing (726 726) ps polarity 1
net 226: (14 15)->(12 13) 1 3 0 0 #timing (883 856) ps polarity 0
net 226: (12 13)->(12 17) 3 4 0 0 #timing (1168 1170) ps polarity 0
net 226: (12 17)->(12 21) 3 1 0 1 #timing (1586 1485) ps  polarity 0
net 226: (12 21)->(12 23) 1 1 0 1 #timing (1728 1620) ps  polarity 1
net 226: (12 23)->(12 23) 0 0 0 1 #timing (1746 1868) ps  polarity 0
net 226: (12 17)->(12 17) 5 0 1 0 #timing (1294 1311) ps polarity 1
net 226: (12 17)->(12 25) 5 1 0 1 #timing (1615 1639) ps  polarity 0
net 226: (12 25)->(12 29) 3 1 0 1 #timing (2035 1920) ps  polarity 0
net 226: (12 29)->(12 29) 1 0 1 1 #timing (2138 2026) ps  polarity 1
net 226: (12 29)->(12 28) 0 1 0 1 #timing (2136 2243) ps  polarity 0
net 226: (12 17)->(4 25) 5 3 0 1 #timing (1898 1924) ps  polarity 1
net 226: (4 25)->(6 27) 1 3 0 1 #timing (2148 2140) ps  polarity 1
net 226: (6 27)->(6 27) 0 0 0 1 #timing (2304 2332) ps  polarity 0
net 227: (13 25)->(13 25) 0 0 0 0 #timing (762 762) ps polarity 1
net 227: (13 25)->(15 27) 1 3 0 0 #timing (936 898) ps polarity 0
net 227: (15 27)->(13 27) 1 2 0 1 #timing (1238 1162) ps  polarity 1
net 227: (13 27)->(13 26) 0 1 0 1 #timing (1290 1385) ps  polarity 0
net 227: (15 27)->(11 27) 4 2 0 0 #timing (1191 1244) ps polarity 0
net 227: (11 27)->(7 27) 4 5 0 1 #timing (1598 1596) ps  polarity 0
net 227: (7 27)->(7 31) 3 1 0 1 #timing (1921 1862) ps  polarity 0
net 227: (7 31)->(7 29) 1 1 0 1 #timing (2086 2014) ps  polarity 1
net 227: (7 29)->(7 28) 0 1 0 1 #timing (2124 2214) ps  polarity 0
net 228: (20 21)->(20 21) 0 0 0 0 #timing (726 726) ps polarity 1
net 228: (20 21)->(20 21) 1 0 0 0 #timing (798 804) ps polarity 0
net 228: (20 21)->(20 25) 3 4 0 0 #timing (1087 1030) ps polarity 0
net 228: (20 25)->(20 25) 5 0 0 0 #timing (1213 1170) ps polarity 1
net 228: (20 25)->(20 9) 13 1 0 0 #timing (1791 1718) ps polarity 0
net 228: (20 9)->(20 9) 5 0 0 1 #timing (2021 1958) ps  polarity 0
net 228: (20 9)->(20 9) 1 0 1 1 #timing (2164 2097) ps  polarity 0
net 228: (20 9)->(21 8) 0 3 0 1 #timing (2253 2295) ps  polarity 1
net 228: (20 9)->(20 11) 1 1 0 1 #timing (2208 2129) ps  polarity 0
net 228: (20 11)->(21 10) 0 3 0 1 #timing (2301 2379) ps  polarity 1
net 228: (20 21)->(16 21) 4 2 0 0 #timing (1078 1037) ps polarity 0
net 228: (16 21)->(16 21) 1 0 1 1 #timing (1247 1259) ps  polarity 1
net 228: (16 21)->(17 20) 0 3 0 1 #timing (1413 1377) ps  polarity 0
net 228: (20 21)->(20 23) 1 1 0 0 #timing (830 827) ps polarity 0
net 228: (20 23)->(20 19) 3 1 0 0 #timing (1157 1128) ps polarity 0
net 228: (20 19)->(20 15) 3 4 0 1 #timing (1588 1447) ps  polarity 0
net 228: (20 15)->(22 15) 1 2 0 1 #timing (1732 1580) ps  polarity 1
net 228: (22 15)->(23 14) 0 3 0 1 #timing (1752 1906) ps  polarity 0
net 228: (20 19)->(20 19) 5 0 1 0 #timing (1282 1266) ps polarity 1
net 228: (20 19)->(20 3) 13 1 0 0 #timing (1916 1806) ps polarity 0
net 228: (20 3)->(20 3) 5 0 1 1 #timing (2147 2046) ps  polarity 0
net 228: (20 3)->(20 3) 1 0 0 1 #timing (2290 2185) ps  polarity 0
net 228: (20 3)->(21 2) 0 3 0 1 #timing (2340 2420) ps  polarity 1
net 228: (20 3)->(22 3) 1 2 0 1 #timing (2335 2217) ps  polarity 0
net 228: (22 3)->(23 2) 0 3 0 1 #timing (2391 2511) ps  polarity 1
net 228: (20 3)->(24 3) 4 5 0 1 #timing (2571 2387) ps  polarity 1
net 228: (24 3)->(26 3) 1 2 0 1 #timing (2805 2580) ps  polarity 0
net 228: (26 3)->(27 2) 0 3 0 1 #timing (2719 2936) ps  polarity 1
net 228: (20 21)->(21 20) 0 3 0 0 #timing (743 743) ps polarity 1
net 228: (21 20)->(21 20) 1 0 0 0 #timing (830 831) ps polarity 0
net 228: (21 20)->(21 20) 1 0 0 1 #timing (1035 1002) ps  polarity 1
net 228: (21 20)->(20 21) 0 3 0 1 #timing (1146 1158) ps  polarity 0
net 228: (21 20)->(21 20) 5 0 0 0 #timing (933 949) ps polarity 1
net 228: (21 20)->(21 5) 13 1 1 0 #timing (1570 1437) ps polarity 0
net 228: (21 5)->(21 5) 5 0 0 1 #timing (1781 1664) ps  polarity 0
net 228: (21 5)->(25 5) 4 5 0 1 #timing (2150 1982) ps  polarity 1
net 228: (25 5)->(25 5) 1 0 1 1 #timing (2338 2146) ps  polarity 0
net 228: (25 5)->(25 4) 0 1 0 1 #timing (2224 2423) ps  polarity 1
net 228: (25 5)->(27 5) 1 2 0 1 #timing (2404 2197) ps  polarity 0
net 228: (27 5)->(27 4) 0 1 0 1 #timing (2293 2533) ps  polarity 1
net 228: (25 5)->(25 9) 3 4 0 1 #timing (2462 2241) ps  polarity 1
net 228: (25 9)->(25 9) 1 0 0 1 #timing (2581 2365) ps  polarity 0
net 228: (25 9)->(25 8) 0 1 0 1 #timing (2471 2684) ps  polarity 1
net 228: (21 20)->(23 20) 1 2 0 0 #timing (887 868) ps polarity 0
net 228: (23 20)->(19 20) 4 2 0 0 #timing (1114 1135) ps polarity 0
net 228: (19 20)->(15 20) 4 5 0 1 #timing (1436 1420) ps  polarity 0
net 228: (15 20)->(15 16) 3 1 0 1 #timing (1750 1667) ps  polarity 0
net 228: (15 16)->(15 16) 1 0 0 1 #timing (1850 1772) ps  polarity 1
net 228: (15 16)->(14 16) 0 2 0 1 #timing (1900 1966) ps  polarity 0
net 229: (16 18)->(16 18) 0 0 0 0 #timing (704 704) ps polarity 1
net 229: (16 18)->(16 18) 1 0 0 0 #timing (775 779) ps polarity 0
net 229: (16 18)->(16 14) 3 4 0 0 #timing (1080 1017) ps polarity 0
net 229: (16 14)->(20 14) 4 2 0 0 #timing (1369 1291) ps polarity 0
net 229: (20 14)->(20 10) 3 1 0 1 #timing (1745 1700) ps  polarity 0
net 229: (20 10)->(20 10) 1 0 0 1 #timing (1842 1803) ps  polarity 1
net 229: (20 10)->(21 10) 0 2 0 1 #timing (1924 1954) ps  polarity 0
net 229: (16 18)->(17 18) 0 2 0 0 #timing (704 704) ps polarity 1
net 229: (17 18)->(17 18) 1 0 0 0 #timing (783 786) ps polarity 0
net 229: (17 18)->(21 18) 4 2 0 1 #timing (1167 1099) ps  polarity 0
net 229: (21 18)->(21 14) 3 4 0 1 #timing (1470 1341) ps  polarity 0
net 229: (21 14)->(23 14) 1 2 0 1 #timing (1615 1473) ps  polarity 1
net 229: (23 14)->(22 14) 0 2 0 1 #timing (1602 1744) ps  polarity 0
net 229: (17 18)->(17 16) 1 1 0 0 #timing (829 819) ps polarity 0
net 229: (17 16)->(13 16) 4 5 0 0 #timing (1086 1089) ps polarity 0
net 229: (13 16)->(15 16) 1 2 0 1 #timing (1350 1302) ps  polarity 1
net 229: (15 16)->(15 17) 0 1 0 1 #timing (1477 1519) ps  polarity 0
net 230: (14 18)->(14 18) 0 0 0 0 #timing (704 704) ps polarity 1
net 230: (14 18)->(14 16) 1 1 0 0 #timing (830 816) ps polarity 0
net 230: (14 16)->(14 16) 1 0 0 1 #timing (1050 1009) ps  polarity 1
net 230: (14 16)->(15 17) 0 3 0 1 #timing (1149 1173) ps  polarity 0
net 230: (14 16)->(14 12) 3 4 0 0 #timing (1083 1074) ps polarity 0
net 230: (14 12)->(18 12) 4 5 0 0 #timing (1378 1348) ps polarity 0
net 230: (18 12)->(18 12) 5 0 0 0 #timing (1499 1484) ps polarity 1
net 230: (18 12)->(26 4) 5 3 0 1 #timing (2121 2111) ps  polarity 1
net 230: (26 4)->(24 4) 1 2 0 1 #timing (2363 2321) ps  polarity 1
net 230: (24 4)->(25 4) 0 2 0 1 #timing (2446 2486) ps  polarity 0
net 230: (14 18)->(15 18) 0 2 0 0 #timing (704 704) ps polarity 1
net 230: (15 18)->(15 18) 1 0 0 0 #timing (782 787) ps polarity 0
net 230: (15 18)->(15 14) 3 4 0 0 #timing (1066 1012) ps polarity 0
net 230: (15 14)->(19 14) 4 5 0 0 #timing (1421 1317) ps polarity 0
net 230: (19 14)->(23 14) 4 2 0 1 #timing (1673 1555) ps  polarity 0
net 230: (23 14)->(23 14) 1 0 0 1 #timing (1825 1702) ps 
net 230: (23 14)->(21 12) 1 3 0 1 #timing (1896 1751) ps 
net 230: (23 14)->(23 10) 3 1 0 1 #timing (2003 1822) ps  polarity 0
net 230: (23 10)->(21 10) 1 2 0 1 #timing (2139 1955) ps  polarity 1
net 230: (21 10)->(21 10) 0 0 0 1 #timing (2046 2261) ps  polarity 0
net 230: (19 14)->(19 14) 5 0 0 0 #timing (1541 1452) ps polarity 1
net 230: (19 14)->(27 6) 5 3 0 1 #timing (2131 2044) ps  polarity 1
net 230: (27 6)->(27 4) 1 1 0 1 #timing (2347 2236) ps  polarity 1
net 230: (27 4)->(27 4) 0 0 0 1 #timing (2353 2478) ps  polarity 0
net 230: (15 18)->(19 18) 4 5 0 0 #timing (1122 1062) ps polarity 0
net 230: (19 18)->(23 18) 4 2 0 1 #timing (1382 1309) ps  polarity 0
net 230: (23 18)->(23 14) 3 4 0 1 #timing (1714 1580) ps  polarity 0
net 230: (23 14)->(23 14) 1 0 0 1 #timing (1825 1702) ps  polarity 1
net 230: (23 14)->(23 15) 0 1 0 1 #timing (1811 1930) ps  polarity 0
net 230: (23 14)->(21 12) 1 3 0 1 #timing (1896 1751) ps  polarity 1
net 230: (21 12)->(20 12) 0 2 0 1 #timing (1857 2037) ps  polarity 0
net 230: (19 18)->(19 18) 5 0 0 0 #timing (1240 1197) ps polarity 1
net 230: (19 18)->(19 3) 13 1 1 0 #timing (1782 1717) ps polarity 0
net 230: (19 3)->(19 3) 5 0 1 1 #timing (2025 1973) ps  polarity 0
net 230: (19 3)->(23 3) 4 2 0 1 #timing (2323 2247) ps  polarity 1
net 230: (23 3)->(21 3) 1 2 0 1 #timing (2555 2442) ps  polarity 0
net 230: (21 3)->(21 2) 0 1 0 1 #timing (2560 2688) ps  polarity 1
net 231: (28 9)->(28 9) 0 0 0 0 #timing (726 726) ps polarity 1
net 231: (28 9)->(28 9) 1 0 0 0 #timing (797 803) ps polarity 0
net 231: (28 9)->(24 9) 4 2 0 0 #timing (1049 1022) ps polarity 0
net 231: (24 9)->(24 9) 1 0 1 1 #timing (1230 1231) ps  polarity 1
net 231: (24 9)->(24 8) 0 1 0 1 #timing (1353 1342) ps  polarity 0
net 231: (24 9)->(24 5) 3 4 0 1 #timing (1507 1415) ps  polarity 0
net 231: (24 5)->(26 5) 1 2 0 1 #timing (1624 1531) ps  polarity 1
net 231: (26 5)->(26 4) 0 1 0 1 #timing (1634 1736) ps  polarity 0
net 231: (24 9)->(20 9) 4 5 0 1 #timing (1346 1300) ps  polarity 0
net 231: (20 9)->(22 11) 1 3 0 1 #timing (1598 1510) ps  polarity 1
net 231: (22 11)->(22 10) 0 1 0 1 #timing (1666 1781) ps  polarity 0
net 231: (28 9)->(30 9) 1 2 0 0 #timing (856 842) ps polarity 0
net 231: (30 9)->(30 9) 5 0 0 0 #timing (962 1015) ps polarity 1
net 231: (30 9)->(22 1) 5 3 0 1 #timing (1603 1649) ps  polarity 1
net 231: (22 1)->(20 3) 1 3 0 1 #timing (1857 1863) ps  polarity 1
net 231: (20 3)->(20 2) 0 1 0 1 #timing (2003 2022) ps  polarity 0
net 231: (28 9)->(28 8) 0 1 0 0 #timing (736 736) ps polarity 1
net 231: (28 8)->(28 10) 1 1 0 0 #timing (860 845) ps polarity 0
net 231: (28 10)->(24 10) 4 2 0 0 #timing (1097 1114) ps polarity 0
net 231: (24 10)->(24 10) 1 0 0 1 #timing (1324 1280) ps  polarity 1
net 231: (24 10)->(24 10) 0 0 0 1 #timing (1387 1429) ps  polarity 0
net 231: (24 10)->(20 10) 4 5 0 1 #timing (1369 1370) ps  polarity 0
net 231: (20 10)->(20 6) 3 4 0 1 #timing (1693 1617) ps  polarity 0
net 231: (20 6)->(22 6) 1 2 0 1 #timing (1834 1751) ps  polarity 1
net 231: (22 6)->(22 6) 0 0 0 1 #timing (1895 1986) ps  polarity 0
net 231: (28 9)->(29 9) 0 2 0 0 #timing (738 738) ps polarity 1
net 231: (29 9)->(31 11) 1 3 0 0 #timing (890 863) ps polarity 0
net 231: (31 11)->(31 15) 3 1 0 0 #timing (1162 1174) ps polarity 0
net 231: (31 15)->(27 15) 4 2 0 0 #timing (1425 1423) ps polarity 0
net 231: (27 15)->(23 15) 4 5 0 1 #timing (1759 1732) ps  polarity 0
net 231: (23 15)->(23 15) 1 0 1 1 #timing (1948 1895) ps  polarity 1
net 231: (23 15)->(22 15) 0 2 0 1 #timing (1976 2036) ps  polarity 0
net 231: (31 11)->(31 11) 5 0 0 0 #timing (988 1065) ps polarity 1
net 231: (31 11)->(31 3) 5 1 0 1 #timing (1330 1407) ps  polarity 0
net 231: (31 3)->(27 3) 4 2 0 1 #timing (1582 1629) ps  polarity 0
net 231: (27 3)->(27 3) 1 0 1 1 #timing (1771 1794) ps  polarity 1
net 231: (27 3)->(26 2) 0 3 0 1 #timing (1932 1892) ps  polarity 0
net 231: (28 9)->(29 8) 0 3 0 0 #timing (743 743) ps polarity 1
net 231: (29 8)->(29 8) 1 0 0 0 #timing (830 830) ps polarity 0
net 231: (29 8)->(29 12) 3 1 0 0 #timing (1103 1058) ps polarity 0
net 231: (29 12)->(25 12) 4 2 0 0 #timing (1415 1342) ps polarity 0
net 231: (25 12)->(21 12) 4 5 0 1 #timing (1644 1568) ps  polarity 0
net 231: (21 12)->(21 16) 3 4 0 1 #timing (1951 1818) ps  polarity 0
net 231: (21 16)->(21 18) 1 1 0 1 #timing (2097 1955) ps  polarity 1
net 231: (21 18)->(20 18) 0 2 0 1 #timing (2097 2249) ps  polarity 0
net 231: (29 8)->(29 8) 5 0 0 0 #timing (932 949) ps polarity 1
net 231: (29 8)->(21 8) 5 2 0 1 #timing (1325 1333) ps  polarity 0
net 231: (21 8)->(21 8) 1 0 1 1 #timing (1542 1498) ps  polarity 1
net 231: (21 8)->(20 8) 0 2 0 1 #timing (1620 1655) ps  polarity 0
net 231: (21 8)->(21 10) 1 1 0 1 #timing (1583 1529) ps  polarity 1
net 231: (21 10)->(20 10) 0 2 0 1 #timing (1664 1728) ps  polarity 0
net 231: (29 8)->(29 25) 13 1 1 0 #timing (1601 1460) ps polarity 0
net 231: (29 25)->(21 25) 5 2 0 1 #timing (2142 1963) ps  polarity 1
net 231: (21 25)->(17 25) 4 2 0 1 #timing (2400 2189) ps  polarity 1
net 231: (17 25)->(17 21) 3 4 0 1 #timing (2710 2429) ps  polarity 1
net 231: (17 21)->(17 21) 1 0 1 1 #timing (2809 2532) ps  polarity 0
net 231: (17 21)->(16 20) 0 3 0 1 #timing (2670 2930) ps  polarity 1
net 232: (26 12)->(26 12) 0 0 0 0 #timing (704 704) ps polarity 1
net 232: (26 12)->(26 12) 1 0 0 0 #timing (775 779) ps polarity 0
net 232: (26 12)->(26 8) 3 1 0 0 #timing (1037 990) ps polarity 0
net 232: (26 8)->(22 8) 4 5 0 0 #timing (1413 1307) ps polarity 0
net 232: (22 8)->(22 10) 1 1 0 1 #timing (1558 1623) ps  polarity 1
net 232: (22 10)->(22 10) 0 0 0 1 #timing (1738 1690) ps  polarity 0
net 232: (22 8)->(20 8) 1 2 0 1 #timing (1541 1615) ps  polarity 1
net 232: (20 8)->(20 8) 0 0 0 1 #timing (1730 1673) ps  polarity 0
net 232: (22 8)->(20 10) 1 3 0 1 #timing (1570 1631) ps  polarity 1
net 232: (20 10)->(20 10) 0 0 0 1 #timing (1760 1732) ps  polarity 0
net 232: (26 12)->(26 12) 5 0 0 0 #timing (881 893) ps polarity 1
net 232: (26 12)->(26 4) 5 1 0 1 #timing (1185 1211) ps  polarity 0
net 232: (26 4)->(22 4) 4 5 0 1 #timing (1495 1470) ps  polarity 0
net 232: (22 4)->(22 4) 1 0 0 1 #timing (1690 1639) ps  polarity 1
net 232: (22 4)->(22 4) 0 0 0 1 #timing (1747 1795) ps  polarity 0
net 232: (26 12)->(24 12) 1 2 0 0 #timing (820 810) ps polarity 0
net 232: (24 12)->(20 12) 4 5 0 0 #timing (1156 1127) ps polarity 0
net 232: (20 12)->(20 16) 3 4 0 1 #timing (1558 1487) ps  polarity 0
net 232: (20 16)->(20 16) 1 0 0 1 #timing (1655 1588) ps  polarity 1
net 232: (20 16)->(21 17) 0 3 0 1 #timing (1728 1778) ps  polarity 0
net 232: (26 12)->(27 13) 0 3 0 0 #timing (674 675) ps polarity 1
net 232: (27 13)->(27 13) 1 0 0 0 #timing (766 768) ps polarity 0
net 232: (27 13)->(27 17) 3 4 0 0 #timing (1098 1025) ps polarity 0
net 232: (27 17)->(23 17) 4 5 0 0 #timing (1500 1363) ps polarity 0
net 232: (23 17)->(23 17) 1 0 1 1 #timing (1566 1675) ps  polarity 1
net 232: (23 17)->(23 16) 0 1 0 1 #timing (1753 1651) ps  polarity 0
net 232: (27 13)->(27 13) 5 0 0 0 #timing (870 885) ps polarity 1
net 232: (27 13)->(27 5) 5 1 0 1 #timing (1226 1242) ps  polarity 0
net 232: (27 5)->(27 5) 1 0 0 1 #timing (1448 1396) ps  polarity 1
net 232: (27 5)->(26 4) 0 3 0 1 #timing (1517 1561) ps  polarity 0
net 232: (27 5)->(23 5) 4 5 0 1 #timing (1616 1546) ps  polarity 0
net 232: (23 5)->(23 5) 1 0 1 1 #timing (1807 1711) ps  polarity 1
net 232: (23 5)->(23 4) 0 1 0 1 #timing (1789 1891) ps  polarity 0
net 233: (16 15)->(17 15) 0 2 0 0 #timing (738 738) ps polarity 1
net 233: (17 15)->(17 15) 1 0 0 0 #timing (815 819) ps polarity 0
net 233: (17 15)->(21 15) 4 2 0 1 #timing (1199 1135) ps  polarity 0
net 233: (21 15)->(21 11) 3 1 0 1 #timing (1478 1362) ps  polarity 0
net 233: (21 11)->(21 11) 1 0 0 1 #timing (1570 1463) ps  polarity 1
net 233: (21 11)->(20 10) 0 3 0 1 #timing (1585 1683) ps  polarity 0
net 233: (21 11)->(21 9) 1 1 0 1 #timing (1611 1492) ps  polarity 1
net 233: (21 9)->(20 8) 0 3 0 1 #timing (1626 1754) ps  polarity 0
net 233: (21 11)->(23 11) 1 2 0 1 #timing (1612 1490) ps  polarity 1
net 233: (23 11)->(22 10) 0 3 0 1 #timing (1621 1745) ps  polarity 0
net 233: (21 15)->(21 19) 3 4 0 1 #timing (1466 1353) ps  polarity 0
net 233: (21 19)->(21 17) 1 1 0 1 #timing (1603 1484) ps  polarity 1
net 233: (21 17)->(21 17) 0 0 0 1 #timing (1609 1742) ps  polarity 0
net 233: (17 15)->(17 15) 5 0 1 0 #timing (925 937) ps polarity 1
net 233: (17 15)->(17 7) 5 1 0 1 #timing (1283 1294) ps  polarity 0
net 233: (17 7)->(21 7) 4 2 0 1 #timing (1556 1529) ps  polarity 0
net 233: (21 7)->(21 3) 3 1 0 1 #timing (1889 1780) ps  polarity 0
net 233: (21 3)->(23 1) 1 3 0 1 #timing (2061 1934) ps  polarity 1
net 233: (23 1)->(23 1) 0 0 0 1 #timing (2049 2197) ps  polarity 0
net 233: (16 15)->(17 14) 0 3 0 0 #timing (743 743) ps polarity 1
net 233: (17 14)->(19 12) 1 3 0 0 #timing (924 885) ps polarity 0
net 233: (19 12)->(19 16) 3 4 0 0 #timing (1198 1223) ps polarity 0
net 233: (19 16)->(23 16) 4 2 0 0 #timing (1490 1503) ps polarity 0
net 233: (23 16)->(23 16) 1 0 1 1 #timing (1703 1663) ps  polarity 1
net 233: (23 16)->(22 16) 0 2 0 1 #timing (1736 1785) ps  polarity 0
net 233: (19 12)->(19 12) 5 0 0 0 #timing (1012 1102) ps polarity 1
net 233: (19 12)->(19 4) 5 1 0 1 #timing (1356 1452) ps  polarity 0
net 233: (19 4)->(23 4) 4 2 0 1 #timing (1587 1670) ps  polarity 0
net 233: (23 4)->(23 4) 1 0 1 1 #timing (1778 1838) ps  polarity 1
net 233: (23 4)->(23 4) 0 0 0 1 #timing (1913 1861) ps  polarity 0
net 233: (23 4)->(22 4) 0 2 0 1 #timing (1911 1860) ps  polarity 0
net 233: (19 12)->(27 4) 5 3 0 1 #timing (1618 1708) ps  polarity 1
net 233: (27 4)->(27 4) 1 0 1 1 #timing (1796 1874) ps  polarity 1
net 233: (27 4)->(26 4) 0 2 0 1 #timing (2003 1913) ps  polarity 0
net 234: (20 18)->(20 18) 0 0 0 0 #timing (704 704) ps polarity 1
net 234: (20 18)->(22 16) 1 3 0 0 #timing (894 849) ps polarity 0
net 234: (22 16)->(22 12) 3 4 0 0 #timing (1166 1202) ps polarity 0
net 234: (22 12)->(26 12) 4 5 0 0 #timing (1480 1487) ps polarity 0
net 234: (26 12)->(26 8) 3 1 0 1 #timing (1925 1811) ps  polarity 0
net 234: (26 8)->(24 8) 1 2 0 1 #timing (2034 1922) ps  polarity 1
net 234: (24 8)->(24 8) 0 0 0 1 #timing (2029 2146) ps  polarity 0
net 234: (22 12)->(22 12) 5 0 0 0 #timing (1299 1346) ps polarity 1
net 234: (22 12)->(22 4) 5 1 0 1 #timing (1645 1696) ps  polarity 0
net 234: (22 4)->(26 4) 4 5 0 1 #timing (1977 1975) ps  polarity 0
net 234: (26 4)->(26 4) 1 0 0 1 #timing (2171 2142) ps  polarity 1
net 234: (26 4)->(26 4) 0 0 0 1 #timing (2269 2288) ps  polarity 0
net 234: (20 18)->(20 19) 0 1 0 0 #timing (679 679) ps polarity 1
net 234: (20 19)->(20 19) 1 0 0 0 #timing (761 762) ps polarity 0
net 234: (20 19)->(20 19) 1 0 1 1 #timing (964 932) ps  polarity 1
net 234: (20 19)->(21 18) 0 3 0 1 #timing (1045 1071) ps  polarity 0
net 234: (20 19)->(20 23) 3 1 0 0 #timing (1027 981) ps polarity 0
net 234: (20 23)->(16 23) 4 2 0 0 #timing (1332 1250) ps polarity 0
net 234: (16 23)->(16 21) 1 1 0 1 #timing (1503 1546) ps  polarity 1
net 234: (16 21)->(16 20) 0 1 0 1 #timing (1667 1636) ps  polarity 0
net 234: (20 19)->(20 15) 3 4 0 0 #timing (1073 1008) ps polarity 0
net 234: (20 15)->(20 11) 3 1 0 1 #timing (1495 1334) ps  polarity 0
net 234: (20 11)->(20 11) 1 0 0 1 #timing (1593 1437) ps  polarity 1
net 234: (20 11)->(20 10) 0 1 0 1 #timing (1547 1699) ps  polarity 0
net 234: (20 11)->(20 9) 1 1 0 1 #timing (1640 1471) ps  polarity 1
net 234: (20 9)->(20 8) 0 1 0 1 #timing (1592 1774) ps  polarity 0
net 234: (20 15)->(20 15) 5 0 0 0 #timing (1202 1151) ps polarity 1
net 234: (20 15)->(20 7) 5 1 0 1 #timing (1537 1491) ps  polarity 0
net 234: (20 7)->(22 5) 1 3 0 1 #timing (1797 1769) ps  polarity 1
net 234: (22 5)->(22 4) 0 1 0 1 #timing (1942 1986) ps  polarity 0
net 234: (22 5)->(23 5) 0 2 0 1 #timing (1893 1955) ps  polarity 0
net 234: (22 5)->(23 4) 0 3 0 1 #timing (1917 1971) ps  polarity 0
net 234: (20 19)->(20 19) 5 0 0 0 #timing (864 879) ps polarity 1
net 234: (20 19)->(20 2) 13 1 1 0 #timing (1510 1373) ps polarity 0
net 234: (20 2)->(20 2) 5 0 0 1 #timing (1739 1614) ps  polarity 0
net 234: (20 2)->(20 2) 1 0 1 1 #timing (1883 1753) ps  polarity 0
net 234: (20 2)->(20 2) 0 0 0 1 #timing (1858 1984) ps  polarity 1
net 234: (20 2)->(22 2) 1 2 0 1 #timing (1935 1788) ps  polarity 0
net 234: (22 2)->(22 2) 0 0 0 1 #timing (1916 2087) ps  polarity 1
net 234: (20 2)->(24 2) 4 5 0 1 #timing (2157 1951) ps  polarity 1
net 234: (24 2)->(26 2) 1 2 0 1 #timing (2397 2148) ps  polarity 0
net 234: (26 2)->(26 2) 0 0 0 1 #timing (2253 2507) ps  polarity 1
net 234: (20 18)->(21 18) 0 2 0 0 #timing (704 704) ps polarity 1
net 234: (21 18)->(21 18) 1 0 0 0 #timing (784 787) ps polarity 0
net 234: (21 18)->(21 14) 3 4 0 0 #timing (1084 1024) ps polarity 0
net 234: (21 14)->(21 10) 3 1 0 1 #timing (1519 1356) ps  polarity 0
net 234: (21 10)->(23 10) 1 2 0 1 #timing (1661 1493) ps  polarity 1
net 234: (23 10)->(22 10) 0 2 0 1 #timing (1632 1800) ps  polarity 0
net 234: (21 18)->(23 16) 1 3 0 0 #timing (890 844) ps polarity 0
net 234: (23 16)->(23 16) 1 0 0 1 #timing (1121 1053) ps  polarity 1
net 234: (23 16)->(23 17) 0 1 0 1 #timing (1147 1217) ps  polarity 0
net 235: (22 6)->(22 6) 0 0 0 0 #timing (706 706) ps polarity 1
net 235: (22 6)->(22 4) 1 1 0 0 #timing (830 818) ps polarity 0
net 235: (22 4)->(22 4) 1 0 1 1 #timing (1049 1012) ps  polarity 1
net 235: (22 4)->(23 4) 0 2 0 1 #timing (1114 1151) ps  polarity 0
net 235: (22 4)->(18 4) 4 2 0 0 #timing (1109 1099) ps polarity 0
net 235: (18 4)->(18 4) 5 0 0 0 #timing (1237 1246) ps polarity 1
net 235: (18 4)->(18 20) 13 1 0 0 #timing (1832 1713) ps polarity 0
net 235: (18 20)->(18 20) 5 0 0 1 #timing (2075 1965) ps  polarity 0
net 235: (18 20)->(16 20) 1 2 0 1 #timing (2276 2144) ps  polarity 0
net 235: (16 20)->(16 20) 0 0 0 1 #timing (2259 2402) ps  polarity 1
net 235: (22 6)->(22 7) 0 1 0 0 #timing (697 697) ps polarity 1
net 235: (22 7)->(22 5) 1 1 0 0 #timing (827 817) ps polarity 0
net 235: (22 5)->(22 5) 5 0 0 0 #timing (925 965) ps polarity 1
net 235: (22 5)->(22 13) 5 1 0 1 #timing (1266 1308) ps  polarity 0
net 235: (22 13)->(22 17) 3 4 0 1 #timing (1765 1606) ps  polarity 0
net 235: (22 17)->(22 17) 1 0 1 1 #timing (1880 1723) ps  polarity 1
net 235: (22 17)->(22 17) 0 0 0 1 #timing (1852 1998) ps  polarity 0
net 235: (22 17)->(20 17) 1 2 0 1 #timing (1948 1767) ps  polarity 1
net 235: (20 17)->(21 17) 0 2 0 1 #timing (1903 2094) ps  polarity 0
net 235: (22 7)->(20 5) 1 3 0 0 #timing (881 850) ps polarity 0
net 235: (20 5)->(20 1) 3 1 0 0 #timing (1166 1178) ps polarity 0
net 235: (20 1)->(22 3) 1 3 0 1 #timing (1463 1411) ps  polarity 1
net 235: (22 3)->(22 2) 0 1 0 1 #timing (1550 1636) ps  polarity 0
net 235: (22 6)->(23 6) 0 2 0 0 #timing (708 708) ps polarity 1
net 235: (23 6)->(23 6) 1 0 0 0 #timing (792 794) ps polarity 0
net 235: (23 6)->(23 2) 3 1 0 0 #timing (1104 1041) ps polarity 0
net 235: (23 2)->(27 2) 4 5 0 0 #timing (1505 1378) ps polarity 0
net 235: (27 2)->(27 2) 1 0 1 1 #timing (1590 1687) ps  polarity 1
net 235: (27 2)->(26 2) 0 2 0 1 #timing (1808 1703) ps  polarity 0
net 235: (22 6)->(23 7) 0 3 0 0 #timing (695 695) ps polarity 1
net 235: (23 7)->(23 5) 1 1 0 0 #timing (811 804) ps polarity 0
net 235: (23 5)->(23 5) 1 0 0 1 #timing (1029 994) ps  polarity 1
net 235: (23 5)->(23 5) 0 0 0 1 #timing (1101 1134) ps  polarity 0
net 235: (23 5)->(22 4) 0 3 0 1 #timing (1079 1121) ps  polarity 0
net 235: (23 7)->(21 7) 1 2 0 0 #timing (828 812) ps polarity 0
net 235: (21 7)->(25 7) 4 5 0 1 #timing (1298 1200) ps  polarity 0
net 235: (25 7)->(25 11) 3 4 0 1 #timing (1598 1453) ps  polarity 0
net 235: (25 11)->(25 9) 1 1 0 1 #timing (1762 1607) ps  polarity 1
net 235: (25 9)->(24 8) 0 3 0 1 #timing (1702 1879) ps  polarity 0
net 235: (23 7)->(21 5) 1 3 0 0 #timing (868 839) ps polarity 0
net 235: (21 5)->(21 1) 3 1 0 0 #timing (1155 1152) ps polarity 0
net 235: (21 1)->(21 3) 1 1 0 1 #timing (1417 1363) ps  polarity 1
net 235: (21 3)->(20 2) 0 3 0 1 #timing (1504 1563) ps  polarity 0
net 236: (21 13)->(21 12) 0 1 0 0 #timing (719 719) ps polarity 1
net 236: (21 12)->(21 12) 1 0 0 0 #timing (806 807) ps polarity 0
net 236: (21 12)->(21 16) 3 4 0 0 #timing (1079 1036) ps polarity 0
net 236: (21 16)->(21 16) 1 0 1 1 #timing (1287 1212) ps  polarity 1
net 236: (21 16)->(21 17) 0 1 0 1 #timing (1376 1421) ps  polarity 0
net 236: (21 16)->(21 20) 3 1 0 1 #timing (1488 1348) ps  polarity 0
net 236: (21 20)->(23 20) 1 2 0 1 #timing (1627 1480) ps  polarity 1
net 236: (23 20)->(23 20) 0 0 0 1 #timing (1618 1760) ps  polarity 0
net 236: (21 16)->(17 16) 4 2 0 0 #timing (1376 1303) ps polarity 0
net 236: (17 16)->(17 20) 3 1 0 1 #timing (1697 1687) ps  polarity 0
net 236: (17 20)->(17 20) 1 0 0 1 #timing (1792 1789) ps  polarity 1
net 236: (17 20)->(16 20) 0 2 0 1 #timing (1909 1905) ps  polarity 0
net 236: (21 12)->(25 12) 4 5 0 0 #timing (1165 1110) ps polarity 0
net 236: (25 12)->(25 8) 3 1 0 1 #timing (1564 1514) ps  polarity 0
net 236: (25 8)->(25 8) 1 0 0 1 #timing (1668 1625) ps  polarity 1
net 236: (25 8)->(24 8) 0 2 0 1 #timing (1711 1761) ps  polarity 0
net 236: (21 12)->(21 14) 1 1 0 0 #timing (835 827) ps polarity 0
net 236: (21 14)->(21 10) 3 1 0 0 #timing (1105 1084) ps polarity 0
net 236: (21 10)->(21 10) 5 0 0 0 #timing (1228 1221) ps polarity 1
net 236: (21 10)->(21 2) 5 1 0 1 #timing (1563 1560) ps  polarity 0
net 236: (21 2)->(21 2) 1 0 0 1 #timing (1764 1732) ps  polarity 1
net 236: (21 2)->(20 2) 0 2 0 1 #timing (1853 1877) ps  polarity 0
net 236: (21 2)->(23 2) 1 2 0 1 #timing (1816 1764) ps  polarity 1
net 236: (23 2)->(22 2) 0 2 0 1 #timing (1895 1954) ps  polarity 0
net 236: (21 13)->(20 13) 0 2 0 0 #timing (712 712) ps polarity 1
net 236: (20 13)->(22 15) 1 3 0 0 #timing (856 837) ps polarity 0
net 236: (22 15)->(22 15) 5 0 0 0 #timing (967 1037) ps polarity 1
net 236: (22 15)->(22 7) 5 1 0 1 #timing (1301 1376) ps  polarity 0
net 236: (22 7)->(22 7) 1 0 0 1 #timing (1583 1473) ps  polarity 1
net 236: (22 7)->(23 6) 0 3 0 1 #timing (1602 1700) ps  polarity 0
net 236: (22 7)->(26 7) 4 5 0 1 #timing (1602 1629) ps  polarity 0
net 236: (26 7)->(26 3) 3 1 0 1 #timing (1942 1886) ps  polarity 0
net 236: (26 3)->(26 3) 1 0 0 1 #timing (2039 1989) ps  polarity 1
net 236: (26 3)->(26 2) 0 1 0 1 #timing (2117 2156) ps  polarity 0
net 237: (20 13)->(20 13) 0 0 0 0 #timing (680 680) ps polarity 1
net 237: (20 13)->(22 13) 1 2 0 0 #timing (817 800) ps polarity 0
net 237: (22 13)->(22 9) 3 1 0 1 #timing (1311 1193) ps  polarity 0
net 237: (22 9)->(20 9) 1 2 0 1 #timing (1489 1351) ps  polarity 1
net 237: (20 9)->(21 9) 0 2 0 1 #timing (1477 1625) ps  polarity 0
net 237: (22 9)->(20 11) 1 3 0 1 #timing (1500 1358) ps  polarity 1
net 237: (20 11)->(21 11) 0 2 0 1 #timing (1504 1677) ps  polarity 0
net 237: (22 13)->(22 17) 3 4 0 0 #timing (1167 1150) ps polarity 0
net 237: (22 17)->(22 21) 3 1 0 1 #timing (1641 1497) ps  polarity 0
net 237: (22 21)->(22 21) 1 0 0 1 #timing (1745 1605) ps  polarity 1
net 237: (22 21)->(22 20) 0 1 0 1 #timing (1726 1858) ps  polarity 0
net 237: (20 13)->(20 12) 0 1 0 0 #timing (700 700) ps polarity 1
net 237: (20 12)->(22 14) 1 3 0 0 #timing (864 840) ps polarity 0
net 237: (22 14)->(22 14) 5 0 0 0 #timing (965 1035) ps polarity 1
net 237: (22 14)->(22 6) 5 1 0 1 #timing (1339 1405) ps  polarity 0
net 237: (22 6)->(20 4) 1 3 0 1 #timing (1705 1572) ps  polarity 1
net 237: (20 4)->(21 5) 0 3 0 1 #timing (1732 1879) ps  polarity 0
net 237: (20 13)->(21 13) 0 2 0 0 #timing (688 688) ps polarity 1
net 237: (21 13)->(21 13) 1 0 0 0 #timing (766 763) ps polarity 0
net 237: (21 13)->(21 9) 3 1 0 1 #timing (1233 1106) ps  polarity 0
net 237: (21 9)->(23 11) 1 3 0 1 #timing (1406 1259) ps  polarity 1
net 237: (23 11)->(23 11) 0 0 0 1 #timing (1385 1565) ps  polarity 0
net 237: (21 13)->(25 13) 4 5 0 0 #timing (1116 1068) ps polarity 0
net 237: (25 13)->(25 13) 5 0 1 0 #timing (1242 1210) ps polarity 1
net 237: (25 13)->(25 5) 5 1 0 1 #timing (1628 1599) ps  polarity 0
net 237: (25 5)->(25 5) 1 0 0 1 #timing (1816 1810) ps  polarity 1
net 237: (25 5)->(25 5) 0 0 0 1 #timing (1916 1920) ps  polarity 0
net 237: (21 13)->(23 13) 1 2 0 0 #timing (828 801) ps polarity 0
net 237: (23 13)->(23 9) 3 1 0 0 #timing (1094 1096) ps polarity 0
net 237: (23 9)->(27 9) 4 5 0 0 #timing (1461 1410) ps polarity 0
net 237: (27 9)->(25 9) 1 2 0 1 #timing (1660 1671) ps  polarity 1
net 237: (25 9)->(25 9) 0 0 0 1 #timing (1796 1815) ps  polarity 0
net 238: (20 6)->(20 6) 0 0 0 0 #timing (704 704) ps polarity 1
net 238: (20 6)->(20 6) 1 0 0 0 #timing (775 779) ps polarity 0
net 238: (20 6)->(20 10) 3 4 0 0 #timing (1103 1032) ps polarity 0
net 238: (20 10)->(22 8) 1 3 0 1 #timing (1402 1268) ps  polarity 1
net 238: (22 8)->(23 8) 0 2 0 1 #timing (1414 1570) ps  polarity 0
net 238: (20 6)->(24 6) 4 5 0 0 #timing (1158 1080) ps polarity 0
net 238: (24 6)->(24 4) 1 1 0 1 #timing (1329 1364) ps  polarity 1
net 238: (24 4)->(25 5) 0 3 0 1 #timing (1504 1473) ps  polarity 0
net 238: (20 6)->(20 6) 5 0 0 0 #timing (881 893) ps polarity 1
net 238: (20 6)->(20 22) 13 1 0 0 #timing (1513 1385) ps polarity 0
net 238: (20 22)->(20 22) 5 0 1 1 #timing (1735 1618) ps  polarity 0
net 238: (20 22)->(22 20) 1 3 0 1 #timing (1953 1807) ps  polarity 0
net 238: (22 20)->(23 21) 0 3 0 1 #timing (1974 2135) ps  polarity 1
net 238: (20 6)->(21 6) 0 2 0 0 #timing (704 704) ps polarity 1
net 238: (21 6)->(21 4) 1 1 0 0 #timing (828 818) ps polarity 0
net 238: (21 4)->(21 4) 1 0 0 1 #timing (1046 1009) ps  polarity 1
net 238: (21 4)->(21 5) 0 1 0 1 #timing (1172 1181) ps  polarity 0
net 238: (21 4)->(21 8) 3 4 0 0 #timing (1135 1096) ps polarity 0
net 238: (21 8)->(25 8) 4 5 0 0 #timing (1508 1420) ps polarity 0
net 238: (25 8)->(25 8) 1 0 1 1 #timing (1620 1681) ps  polarity 1
net 238: (25 8)->(25 9) 0 1 0 1 #timing (1792 1726) ps  polarity 0
net 238: (21 6)->(23 6) 1 2 0 0 #timing (841 823) ps polarity 0
net 238: (23 6)->(23 10) 3 4 0 0 #timing (1187 1146) ps polarity 0
net 238: (23 10)->(23 10) 1 0 0 1 #timing (1408 1331) ps  polarity 1
net 238: (23 10)->(23 11) 0 1 0 1 #timing (1427 1505) ps  polarity 0
net 238: (20 6)->(21 7) 0 3 0 0 #timing (675 675) ps polarity 1
net 238: (21 7)->(21 5) 1 1 0 0 #timing (809 798) ps polarity 0
net 238: (21 5)->(21 9) 3 4 0 1 #timing (1208 1118) ps  polarity 0
net 238: (21 9)->(21 9) 1 0 0 1 #timing (1307 1223) ps  polarity 1
net 238: (21 9)->(21 9) 0 0 0 1 #timing (1325 1409) ps  polarity 0
net 238: (21 9)->(21 11) 1 1 0 1 #timing (1353 1254) ps  polarity 1
net 238: (21 11)->(21 11) 0 0 0 1 #timing (1366 1483) ps  polarity 0
net 239: (22 7)->(22 7) 0 0 0 0 #timing (652 652) ps polarity 1
net 239: (22 7)->(22 7) 1 0 0 0 #timing (732 736) ps polarity 0
net 239: (22 7)->(22 3) 3 1 0 0 #timing (1042 974) ps polarity 0
net 239: (22 3)->(22 3) 1 0 1 1 #timing (1259 1154) ps  polarity 1
net 239: (22 3)->(23 3) 0 2 0 1 #timing (1269 1368) ps  polarity 0
net 239: (22 7)->(22 11) 3 4 0 0 #timing (1060 990) ps polarity 0
net 239: (22 11)->(22 11) 1 0 1 1 #timing (1275 1170) ps  polarity 1
net 239: (22 11)->(23 11) 0 2 0 1 #timing (1296 1391) ps  polarity 0
net 239: (22 11)->(22 9) 1 1 0 1 #timing (1320 1201) ps  polarity 1
net 239: (22 9)->(23 9) 0 2 0 1 #timing (1337 1463) ps  polarity 0
net 239: (22 11)->(26 11) 4 5 0 0 #timing (1370 1269) ps polarity 0
net 239: (26 11)->(24 11) 1 2 0 1 #timing (1526 1580) ps  polarity 1
net 239: (24 11)->(25 11) 0 2 0 1 #timing (1722 1659) ps  polarity 0
net 239: (26 11)->(24 9) 1 3 0 1 #timing (1559 1596) ps  polarity 1
net 239: (24 9)->(25 9) 0 2 0 1 #timing (1746 1712) ps  polarity 0
net 239: (22 7)->(26 7) 4 5 0 0 #timing (1018 981) ps polarity 0
net 239: (26 7)->(24 7) 1 2 0 1 #timing (1235 1224) ps  polarity 1
net 239: (24 7)->(25 6) 0 3 0 1 #timing (1347 1355) ps  polarity 0
net 239: (22 7)->(22 7) 5 0 0 0 #timing (839 852) ps polarity 1
net 239: (22 7)->(22 23) 13 1 0 0 #timing (1471 1339) ps polarity 0
net 239: (22 23)->(22 23) 5 0 1 1 #timing (1715 1593) ps  polarity 0
net 239: (22 23)->(22 21) 1 1 0 1 #timing (1900 1764) ps  polarity 0
net 239: (22 21)->(22 21) 0 0 0 1 #timing (1903 2046) ps  polarity 1
net 239: (22 23)->(18 23) 4 2 0 1 #timing (2049 1877) ps  polarity 1
net 239: (18 23)->(16 21) 1 3 0 1 #timing (2329 2101) ps  polarity 0
net 239: (16 21)->(17 21) 0 2 0 1 #timing (2256 2495) ps  polarity 1
net 240: (22 9)->(22 8) 0 1 0 0 #timing (701 701) ps polarity 1
net 240: (22 8)->(22 8) 1 0 0 0 #timing (794 793) ps polarity 0
net 240: (22 8)->(22 8) 1 0 0 1 #timing (1001 965) ps  polarity 1
net 240: (22 8)->(23 9) 0 3 0 1 #timing (1078 1109) ps  polarity 0
net 240: (22 8)->(22 4) 3 4 0 0 #timing (1056 1017) ps polarity 0
net 240: (22 4)->(22 4) 5 0 0 0 #timing (1202 1171) ps polarity 1
net 240: (22 4)->(22 21) 13 1 1 0 #timing (1793 1704) ps polarity 0
net 240: (22 21)->(22 21) 5 0 0 1 #timing (2038 1962) ps  polarity 0
net 240: (22 21)->(22 23) 1 1 0 1 #timing (2225 2134) ps  polarity 0
net 240: (22 23)->(23 22) 0 3 0 1 #timing (2279 2372) ps  polarity 1
net 240: (22 8)->(22 10) 1 1 0 0 #timing (825 815) ps polarity 0
net 240: (22 10)->(22 10) 1 0 0 1 #timing (1048 1011) ps  polarity 1
net 240: (22 10)->(23 11) 0 3 0 1 #timing (1138 1164) ps  polarity 0
net 240: (22 10)->(26 10) 4 5 0 0 #timing (1127 1111) ps polarity 0
net 240: (26 10)->(24 10) 1 2 0 1 #timing (1371 1336) ps  polarity 1
net 240: (24 10)->(25 11) 0 3 0 1 #timing (1482 1508) ps  polarity 0
net 240: (26 10)->(24 8) 1 3 0 1 #timing (1407 1353) ps  polarity 1
net 240: (24 8)->(25 9) 0 3 0 1 #timing (1507 1562) ps  polarity 0
net 240: (22 10)->(22 10) 5 0 0 0 #timing (924 966) ps polarity 1
net 240: (22 10)->(22 2) 5 1 0 1 #timing (1274 1319) ps  polarity 0
net 240: (22 2)->(22 2) 1 0 0 1 #timing (1524 1445) ps  polarity 1
net 240: (22 2)->(23 3) 0 3 0 1 #timing (1559 1633) ps  polarity 0
net 240: (22 9)->(23 8) 0 3 0 0 #timing (696 696) ps polarity 1
net 240: (23 8)->(21 8) 1 2 0 0 #timing (853 829) ps polarity 0
net 240: (21 8)->(21 4) 3 4 0 0 #timing (1142 1126) ps polarity 0
net 240: (21 4)->(17 4) 4 2 0 0 #timing (1407 1375) ps polarity 0
net 240: (17 4)->(17 4) 5 0 1 0 #timing (1548 1531) ps polarity 1
net 240: (17 4)->(17 20) 13 1 0 0 #timing (2186 2077) ps polarity 0
net 240: (17 20)->(17 20) 5 0 1 1 #timing (2418 2320) ps  polarity 0
net 240: (17 20)->(17 20) 1 0 1 1 #timing (2560 2459) ps  polarity 0
net 240: (17 20)->(17 21) 0 1 0 1 #timing (2607 2686) ps  polarity 1
net 240: (21 4)->(25 4) 4 5 0 0 #timing (1523 1459) ps polarity 0
net 240: (25 4)->(25 4) 1 0 1 1 #timing (1656 1694) ps  polarity 1
net 240: (25 4)->(24 4) 0 2 0 1 #timing (1769 1739) ps  polarity 0
net 241: (25 13)->(25 13) 0 0 0 0 #timing (637 637) ps polarity 1
net 241: (25 13)->(25 15) 1 1 0 0 #timing (754 748) ps polarity 0
net 241: (25 15)->(25 11) 3 1 0 0 #timing (1072 1036) ps polarity 0
net 241: (25 11)->(25 11) 1 0 1 1 #timing (1298 1224) ps  polarity 1
net 241: (25 11)->(25 11) 0 0 0 1 #timing (1331 1403) ps  polarity 0
net 241: (25 13)->(24 13) 0 2 0 0 #timing (644 644) ps polarity 1
net 241: (24 13)->(24 13) 1 0 0 0 #timing (726 729) ps polarity 0
net 241: (24 13)->(24 13) 1 0 1 1 #timing (932 900) ps  polarity 1
net 241: (24 13)->(25 13) 0 2 0 1 #timing (1016 1043) ps  polarity 0
net 241: (24 13)->(24 13) 5 0 0 0 #timing (832 846) ps polarity 1
net 241: (24 13)->(24 5) 5 1 0 1 #timing (1165 1183) ps  polarity 0
net 241: (24 5)->(24 5) 1 0 0 1 #timing (1395 1339) ps  polarity 1
net 241: (24 5)->(24 4) 0 1 0 1 #timing (1438 1495) ps  polarity 0
net 241: (24 5)->(20 5) 4 5 0 1 #timing (1531 1478) ps  polarity 0
net 241: (20 5)->(20 5) 1 0 1 1 #timing (1725 1644) ps  polarity 1
net 241: (20 5)->(20 4) 0 1 0 1 #timing (1754 1830) ps  polarity 0
net 241: (20 5)->(22 7) 1 3 0 1 #timing (1775 1681) ps  polarity 1
net 241: (22 7)->(23 7) 0 2 0 1 #timing (1854 1975) ps  polarity 0
net 241: (20 5)->(20 1) 3 1 0 1 #timing (1876 1738) ps  polarity 0
net 241: (20 1)->(20 3) 1 1 0 1 #timing (2029 1877) ps  polarity 1
net 241: (20 3)->(21 3) 0 2 0 1 #timing (1983 2153) ps  polarity 0
net 241: (24 13)->(24 15) 1 1 0 0 #timing (759 752) ps polarity 0
net 241: (24 15)->(24 19) 3 4 0 0 #timing (1108 1053) ps polarity 0
net 241: (24 19)->(20 19) 4 5 0 0 #timing (1457 1346) ps polarity 0
net 241: (20 19)->(20 23) 3 1 0 1 #timing (1773 1781) ps  polarity 0
net 241: (20 23)->(22 23) 1 2 0 1 #timing (1926 1921) ps  polarity 1
net 241: (22 23)->(22 22) 0 1 0 1 #timing (2054 2084) ps  polarity 0
net 242: (24 13)->(24 12) 0 1 0 0 #timing (770 770) ps polarity 1
net 242: (24 12)->(24 12) 1 0 0 0 #timing (874 871) ps polarity 0
net 242: (24 12)->(24 12) 5 0 0 0 #timing (974 993) ps polarity 1
net 242: (24 12)->(24 4) 5 1 0 1 #timing (1315 1338) ps  polarity 0
net 242: (24 4)->(24 4) 1 0 0 1 #timing (1553 1489) ps  polarity 1
net 242: (24 4)->(24 4) 0 0 0 1 #timing (1596 1658) ps  polarity 0
net 242: (24 4)->(20 4) 4 5 0 1 #timing (1696 1632) ps  polarity 0
net 242: (20 4)->(20 4) 1 0 0 1 #timing (1895 1803) ps  polarity 1
net 242: (20 4)->(20 4) 0 0 0 1 #timing (1930 2011) ps  polarity 0
net 242: (24 12)->(26 14) 1 3 0 0 #timing (938 916) ps polarity 0
net 242: (26 14)->(26 18) 3 4 0 0 #timing (1243 1235) ps polarity 0
net 242: (26 18)->(22 18) 4 5 0 1 #timing (1669 1568) ps  polarity 0
net 242: (22 18)->(22 22) 3 1 0 1 #timing (1982 1819) ps  polarity 0
net 242: (22 22)->(22 22) 1 0 1 1 #timing (2088 1928) ps  polarity 1
net 242: (22 22)->(23 23) 0 3 0 1 #timing (2057 2204) ps  polarity 0
net 242: (24 13)->(25 13) 0 2 0 0 #timing (662 662) ps polarity 1
net 242: (25 13)->(25 13) 1 0 0 0 #timing (750 752) ps polarity 0
net 242: (25 13)->(21 13) 4 5 0 1 #timing (1140 1070) ps  polarity 0
net 242: (21 13)->(21 13) 1 0 0 1 #timing (1337 1242) ps  polarity 1
net 242: (21 13)->(20 12) 0 3 0 1 #timing (1386 1460) ps  polarity 0
net 242: (25 13)->(27 13) 1 2 0 0 #timing (793 783) ps polarity 0
net 242: (27 13)->(27 9) 3 1 0 0 #timing (1067 1064) ps polarity 0
net 242: (27 9)->(23 9) 4 5 0 0 #timing (1465 1400) ps polarity 0
net 242: (23 9)->(23 9) 1 0 1 1 #timing (1603 1640) ps  polarity 1
net 242: (23 9)->(23 8) 0 1 0 1 #timing (1746 1706) ps  polarity 0
net 242: (24 13)->(25 12) 0 3 0 0 #timing (762 762) ps polarity 1
net 242: (25 12)->(25 12) 1 0 0 0 #timing (863 863) ps polarity 0
net 242: (25 12)->(25 14) 1 1 0 1 #timing (1112 1066) ps  polarity 1
net 242: (25 14)->(25 15) 0 1 0 1 #timing (1193 1248) ps  polarity 0
net 242: (25 12)->(25 12) 5 0 0 0 #timing (965 981) ps polarity 1
net 242: (25 12)->(25 4) 5 1 0 1 #timing (1337 1362) ps  polarity 0
net 242: (25 4)->(21 4) 4 5 0 1 #timing (1626 1622) ps  polarity 0
net 242: (21 4)->(21 0) 3 1 0 1 #timing (1974 1894) ps  polarity 0
net 242: (21 0)->(21 2) 1 1 0 1 #timing (2114 2028) ps  polarity 1
net 242: (21 2)->(21 3) 0 1 0 1 #timing (2173 2259) ps  polarity 0
net 242: (25 12)->(25 14) 1 1 0 0 #timing (895 886) ps polarity 0
net 242: (25 14)->(25 10) 3 1 0 0 #timing (1210 1186) ps polarity 0
net 242: (25 10)->(25 10) 1 0 0 1 #timing (1434 1371) ps  polarity 1
net 242: (25 10)->(25 11) 0 1 0 1 #timing (1466 1530) ps  polarity 0
net 242: (25 10)->(21 10) 4 5 0 0 #timing (1530 1470) ps polarity 0
net 242: (21 10)->(21 10) 1 0 1 1 #timing (1680 1712) ps  polarity 1
net 242: (21 10)->(21 11) 0 1 0 1 #timing (1875 1814) ps  polarity 0
net 242: (21 10)->(21 8) 1 1 0 1 #timing (1725 1744) ps  polarity 1
net 242: (21 8)->(21 9) 0 1 0 1 #timing (1915 1881) ps  polarity 0
net 243: (24 15)->(24 15) 0 0 0 0 #timing (797 797) ps polarity 1
net 243: (24 15)->(24 13) 1 1 0 0 #timing (917 906) ps polarity 0
net 243: (24 13)->(24 17) 3 4 0 0 #timing (1260 1209) ps polarity 0
net 243: (24 17)->(20 17) 4 5 0 0 #timing (1624 1513) ps polarity 0
net 243: (20 17)->(16 17) 4 2 0 1 #timing (1886 1759) ps  polarity 0
net 243: (16 17)->(16 21) 3 1 0 1 #timing (2157 1981) ps  polarity 0
net 243: (16 21)->(16 21) 1 0 0 1 #timing (2253 2082) ps  polarity 1
net 243: (16 21)->(16 21) 0 0 0 1 #timing (2196 2363) ps  polarity 0
net 243: (24 15)->(24 14) 0 1 0 0 #timing (700 700) ps polarity 1
net 243: (24 14)->(24 12) 1 1 0 0 #timing (834 821) ps polarity 0
net 243: (24 12)->(24 8) 3 1 0 0 #timing (1135 1105) ps polarity 0
net 243: (24 8)->(24 8) 1 0 1 1 #timing (1350 1284) ps  polarity 1
net 243: (24 8)->(25 8) 0 2 0 1 #timing (1394 1457) ps  polarity 0
net 243: (24 8)->(24 8) 5 0 0 0 #timing (1261 1245) ps polarity 1
net 243: (24 8)->(24 0) 5 1 0 1 #timing (1634 1613) ps  polarity 0
net 243: (24 0)->(26 2) 1 3 0 1 #timing (1876 1842) ps  polarity 1
net 243: (26 2)->(26 3) 0 1 0 1 #timing (2048 2057) ps  polarity 0
net 243: (24 0)->(20 0) 4 5 0 1 #timing (2040 1930) ps  polarity 0
net 243: (20 0)->(20 2) 1 1 0 1 #timing (2289 2134) ps  polarity 1
net 243: (20 2)->(20 3) 0 1 0 1 #timing (2298 2448) ps  polarity 0
net 243: (24 14)->(26 14) 1 2 0 0 #timing (835 822) ps polarity 0
net 243: (26 14)->(26 10) 3 1 0 0 #timing (1111 1095) ps polarity 0
net 243: (26 10)->(26 10) 5 0 0 0 #timing (1232 1229) ps polarity 1
net 243: (26 10)->(26 2) 5 1 0 1 #timing (1553 1561) ps  polarity 0
net 243: (26 2)->(22 2) 4 5 0 1 #timing (1899 1842) ps  polarity 0
net 243: (22 2)->(22 2) 1 0 1 1 #timing (2088 2006) ps  polarity 1
net 243: (22 2)->(22 3) 0 1 0 1 #timing (2120 2196) ps  polarity 0
net 243: (24 15)->(25 15) 0 2 0 0 #timing (800 800) ps polarity 1
net 243: (25 15)->(27 15) 1 2 0 0 #timing (920 911) ps polarity 0
net 243: (27 15)->(27 19) 3 4 0 0 #timing (1225 1213) ps polarity 0
net 243: (27 19)->(23 19) 4 5 0 0 #timing (1645 1559) ps polarity 0
net 243: (23 19)->(23 23) 3 1 0 1 #timing (1993 1986) ps  polarity 0
net 243: (23 23)->(23 23) 1 0 1 1 #timing (2107 2105) ps  polarity 1
net 243: (23 23)->(22 23) 0 2 0 1 #timing (2201 2205) ps  polarity 0
net 243: (27 15)->(27 15) 5 0 0 0 #timing (1035 1088) ps polarity 1
net 243: (27 15)->(27 7) 5 1 0 1 #timing (1363 1424) ps  polarity 0
net 243: (27 7)->(27 5) 1 1 0 1 #timing (1673 1566) ps  polarity 1
net 243: (27 5)->(26 5) 0 2 0 1 #timing (1708 1821) ps  polarity 0
net 243: (24 15)->(25 14) 0 3 0 0 #timing (695 695) ps polarity 1
net 243: (25 14)->(25 12) 1 1 0 0 #timing (828 816) ps polarity 0
net 243: (25 12)->(25 8) 3 1 0 0 #timing (1129 1097) ps polarity 0
net 243: (25 8)->(21 8) 4 5 0 0 #timing (1473 1396) ps polarity 0
net 243: (21 8)->(21 8) 1 0 0 1 #timing (1608 1657) ps  polarity 1
net 243: (21 8)->(20 9) 0 3 0 1 #timing (1801 1731) ps  polarity 0
net 243: (21 8)->(23 10) 1 3 0 1 #timing (1698 1713) ps  polarity 1
net 243: (23 10)->(22 11) 0 3 0 1 #timing (1878 1870) ps  polarity 0
net 243: (25 14)->(27 12) 1 3 0 0 #timing (884 856) ps polarity 0
net 243: (27 12)->(27 8) 3 1 0 0 #timing (1151 1165) ps polarity 0
net 243: (27 8)->(23 8) 4 5 0 0 #timing (1560 1509) ps polarity 0
net 243: (23 8)->(21 10) 1 3 0 1 #timing (1799 1789) ps  polarity 1
net 243: (21 10)->(20 11) 0 3 0 1 #timing (1895 1936) ps  polarity 0
net 244: (20 15)->(20 15) 0 0 0 0 #timing (726 726) ps polarity 1
net 244: (20 15)->(20 15) 1 0 0 0 #timing (797 802) ps polarity 0
net 244: (20 15)->(20 11) 3 1 0 0 #timing (1065 1015) ps polarity 0
net 244: (20 11)->(20 11) 1 0 1 1 #timing (1281 1195) ps  polarity 1
net 244: (20 11)->(20 11) 0 0 0 1 #timing (1323 1398) ps  polarity 0
net 244: (20 11)->(22 11) 1 2 0 1 #timing (1324 1225) ps  polarity 1
net 244: (22 11)->(22 11) 0 0 0 1 #timing (1371 1483) ps  polarity 0
net 244: (20 11)->(24 11) 4 5 0 0 #timing (1432 1319) ps polarity 0
net 244: (24 11)->(24 9) 1 1 0 1 #timing (1578 1644) ps  polarity 1
net 244: (24 9)->(25 8) 0 3 0 1 #timing (1785 1721) ps  polarity 0
net 244: (24 11)->(24 7) 3 4 0 1 #timing (1893 1651) ps 
net 244: (20 11)->(24 11) 4 5 0 1 #timing (1534 1374) ps  polarity 0
net 244: (24 11)->(24 9) 1 1 0 1 #timing (1458 1524) ps 
net 244: (24 11)->(24 7) 3 4 0 1 #timing (1893 1651) ps  polarity 0
net 244: (24 7)->(26 5) 1 3 0 1 #timing (2052 1794) ps  polarity 1
net 244: (26 5)->(26 5) 0 0 0 1 #timing (1969 2218) ps  polarity 0
net 244: (20 11)->(20 11) 5 0 0 0 #timing (1191 1152) ps polarity 1
net 244: (20 11)->(20 3) 5 1 0 1 #timing (1523 1492) ps  polarity 0
net 244: (20 3)->(20 3) 1 0 1 1 #timing (1701 1695) ps  polarity 1
net 244: (20 3)->(20 3) 0 0 0 1 #timing (1808 1810) ps  polarity 0
net 244: (20 15)->(21 15) 0 2 0 0 #timing (738 738) ps polarity 1
net 244: (21 15)->(21 13) 1 1 0 0 #timing (859 848) ps polarity 0
net 244: (21 13)->(21 9) 3 1 0 0 #timing (1101 1088) ps polarity 0
net 244: (21 9)->(21 9) 1 0 1 1 #timing (1309 1263) ps  polarity 1
net 244: (21 9)->(20 9) 0 2 0 1 #timing (1386 1424) ps  polarity 0
net 244: (21 9)->(21 5) 3 4 0 1 #timing (1531 1416) ps  polarity 0
net 244: (21 5)->(21 7) 1 1 0 1 #timing (1670 1548) ps  polarity 1
net 244: (21 7)->(20 7) 0 2 0 1 #timing (1695 1822) ps  polarity 0
net 244: (21 9)->(21 9) 5 0 1 0 #timing (1226 1226) ps polarity 1
net 244: (21 9)->(21 1) 5 1 0 1 #timing (1574 1578) ps  polarity 0
net 244: (21 1)->(25 1) 4 5 0 1 #timing (1919 1864) ps  polarity 0
net 244: (25 1)->(27 3) 1 3 0 1 #timing (2186 2083) ps  polarity 1
net 244: (27 3)->(26 3) 0 2 0 1 #timing (2260 2386) ps  polarity 0
net 244: (21 13)->(21 17) 3 4 0 0 #timing (1129 1107) ps polarity 0
net 244: (21 17)->(17 17) 4 2 0 1 #timing (1535 1433) ps  polarity 0
net 244: (17 17)->(17 21) 3 1 0 1 #timing (1819 1663) ps  polarity 0
net 244: (17 21)->(17 21) 1 0 0 1 #timing (1917 1767) ps  polarity 1
net 244: (17 21)->(16 21) 0 2 0 1 #timing (1889 2031) ps  polarity 0
net 244: (21 17)->(21 17) 5 0 0 0 #timing (1253 1247) ps polarity 1
net 244: (21 17)->(21 25) 5 1 0 1 #timing (1580 1580) ps  polarity 0
net 244: (21 25)->(23 27) 1 3 0 1 #timing (1865 1804) ps  polarity 1
net 244: (23 27)->(23 26) 0 1 0 1 #timing (1954 2035) ps  polarity 0
net 244: (21 15)->(23 15) 1 2 0 0 #timing (870 854) ps polarity 0
net 244: (23 15)->(23 11) 3 1 0 0 #timing (1174 1159) ps polarity 0
net 244: (23 11)->(23 11) 5 0 0 0 #timing (1308 1302) ps polarity 1
net 244: (23 11)->(23 3) 5 1 0 1 #timing (1676 1675) ps  polarity 0
net 244: (23 3)->(23 3) 1 0 1 1 #timing (1906 1863) ps  polarity 1
net 244: (23 3)->(22 3) 0 2 0 1 #timing (1943 1994) ps  polarity 0
net 245: (20 14)->(20 14) 0 0 0 0 #timing (163 163) ps polarity 1
net 245: (20 14)->(20 14) 1 0 0 0 #timing (240 242) ps polarity 0
net 245: (20 14)->(20 10) 3 1 0 0 #timing (495 454) ps polarity 0
net 245: (20 10)->(20 10) 1 0 1 1 #timing (708 630) ps  polarity 1
net 245: (20 10)->(20 11) 0 1 0 1 #timing (727 805) ps  polarity 0
net 245: (20 10)->(20 8) 1 1 0 1 #timing (751 662) ps  polarity 1
net 245: (20 8)->(20 9) 0 1 0 1 #timing (769 876) ps  polarity 0
net 245: (20 10)->(22 10) 1 2 0 1 #timing (750 659) ps  polarity 1
net 245: (22 10)->(22 11) 0 1 0 1 #timing (775 893) ps  polarity 0
net 245: (20 10)->(24 10) 4 5 0 0 #timing (902 788) ps polarity 0
net 245: (24 10)->(24 10) 1 0 1 1 #timing (987 1073) ps  polarity 1
net 245: (24 10)->(24 11) 0 1 0 1 #timing (1202 1103) ps  polarity 0
net 245: (24 10)->(24 8) 1 1 0 1 #timing (1042 1111) ps  polarity 1
net 245: (24 8)->(24 9) 0 1 0 1 #timing (1249 1185) ps  polarity 0
net 245: (20 10)->(20 10) 5 0 1 0 #timing (623 593) ps polarity 1
net 245: (20 10)->(5 10) 13 2 1 0 #timing (1210 1126) ps polarity 0
net 245: (5 10)->(5 10) 5 0 1 1 #timing (1440 1368) ps  polarity 0
net 245: (5 10)->(7 8) 1 3 0 1 #timing (1655 1555) ps  polarity 0
net 245: (7 8)->(6 9) 0 3 0 1 #timing (1737 1830) ps  polarity 1
net 245: (20 14)->(20 18) 3 4 0 0 #timing (523 470) ps polarity 0
net 245: (20 18)->(20 18) 5 0 0 0 #timing (647 607) ps polarity 1
net 245: (20 18)->(20 26) 5 1 0 1 #timing (981 945) ps  polarity 0
net 245: (20 26)->(22 26) 1 2 0 1 #timing (1192 1180) ps  polarity 1
net 245: (22 26)->(22 26) 0 0 0 1 #timing (1304 1338) ps  polarity 0
net 245: (20 14)->(20 15) 0 1 0 0 #timing (180 180) ps polarity 1
net 245: (20 15)->(22 13) 1 3 0 0 #timing (359 324) ps polarity 0
net 245: (22 13)->(22 9) 3 1 0 0 #timing (622 646) ps polarity 0
net 245: (22 9)->(22 9) 5 0 0 0 #timing (753 789) ps polarity 1
net 245: (22 9)->(22 1) 5 1 0 1 #timing (1089 1129) ps  polarity 0
net 245: (22 1)->(22 3) 1 1 0 1 #timing (1376 1289) ps  polarity 1
net 245: (22 3)->(22 3) 0 0 0 1 #timing (1461 1539) ps  polarity 0
net 245: (22 1)->(26 1) 4 5 0 1 #timing (1390 1381) ps  polarity 0
net 245: (26 1)->(26 3) 1 1 0 1 #timing (1623 1576) ps  polarity 1
net 245: (26 3)->(26 3) 0 0 0 1 #timing (1723 1772) ps  polarity 0
net 245: (20 14)->(21 14) 0 2 0 0 #timing (180 180) ps polarity 1
net 245: (21 14)->(23 12) 1 3 0 0 #timing (349 314) ps polarity 0
net 245: (23 12)->(23 16) 3 4 0 0 #timing (664 653) ps polarity 0
net 245: (23 16)->(19 16) 4 2 0 0 #timing (928 909) ps polarity 0
net 245: (19 16)->(19 20) 3 1 0 1 #timing (1340 1262) ps  polarity 0
net 245: (19 20)->(17 20) 1 2 0 1 #timing (1493 1402) ps  polarity 1
net 245: (17 20)->(16 21) 0 3 0 1 #timing (1561 1660) ps  polarity 0
net 245: (23 16)->(23 16) 5 0 0 0 #timing (799 803) ps polarity 1
net 245: (23 16)->(23 1) 13 1 1 0 #timing (1434 1310) ps polarity 0
net 245: (23 1)->(23 1) 5 0 0 1 #timing (1718 1610) ps  polarity 0
net 245: (23 1)->(21 3) 1 3 0 1 #timing (1923 1793) ps  polarity 0
net 245: (21 3)->(20 3) 0 2 0 1 #timing (1965 2109) ps  polarity 1
net 246: (14 21)->(14 21) 0 0 0 0 #timing (726 726) ps polarity 1
net 246: (14 21)->(14 21) 1 0 0 0 #timing (797 803) ps polarity 0
net 246: (14 21)->(14 21) 5 0 0 0 #timing (905 916) ps polarity 1
net 246: (14 21)->(14 4) 13 1 1 0 #timing (1621 1467) ps polarity 0
net 246: (14 4)->(6 4) 5 2 0 1 #timing (2133 1949) ps  polarity 1
net 246: (6 4)->(6 8) 3 4 0 1 #timing (2362 2449) ps  polarity 1
net 246: (6 8)->(6 8) 1 0 1 1 #timing (2471 2559) ps  polarity 0
net 246: (6 8)->(6 9) 0 1 0 1 #timing (2672 2579) ps  polarity 1
net 246: (14 21)->(14 20) 0 1 0 0 #timing (736 736) ps polarity 1
net 246: (14 20)->(12 20) 1 2 0 0 #timing (880 859) ps polarity 0
net 246: (12 20)->(16 20) 4 5 0 0 #timing (1149 1172) ps polarity 0
net 246: (16 20)->(16 20) 1 0 1 1 #timing (1368 1318) ps  polarity 1
net 246: (16 20)->(16 21) 0 1 0 1 #timing (1438 1479) ps  polarity 0
net 246: (16 20)->(20 20) 4 2 0 1 #timing (1393 1402) ps  polarity 0
net 246: (20 20)->(20 24) 3 4 0 1 #timing (1674 1627) ps  polarity 0
net 246: (20 24)->(22 26) 1 3 0 1 #timing (1854 1780) ps  polarity 1
net 246: (22 26)->(23 27) 0 3 0 1 #timing (1929 2032) ps  polarity 0
net 246: (16 20)->(16 20) 5 0 0 0 #timing (1272 1309) ps polarity 1
net 246: (16 20)->(16 5) 13 1 1 0 #timing (1941 1783) ps polarity 0
net 246: (16 5)->(16 5) 5 0 0 1 #timing (2166 2021) ps  polarity 0
net 246: (16 5)->(20 5) 4 2 0 1 #timing (2483 2300) ps  polarity 1
net 246: (20 5)->(20 9) 3 4 0 1 #timing (2756 2524) ps  polarity 1
net 246: (20 9)->(20 9) 1 0 0 1 #timing (2858 2628) ps  polarity 0
net 246: (20 9)->(20 9) 0 0 0 1 #timing (2744 2969) ps  polarity 1
net 246: (14 21)->(15 21) 0 2 0 0 #timing (738 738) ps polarity 1
net 246: (15 21)->(15 23) 1 1 0 0 #timing (849 843) ps polarity 0
net 246: (15 23)->(19 23) 4 5 0 0 #timing (1168 1141) ps polarity 0
net 246: (19 23)->(19 23) 5 0 0 0 #timing (1286 1276) ps polarity 1
net 246: (19 23)->(19 6) 13 1 1 0 #timing (1887 1785) ps polarity 0
net 246: (19 6)->(19 6) 5 0 1 1 #timing (2162 2075) ps  polarity 0
net 246: (19 6)->(23 6) 4 2 0 1 #timing (2450 2342) ps  polarity 1
net 246: (23 6)->(23 2) 3 1 0 1 #timing (2855 2664) ps  polarity 1
net 246: (23 2)->(23 2) 1 0 0 1 #timing (2961 2778) ps  polarity 0
net 246: (23 2)->(22 3) 0 3 0 1 #timing (2861 3050) ps  polarity 1
net 246: (14 21)->(15 20) 0 3 0 0 #timing (743 743) ps polarity 1
net 246: (15 20)->(15 20) 1 0 0 0 #timing (831 831) ps polarity 0
net 246: (15 20)->(19 20) 4 5 0 0 #timing (1138 1094) ps polarity 0
net 246: (19 20)->(19 20) 5 0 0 0 #timing (1261 1231) ps polarity 1
net 246: (19 20)->(19 4) 13 1 0 0 #timing (1890 1793) ps polarity 0
net 246: (19 4)->(27 4) 5 2 0 1 #timing (2373 2252) ps  polarity 1
net 246: (27 4)->(27 0) 3 1 0 1 #timing (2676 2688) ps  polarity 1
net 246: (27 0)->(27 2) 1 1 0 1 #timing (2814 2821) ps  polarity 0
net 246: (27 2)->(26 3) 0 3 0 1 #timing (2973 2964) ps  polarity 1
net 246: (27 4)->(27 8) 3 4 0 1 #timing (2648 2675) ps  polarity 1
net 246: (27 8)->(25 8) 1 2 0 1 #timing (2828 2830) ps  polarity 0
net 246: (25 8)->(24 9) 0 3 0 1 #timing (2996 3004) ps  polarity 1
net 246: (27 8)->(25 10) 1 3 0 1 #timing (2847 2839) ps  polarity 0
net 246: (25 10)->(24 11) 0 3 0 1 #timing (3022 3055) ps  polarity 1
net 246: (19 20)->(19 5) 13 1 1 0 #timing (1854 1762) ps polarity 0
net 246: (19 5)->(19 5) 5 0 0 1 #timing (2079 2001) ps  polarity 0
net 246: (19 5)->(23 5) 4 2 0 1 #timing (2366 2269) ps  polarity 1
net 246: (23 5)->(23 9) 3 4 0 1 #timing (2695 2543) ps  polarity 1
net 246: (23 9)->(23 11) 1 1 0 1 #timing (2847 2689) ps  polarity 0
net 246: (23 11)->(22 11) 0 2 0 1 #timing (2779 2959) ps  polarity 1
net 246: (23 9)->(21 11) 1 3 0 1 #timing (2868 2700) ps  polarity 0
net 246: (21 11)->(20 11) 0 2 0 1 #timing (2800 3003) ps  polarity 1
net 246: (15 20)->(13 22) 1 3 0 0 #timing (912 885) ps polarity 0
net 246: (13 22)->(17 22) 4 5 0 0 #timing (1217 1241) ps polarity 0
net 246: (17 22)->(17 22) 5 0 0 0 #timing (1334 1374) ps polarity 1
net 246: (17 22)->(17 6) 13 1 0 0 #timing (2002 1843) ps polarity 0
net 246: (17 6)->(17 6) 5 0 0 1 #timing (2232 2084) ps  polarity 0
net 246: (17 6)->(21 6) 4 2 0 1 #timing (2572 2380) ps  polarity 1
net 246: (21 6)->(21 2) 3 1 0 1 #timing (2877 2620) ps  polarity 1
net 246: (21 2)->(21 2) 1 0 1 1 #timing (2975 2722) ps  polarity 0
net 246: (21 2)->(20 3) 0 3 0 1 #timing (2865 3098) ps  polarity 1
net 247: (6 7)->(6 7) 0 0 0 0 #timing (652 652) ps polarity 1
net 247: (6 7)->(6 7) 1 0 0 0 #timing (732 736) ps polarity 0
net 247: (6 7)->(6 11) 3 4 0 0 #timing (1053 983) ps polarity 0
net 247: (6 11)->(6 9) 1 1 0 1 #timing (1315 1194) ps  polarity 1
net 247: (6 9)->(6 9) 0 0 0 1 #timing (1333 1458) ps  polarity 0
net 247: (6 11)->(6 11) 5 0 0 0 #timing (1179 1122) ps polarity 1
net 247: (6 11)->(22 11) 13 2 0 0 #timing (1794 1717) ps polarity 0
net 247: (22 11)->(22 27) 13 1 0 0 #timing (2425 2396) ps polarity 1
net 247: (22 27)->(22 27) 5 0 0 1 #timing (2667 2648) ps  polarity 1
net 247: (22 27)->(22 27) 1 0 1 1 #timing (2809 2787) ps  polarity 1
net 247: (22 27)->(22 27) 0 0 0 1 #timing (2894 2913) ps  polarity 0
net 247: (6 7)->(6 5) 1 1 0 0 #timing (771 759) ps polarity 0
net 247: (6 5)->(10 5) 4 5 0 0 #timing (1074 1065) ps polarity 0
net 247: (10 5)->(10 5) 5 0 0 0 #timing (1204 1207) ps polarity 1
net 247: (10 5)->(26 5) 13 2 0 0 #timing (1830 1708) ps polarity 0
net 247: (26 5)->(26 5) 5 0 0 1 #timing (2077 1965) ps  polarity 0
net 247: (26 5)->(26 9) 3 4 0 1 #timing (2470 2272) ps  polarity 1
net 247: (26 9)->(24 9) 1 2 0 1 #timing (2586 2386) ps  polarity 0
net 247: (24 9)->(24 9) 0 0 0 1 #timing (2506 2708) ps  polarity 1
net 247: (26 9)->(24 11) 1 3 0 1 #timing (2615 2407) ps  polarity 0
net 247: (24 11)->(24 11) 0 0 0 1 #timing (2538 2762) ps  polarity 1
net 248: (7 9)->(7 9) 0 0 0 0 #timing (761 761) ps polarity 1
net 248: (7 9)->(7 9) 1 0 0 0 #timing (831 836) ps polarity 0
net 248: (7 9)->(7 9) 1 0 0 1 #timing (1038 1007) ps  polarity 1
net 248: (7 9)->(6 9) 0 2 0 1 #timing (1089 1127) ps  polarity 0
net 248: (7 9)->(5 11) 1 3 0 0 #timing (894 878) ps polarity 0
net 248: (5 11)->(5 15) 3 1 0 0 #timing (1206 1194) ps polarity 0
net 248: (5 15)->(5 15) 5 0 0 0 #timing (1333 1332) ps polarity 1
net 248: (5 15)->(5 31) 13 1 0 0 #timing (1944 1832) ps polarity 0
net 248: (5 31)->(20 31) 13 2 1 0 #timing (2469 2494) ps polarity 1
net 248: (20 31)->(20 31) 5 0 0 1 #timing (2716 2753) ps  polarity 1
net 248: (20 31)->(22 29) 1 3 0 1 #timing (2948 2950) ps  polarity 1
net 248: (22 29)->(23 28) 0 3 0 1 #timing (3099 3122) ps  polarity 0
net 248: (7 9)->(6 9) 0 2 0 0 #timing (771 771) ps polarity 1
net 248: (6 9)->(4 9) 1 2 0 0 #timing (897 885) ps polarity 0
net 248: (4 9)->(8 9) 4 5 0 0 #timing (1255 1243) ps polarity 0
net 248: (8 9)->(8 9) 5 0 1 0 #timing (1383 1384) ps polarity 1
net 248: (8 9)->(25 9) 13 2 1 0 #timing (2022 1903) ps polarity 0
net 248: (25 9)->(25 9) 5 0 1 1 #timing (2259 2153) ps  polarity 0
net 248: (25 9)->(25 9) 1 0 1 1 #timing (2401 2294) ps  polarity 0
net 248: (25 9)->(24 9) 0 2 0 1 #timing (2374 2488) ps  polarity 1
net 248: (25 9)->(25 11) 1 1 0 1 #timing (2440 2322) ps  polarity 0
net 248: (25 11)->(24 11) 0 2 0 1 #timing (2411 2551) ps  polarity 1
net 249: (18 10)->(18 10) 0 0 0 0 #timing (649 649) ps polarity 1
net 249: (18 10)->(18 10) 1 0 0 0 #timing (721 726) ps polarity 0
net 249: (18 10)->(18 6) 3 4 0 0 #timing (993 943) ps polarity 0
net 249: (18 6)->(18 6) 5 0 0 0 #timing (1124 1084) ps polarity 1
net 249: (18 6)->(18 23) 13 1 1 0 #timing (1706 1627) ps polarity 0
net 249: (18 23)->(18 23) 5 0 1 1 #timing (1940 1875) ps  polarity 0
net 249: (18 23)->(18 21) 1 1 0 1 #timing (2125 2044) ps  polarity 0
net 249: (18 21)->(18 21) 0 0 0 1 #timing (2180 2265) ps  polarity 1
net 249: (18 10)->(16 10) 1 2 0 0 #timing (776 763) ps polarity 0
net 249: (16 10)->(16 14) 3 1 0 0 #timing (1079 1053) ps polarity 0
net 249: (16 14)->(16 18) 3 4 0 1 #timing (1491 1365) ps  polarity 0
net 249: (16 18)->(18 16) 1 3 0 1 #timing (1660 1517) ps  polarity 1
net 249: (18 16)->(18 17) 0 1 0 1 #timing (1705 1844) ps  polarity 0
net 249: (18 10)->(19 11) 0 3 0 0 #timing (667 667) ps polarity 1
net 249: (19 11)->(19 11) 1 0 0 0 #timing (758 757) ps polarity 0
net 249: (19 11)->(19 15) 3 1 0 0 #timing (1031 983) ps polarity 0
net 249: (19 15)->(19 15) 1 0 1 1 #timing (1244 1159) ps  polarity 1
net 249: (19 15)->(19 15) 0 0 0 1 #timing (1259 1345) ps  polarity 0
net 249: (19 15)->(18 14) 0 3 0 1 #timing (1295 1364) ps  polarity 0
net 249: (19 11)->(15 11) 4 5 0 0 #timing (1015 986) ps polarity 0
net 249: (15 11)->(15 9) 1 1 0 1 #timing (1230 1221) ps  polarity 1
net 249: (15 9)->(15 9) 0 0 0 1 #timing (1356 1371) ps  polarity 0
net 249: (19 11)->(17 9) 1 3 0 0 #timing (858 820) ps polarity 0
net 249: (17 9)->(17 9) 1 0 1 1 #timing (1090 1032) ps  polarity 1
net 249: (17 9)->(17 9) 0 0 0 1 #timing (1133 1192) ps  polarity 0
net 249: (17 9)->(17 13) 3 1 0 0 #timing (1117 1141) ps polarity 0
net 249: (17 13)->(17 13) 1 0 0 1 #timing (1331 1320) ps  polarity 1
net 249: (17 13)->(17 12) 0 1 0 1 #timing (1447 1446) ps  polarity 0
net 250: (19 12)->(19 12) 0 0 0 0 #timing (661 661) ps polarity 1
net 250: (19 12)->(17 12) 1 2 0 0 #timing (786 774) ps polarity 0
net 250: (17 12)->(19 14) 1 3 0 1 #timing (1090 1029) ps  polarity 1
net 250: (19 14)->(19 15) 0 1 0 1 #timing (1186 1268) ps  polarity 0
net 250: (17 12)->(17 8) 3 1 0 0 #timing (1078 1062) ps polarity 0
net 250: (17 8)->(19 10) 1 3 0 1 #timing (1394 1305) ps  polarity 1
net 250: (19 10)->(18 11) 0 3 0 1 #timing (1471 1569) ps  polarity 0
net 250: (17 12)->(17 16) 3 4 0 0 #timing (1077 1061) ps polarity 0
net 250: (17 16)->(19 16) 1 2 0 1 #timing (1351 1282) ps  polarity 1
net 250: (19 16)->(19 16) 0 0 0 1 #timing (1445 1512) ps  polarity 0
net 250: (17 12)->(21 12) 4 2 0 0 #timing (1079 1086) ps polarity 0
net 250: (21 12)->(21 14) 1 1 0 1 #timing (1345 1291) ps  polarity 1
net 250: (21 14)->(21 15) 0 1 0 1 #timing (1437 1491) ps  polarity 0
net 250: (19 12)->(19 13) 0 1 0 0 #timing (691 691) ps polarity 1
net 250: (19 13)->(19 15) 1 1 0 0 #timing (802 792) ps polarity 0
net 250: (19 15)->(19 15) 5 0 0 0 #timing (902 944) ps polarity 1
net 250: (19 15)->(27 15) 5 2 0 1 #timing (1319 1335) ps  polarity 0
net 250: (27 15)->(25 15) 1 2 0 1 #timing (1588 1525) ps  polarity 1
net 250: (25 15)->(25 15) 0 0 0 1 #timing (1647 1740) ps  polarity 0
net 250: (19 12)->(18 12) 0 2 0 0 #timing (664 664) ps polarity 1
net 250: (18 12)->(18 12) 1 0 0 0 #timing (741 741) ps polarity 0
net 250: (18 12)->(18 14) 1 1 0 1 #timing (1000 949) ps  polarity 1
net 250: (18 14)->(19 14) 0 2 0 1 #timing (1053 1123) ps  polarity 0
net 250: (19 12)->(18 13) 0 3 0 0 #timing (675 675) ps polarity 1
net 250: (18 13)->(16 15) 1 3 0 0 #timing (847 813) ps polarity 0
net 250: (16 15)->(12 15) 4 5 0 0 #timing (1185 1201) ps polarity 0
net 250: (12 15)->(12 11) 3 1 0 1 #timing (1621 1509) ps  polarity 0
net 250: (12 11)->(14 9) 1 3 0 1 #timing (1805 1666) ps  polarity 1
net 250: (14 9)->(15 9) 0 2 0 1 #timing (1828 1984) ps  polarity 0
net 251: (18 12)->(18 12) 0 0 0 0 #timing (704 704) ps polarity 1
net 251: (18 12)->(16 14) 1 3 0 0 #timing (841 822) ps polarity 0
net 251: (16 14)->(18 12) 1 3 0 1 #timing (1164 1096) ps  polarity 1
net 251: (18 12)->(19 13) 0 3 0 1 #timing (1238 1331) ps  polarity 0
net 251: (16 14)->(16 10) 3 1 0 0 #timing (1117 1132) ps polarity 0
net 251: (16 10)->(18 10) 1 2 0 1 #timing (1369 1339) ps  polarity 1
net 251: (18 10)->(18 11) 0 1 0 1 #timing (1452 1505) ps  polarity 0
net 251: (16 10)->(12 10) 4 5 0 0 #timing (1441 1408) ps polarity 0
net 251: (12 10)->(12 10) 5 0 1 0 #timing (1568 1554) ps polarity 1
net 251: (12 10)->(12 27) 13 1 1 0 #timing (2189 2084) ps polarity 0
net 251: (12 27)->(29 27) 13 2 1 0 #timing (2809 2811) ps polarity 1
net 251: (29 27)->(21 19) 5 3 0 1 #timing (3561 3538) ps  polarity 1
net 251: (21 19)->(21 15) 3 4 0 1 #timing (3971 3859) ps  polarity 0
net 251: (21 15)->(21 15) 1 0 1 1 #timing (4064 3958) ps  polarity 1
net 251: (21 15)->(21 15) 0 0 0 1 #timing (4059 4166) ps  polarity 0
net 251: (29 27)->(29 10) 13 1 1 0 #timing (3476 3387) ps polarity 0
net 251: (29 10)->(13 10) 13 2 0 0 #timing (4129 4111) ps polarity 1
net 251: (13 10)->(13 10) 5 0 1 1 #timing (4364 4356) ps  polarity 1
net 251: (13 10)->(15 8) 1 3 0 1 #timing (4594 4552) ps  polarity 1
net 251: (15 8)->(15 9) 0 1 0 1 #timing (4737 4783) ps  polarity 0
net 251: (16 10)->(16 10) 5 0 0 0 #timing (1238 1268) ps polarity 1
net 251: (16 10)->(16 27) 13 1 1 0 #timing (1926 1768) ps polarity 0
net 251: (16 27)->(16 19) 5 1 0 1 #timing (2387 2210) ps  polarity 1
net 251: (16 19)->(18 17) 1 3 0 1 #timing (2495 2610) ps  polarity 0
net 251: (18 17)->(19 16) 0 3 0 1 #timing (2752 2661) ps  polarity 1
net 251: (16 27)->(24 19) 5 3 0 1 #timing (2727 2552) ps  polarity 0
net 251: (24 19)->(24 15) 3 4 0 1 #timing (3170 2903) ps  polarity 1
net 251: (24 15)->(24 15) 1 0 1 1 #timing (3285 3017) ps  polarity 0
net 251: (24 15)->(25 15) 0 2 0 1 #timing (3132 3394) ps  polarity 1
net 252: (18 13)->(19 12) 0 3 0 0 #timing (705 705) ps polarity 1
net 252: (19 12)->(19 14) 1 1 0 0 #timing (825 816) ps polarity 0
net 252: (19 14)->(19 14) 1 0 1 1 #timing (1046 1012) ps  polarity 1
net 252: (19 14)->(18 14) 0 2 0 1 #timing (1132 1158) ps  polarity 0
net 252: (19 14)->(19 18) 3 4 0 0 #timing (1100 1080) ps polarity 0
net 252: (19 18)->(19 16) 1 1 0 1 #timing (1353 1290) ps  polarity 1
net 252: (19 16)->(18 16) 0 2 0 1 #timing (1434 1506) ps  polarity 0
net 252: (19 18)->(19 22) 3 1 0 1 #timing (1506 1388) ps  polarity 0
net 252: (19 22)->(19 20) 1 1 0 1 #timing (1667 1532) ps  polarity 1
net 252: (19 20)->(18 21) 0 3 0 1 #timing (1710 1833) ps  polarity 0
net 253: (19 13)->(19 13) 0 0 0 0 #timing (762 762) ps polarity 1
net 253: (19 13)->(19 13) 1 0 0 0 #timing (837 836) ps polarity 0
net 253: (19 13)->(19 17) 3 4 0 0 #timing (1109 1065) ps polarity 0
net 253: (19 17)->(19 17) 1 0 0 1 #timing (1320 1241) ps  polarity 1
net 253: (19 17)->(18 16) 0 3 0 1 #timing (1361 1432) ps  polarity 0
net 253: (19 17)->(19 21) 3 1 0 1 #timing (1538 1386) ps  polarity 0
net 253: (19 21)->(19 21) 1 0 0 1 #timing (1634 1487) ps  polarity 1
net 253: (19 21)->(18 21) 0 2 0 1 #timing (1608 1748) ps  polarity 0
net 253: (19 13)->(18 13) 0 2 0 0 #timing (712 712) ps polarity 1
net 253: (18 13)->(16 13) 1 2 0 0 #timing (858 837) ps polarity 0
net 253: (16 13)->(18 13) 1 2 0 1 #timing (1141 1078) ps  polarity 1
net 253: (18 13)->(18 13) 0 0 0 1 #timing (1232 1305) ps  polarity 0
net 253: (16 13)->(18 15) 1 3 0 1 #timing (1160 1088) ps  polarity 1
net 253: (18 15)->(18 14) 0 1 0 1 #timing (1263 1347) ps  polarity 0
net 254: (27 31)->(27 31) 0 0 0 0 #timing (0 0) ps polarity 1
net 254: (27 31)->(27 31) 1 0 0 0 #timing (77 80) ps polarity 0
net 254: (27 31)->(27 31) 5 0 1 0 #timing (185 199) ps polarity 1
net 254: (27 31)->(27 14) 13 1 1 0 #timing (844 708) ps polarity 0
net 254: (27 14)->(19 14) 5 2 0 1 #timing (1339 1174) ps  polarity 1
net 254: (19 14)->(19 12) 1 1 0 1 #timing (1417 1536) ps  polarity 0
net 254: (19 12)->(18 13) 0 3 0 1 #timing (1695 1579) ps  polarity 1
net 255: (16 9)->(17 9) 0 2 0 0 #timing (738 738) ps polarity 1
net 255: (17 9)->(19 11) 1 3 0 0 #timing (898 870) ps polarity 0
net 255: (19 11)->(17 9) 1 3 0 1 #timing (1228 1152) ps  polarity 1
net 255: (17 9)->(16 8) 0 3 0 1 #timing (1298 1395) ps  polarity 0
net 256: (16 24)->(16 24) 0 0 0 0 #timing (704 704) ps polarity 1
net 256: (16 24)->(18 26) 1 3 0 0 #timing (855 829) ps polarity 0
net 256: (18 26)->(18 26) 5 0 0 0 #timing (958 1035) ps polarity 1
net 256: (18 26)->(18 10) 13 1 0 0 #timing (1628 1443) ps polarity 0
net 256: (18 10)->(18 2) 5 1 0 1 #timing (2074 1872) ps  polarity 1
net 256: (18 2)->(18 2) 1 0 0 1 #timing (2079 2245) ps  polarity 0
net 256: (18 2)->(18 3) 0 1 0 1 #timing (2365 2191) ps  polarity 1
net 256: (16 24)->(17 24) 0 2 0 0 #timing (704 704) ps polarity 1
net 256: (17 24)->(17 26) 1 1 0 0 #timing (814 808) ps polarity 0
net 256: (17 26)->(17 26) 5 0 0 0 #timing (921 964) ps polarity 1
net 256: (17 26)->(17 18) 5 1 0 1 #timing (1267 1312) ps  polarity 0
net 256: (17 18)->(13 18) 4 5 0 1 #timing (1561 1558) ps  polarity 0
net 256: (13 18)->(13 14) 3 4 0 1 #timing (1853 1791) ps  polarity 0
net 256: (13 14)->(15 12) 1 3 0 1 #timing (2034 1948) ps  polarity 1
net 256: (15 12)->(14 12) 0 2 0 1 #timing (2090 2196) ps  polarity 0
net 256: (17 26)->(17 10) 13 1 0 0 #timing (1589 1428) ps polarity 0
net 256: (17 10)->(17 10) 5 0 0 1 #timing (1819 1667) ps  polarity 0
net 256: (17 10)->(17 6) 3 4 0 1 #timing (2166 1946) ps  polarity 1
net 256: (17 6)->(17 6) 1 0 0 1 #timing (2264 2049) ps  polarity 0
net 256: (17 6)->(17 7) 0 1 0 1 #timing (2185 2383) ps  polarity 1
net 257: (16 25)->(16 25) 0 0 0 0 #timing (680 680) ps polarity 1
net 257: (16 25)->(18 27) 1 3 0 0 #timing (827 805) ps polarity 0
net 257: (18 27)->(22 27) 4 2 0 1 #timing (1263 1183) ps  polarity 0
net 257: (22 27)->(20 27) 1 2 0 1 #timing (1516 1390) ps  polarity 1
net 257: (20 27)->(20 26) 0 1 0 1 #timing (1522 1657) ps  polarity 0
net 258: (17 27)->(17 27) 0 0 0 0 #timing (686 686) ps polarity 1
net 258: (17 27)->(19 25) 1 3 0 0 #timing (863 828) ps polarity 0
net 258: (19 25)->(23 25) 4 2 0 1 #timing (1257 1176) ps  polarity 0
net 258: (23 25)->(21 27) 1 3 0 1 #timing (1509 1383) ps  polarity 1
net 258: (21 27)->(21 27) 0 0 0 1 #timing (1509 1669) ps  polarity 0
net 259: (16 27)->(16 27) 0 0 0 0 #timing (726 726) ps polarity 1
net 259: (16 27)->(18 25) 1 3 0 0 #timing (906 870) ps polarity 0
net 259: (18 25)->(22 25) 4 2 0 1 #timing (1325 1238) ps  polarity 0
net 259: (22 25)->(20 27) 1 3 0 1 #timing (1593 1455) ps  polarity 1
net 259: (20 27)->(20 27) 0 0 0 1 #timing (1641 1784) ps  polarity 0
net 260: (19 22)->(19 23) 0 1 0 0 #timing (642 642) ps polarity 1
net 260: (19 23)->(17 21) 1 3 0 0 #timing (826 779) ps polarity 0
net 260: (17 21)->(17 25) 3 4 0 0 #timing (1094 1121) ps polarity 0
net 260: (17 25)->(21 25) 4 2 0 0 #timing (1422 1416) ps polarity 0
net 260: (21 25)->(21 25) 1 0 1 1 #timing (1619 1597) ps  polarity 1
net 260: (21 25)->(20 25) 0 2 0 1 #timing (1730 1739) ps  polarity 0
net 261: (18 23)->(18 22) 0 1 0 0 #timing (174 174) ps polarity 1
net 261: (18 22)->(16 20) 1 3 0 0 #timing (373 320) ps polarity 0
net 261: (16 20)->(16 24) 3 4 0 0 #timing (666 680) ps polarity 0
net 261: (16 24)->(20 24) 4 2 0 0 #timing (948 950) ps polarity 0
net 261: (20 24)->(20 24) 1 0 1 1 #timing (1157 1124) ps  polarity 1
net 261: (20 24)->(20 25) 0 1 0 1 #timing (1289 1290) ps  polarity 0
net 262: (19 23)->(19 22) 0 1 0 0 #timing (157 157) ps polarity 1
net 262: (19 22)->(17 20) 1 3 0 0 #timing (337 303) ps polarity 0
net 262: (17 20)->(21 20) 4 2 0 1 #timing (729 647) ps  polarity 0
net 262: (21 20)->(21 22) 1 1 0 1 #timing (975 851) ps  polarity 1
net 262: (21 22)->(21 22) 0 0 0 1 #timing (1002 1142) ps  polarity 0
net 263: (18 23)->(18 23) 0 0 0 0 #timing (155 155) ps polarity 1
net 263: (18 23)->(16 21) 1 3 0 0 #timing (366 314) ps polarity 0
net 263: (16 21)->(20 21) 4 2 0 1 #timing (777 671) ps  polarity 0
net 263: (20 21)->(20 23) 1 1 0 1 #timing (1008 867) ps  polarity 1
net 263: (20 23)->(20 22) 0 1 0 1 #timing (1002 1149) ps  polarity 0
net 264: (18 22)->(18 22) 0 0 0 0 #timing (649 649) ps polarity 1
net 264: (18 22)->(18 22) 1 0 0 0 #timing (720 726) ps polarity 0
net 264: (18 22)->(22 22) 4 2 0 1 #timing (1118 1048) ps  polarity 0
net 264: (22 22)->(20 22) 1 2 0 1 #timing (1364 1252) ps  polarity 1
net 264: (20 22)->(21 23) 0 3 0 1 #timing (1394 1516) ps  polarity 0
net 265: (19 24)->(19 24) 0 0 0 0 #timing (661 661) ps polarity 1
net 265: (19 24)->(17 26) 1 3 0 0 #timing (812 789) ps polarity 0
net 265: (17 26)->(17 22) 3 4 0 0 #timing (1141 1141) ps polarity 0
net 265: (17 22)->(21 22) 4 2 0 0 #timing (1446 1423) ps polarity 0
net 265: (21 22)->(21 22) 1 0 1 1 #timing (1625 1620) ps  polarity 1
net 265: (21 22)->(20 23) 0 3 0 1 #timing (1786 1760) ps  polarity 0
net 266: (18 24)->(19 25) 0 3 0 0 #timing (674 674) ps polarity 1
net 266: (19 25)->(17 27) 1 3 0 0 #timing (848 819) ps polarity 0
net 266: (17 27)->(21 27) 4 2 0 1 #timing (1247 1175) ps  polarity 0
net 266: (21 27)->(21 25) 1 1 0 1 #timing (1483 1373) ps  polarity 1
net 266: (21 25)->(20 24) 0 3 0 1 #timing (1527 1639) ps  polarity 0
net 267: (19 16)->(18 16) 0 2 0 0 #timing (643 643) ps polarity 1
net 267: (18 16)->(18 18) 1 1 0 0 #timing (761 751) ps polarity 0
net 267: (18 18)->(22 18) 4 2 0 0 #timing (1025 1039) ps polarity 0
net 267: (22 18)->(22 18) 5 0 1 0 #timing (1149 1178) ps polarity 1
net 267: (22 18)->(22 26) 5 1 0 1 #timing (1535 1556) ps  polarity 0
net 267: (22 26)->(20 24) 1 3 0 1 #timing (1865 1775) ps  polarity 1
net 267: (20 24)->(20 24) 0 0 0 1 #timing (1894 2010) ps  polarity 0
net 268: (18 17)->(18 16) 0 1 0 0 #timing (174 174) ps polarity 1
net 268: (18 16)->(16 18) 1 3 0 0 #timing (328 301) ps polarity 0
net 268: (16 18)->(16 22) 3 1 0 1 #timing (770 659) ps  polarity 0
net 268: (16 22)->(18 20) 1 3 0 1 #timing (950 815) ps  polarity 1
net 268: (18 20)->(19 20) 0 2 0 1 #timing (960 1119) ps  polarity 0
net 269: (18 17)->(18 17) 0 0 0 0 #timing (155 155) ps polarity 1
net 269: (18 17)->(18 17) 1 0 0 0 #timing (231 233) ps polarity 0
net 269: (18 17)->(18 21) 3 1 0 1 #timing (627 535) ps  polarity 0
net 269: (18 21)->(18 21) 1 0 1 1 #timing (723 636) ps  polarity 1
net 269: (18 21)->(18 20) 0 1 0 1 #timing (763 838) ps  polarity 0
net 270: (18 16)->(18 16) 0 0 0 0 #timing (649 649) ps polarity 1
net 270: (18 16)->(16 16) 1 2 0 0 #timing (772 761) ps polarity 0
net 270: (16 16)->(16 20) 3 1 0 1 #timing (1224 1115) ps  polarity 0
net 270: (16 20)->(18 20) 1 2 0 1 #timing (1372 1250) ps  polarity 1
net 270: (18 20)->(19 21) 0 3 0 1 #timing (1382 1520) ps  polarity 0
net 271: (19 18)->(19 19) 0 1 0 0 #timing (691 691) ps polarity 1
net 271: (19 19)->(19 17) 1 1 0 0 #timing (818 802) ps polarity 0
net 271: (19 17)->(19 19) 1 1 0 1 #timing (1074 1021) ps  polarity 1
net 271: (19 19)->(18 19) 0 2 0 1 #timing (1162 1218) ps  polarity 0
net 272: (18 18)->(18 19) 0 1 0 0 #timing (679 679) ps polarity 1
net 272: (18 19)->(18 19) 1 0 0 0 #timing (760 761) ps polarity 0
net 272: (18 19)->(18 19) 1 0 1 1 #timing (963 931) ps  polarity 1
net 272: (18 19)->(18 19) 0 0 0 1 #timing (1065 1083) ps  polarity 0
net 277: (2 15)->(3 15) 0 2 0 0 #timing (400 400) ps polarity 0
net 277: (3 15)->(3 15) 1 0 0 0 #timing (477 481) ps polarity 1
net 277: (3 15)->(3 11) 3 1 0 0 #timing (756 702) ps polarity 1
net 277: (3 11)->(7 11) 4 2 0 0 #timing (1037 979) ps polarity 1
net 277: (7 11)->(7 11) 1 0 1 1 #timing (1183 1212) ps  polarity 0
net 277: (7 11)->(7 11) 0 0 0 1 #timing (1317 1287) ps  polarity 1
net 278: (11 18)->(11 18) 0 0 0 0 #timing (184 184) ps polarity 0
net 278: (11 18)->(9 16) 1 3 0 0 #timing (362 325) ps polarity 1
net 278: (9 16)->(5 16) 4 5 0 0 #timing (658 686) ps polarity 1
net 278: (5 16)->(5 16) 1 0 1 1 #timing (897 840) ps  polarity 0
net 278: (5 16)->(4 16) 0 2 0 1 #timing (968 1013) ps  polarity 1
net 278: (5 16)->(4 17) 0 3 0 1 #timing (1005 1032) ps  polarity 1
net 278: (11 18)->(10 19) 0 3 0 0 #timing (185 185) ps polarity 0
net 278: (10 19)->(10 19) 1 0 0 0 #timing (272 273) ps polarity 1
net 278: (10 19)->(10 15) 3 4 0 0 #timing (548 496) ps polarity 1
net 278: (10 15)->(6 15) 4 5 0 0 #timing (885 783) ps polarity 1
net 278: (6 15)->(6 11) 3 1 0 1 #timing (1259 1237) ps  polarity 1
net 278: (6 11)->(6 11) 1 0 1 1 #timing (1356 1339) ps  polarity 0
net 278: (6 11)->(6 11) 0 0 0 1 #timing (1468 1474) ps  polarity 1
net 278: (6 11)->(7 11) 0 2 0 1 #timing (1462 1471) ps  polarity 1
net 278: (10 19)->(8 17) 1 3 0 0 #timing (376 334) ps polarity 1
net 278: (8 17)->(10 17) 1 2 0 1 #timing (616 548) ps  polarity 0
net 278: (10 17)->(10 17) 0 0 0 1 #timing (683 747) ps  polarity 1
net 279: (16 8)->(16 9) 0 1 0 0 #timing (180 180) ps polarity 1
net 279: (16 9)->(18 11) 1 3 0 0 #timing (343 314) ps polarity 0
net 279: (18 11)->(18 15) 3 1 0 0 #timing (627 648) ps polarity 0
net 279: (18 15)->(14 15) 4 5 0 0 #timing (967 938) ps polarity 0
net 279: (14 15)->(14 13) 1 1 0 1 #timing (1175 1169) ps  polarity 1
net 279: (14 13)->(14 12) 0 1 0 1 #timing (1308 1318) ps  polarity 0
net 279: (18 11)->(18 11) 5 0 1 0 #timing (451 536) ps polarity 1
net 279: (18 11)->(18 27) 13 1 0 0 #timing (1207 990) ps polarity 0
net 279: (18 27)->(26 27) 5 2 0 1 #timing (1692 1446) ps  polarity 1
net 279: (26 27)->(22 27) 4 5 0 1 #timing (2026 1728) ps  polarity 1
net 279: (22 27)->(20 25) 1 3 0 1 #timing (2312 1957) ps  polarity 0
net 279: (20 25)->(20 25) 0 0 0 1 #timing (2095 2479) ps  polarity 1
net 279: (20 25)->(20 24) 0 1 0 1 #timing (2107 2489) ps  polarity 1
net 279: (18 11)->(18 26) 13 1 1 0 #timing (1136 936) ps polarity 0
net 279: (18 26)->(18 18) 5 1 0 1 #timing (1616 1400) ps  polarity 1
net 279: (18 18)->(18 18) 1 0 1 1 #timing (1604 1786) ps  polarity 0
net 279: (18 18)->(18 19) 0 1 0 1 #timing (1937 1731) ps  polarity 1
net 280: (16 6)->(16 6) 0 0 0 0 #timing (191 191) ps polarity 0
net 280: (16 6)->(18 4) 1 3 0 0 #timing (366 329) ps polarity 1
net 280: (18 4)->(18 4) 5 0 1 0 #timing (454 539) ps polarity 0
net 280: (18 4)->(3 4) 13 2 1 0 #timing (1148 955) ps polarity 1
net 280: (3 4)->(11 12) 5 3 0 1 #timing (1886 1676) ps  polarity 1
net 280: (11 12)->(11 12) 1 0 1 1 #timing (2052 1831) ps  polarity 1
net 280: (11 12)->(10 12) 0 2 0 1 #timing (1960 2169) ps  polarity 0
net 280: (3 4)->(3 20) 13 1 0 0 #timing (1689 1767) ps polarity 0
net 280: (3 20)->(11 28) 5 3 0 1 #timing (2398 2456) ps  polarity 0
net 280: (11 28)->(11 24) 3 1 0 1 #timing (2819 2784) ps  polarity 1
net 280: (11 24)->(9 24) 1 2 0 1 #timing (3001 2939) ps  polarity 0
net 280: (9 24)->(8 25) 0 3 0 1 #timing (3101 3170) ps  polarity 1
net 281: (25 16)->(25 16) 0 0 0 0 #timing (199 199) ps polarity 0
net 281: (25 16)->(27 18) 1 3 0 0 #timing (350 329) ps polarity 1
net 281: (27 18)->(27 22) 3 1 0 0 #timing (665 664) ps polarity 1
net 281: (27 22)->(27 26) 3 4 0 1 #timing (1126 1005) ps  polarity 1
net 281: (27 26)->(27 24) 1 1 0 1 #timing (1287 1150) ps  polarity 0
net 281: (27 24)->(26 24) 0 2 0 1 #timing (1283 1428) ps  polarity 1
net 301: (14 20)->(14 21) 0 1 0 0 #timing (180 180) ps polarity 1
net 301: (14 21)->(12 23) 1 3 0 0 #timing (345 312) ps polarity 0
net 301: (12 23)->(12 19) 3 1 0 1 #timing (808 688) ps  polarity 0
net 301: (12 19)->(14 19) 1 2 0 1 #timing (948 819) ps  polarity 1
net 301: (14 19)->(14 19) 0 0 0 1 #timing (970 1107) ps  polarity 0
net 303: (3 26)->(2 27) 0 3 0 0 #timing (188 188) ps polarity 1
net 303: (2 27)->(2 25) 1 1 0 0 #timing (324 308) ps polarity 0
net 303: (2 25)->(2 25) 5 0 1 0 #timing (419 463) ps polarity 1
net 303: (2 25)->(2 9) 13 1 0 0 #timing (1160 979) ps polarity 0
net 303: (2 9)->(2 9) 5 0 0 1 #timing (1389 1219) ps  polarity 0
net 303: (2 9)->(6 9) 4 2 0 1 #timing (1724 1511) ps  polarity 1
net 303: (6 9)->(6 11) 1 1 0 1 #timing (1961 1712) ps  polarity 0
net 303: (6 11)->(6 10) 0 1 0 1 #timing (1847 2104) ps  polarity 1
net 304: (16 8)->(16 8) 0 0 0 0 #timing (166 166) ps polarity 1
net 304: (16 8)->(16 10) 1 1 0 0 #timing (277 269) ps polarity 0
net 304: (16 10)->(16 6) 3 4 0 0 #timing (548 531) ps polarity 0
net 304: (16 6)->(12 6) 4 5 0 0 #timing (871 814) ps polarity 0
net 304: (12 6)->(12 6) 5 0 0 0 #timing (997 958) ps polarity 1
net 304: (12 6)->(4 6) 5 2 0 1 #timing (1368 1323) ps  polarity 0
net 304: (4 6)->(6 6) 1 2 0 1 #timing (1562 1563) ps  polarity 1
net 304: (6 6)->(6 6) 0 0 0 1 #timing (1706 1710) ps  polarity 0
net 330: (9 16)->(9 17) 0 1 0 0 #timing (204 204) ps polarity 0
net 330: (9 17)->(9 17) 1 0 0 0 #timing (294 294) ps polarity 1
net 330: (9 17)->(5 17) 4 5 0 0 #timing (563 529) ps polarity 1
net 330: (5 17)->(5 17) 5 0 1 0 #timing (707 691) ps polarity 0
net 330: (5 17)->(21 17) 13 2 0 0 #timing (1397 1279) ps polarity 1
net 330: (21 17)->(21 17) 5 0 1 1 #timing (1643 1539) ps  polarity 1
net 330: (21 17)->(21 17) 1 0 0 1 #timing (1785 1679) ps  polarity 1
net 330: (21 17)->(20 16) 0 3 0 1 #timing (1799 1897) ps  polarity 0
net 334: (2 8)->(2 9) 0 1 0 0 #timing (183 183) ps polarity 1
net 334: (2 9)->(0 11) 1 3 0 0 #timing (339 312) ps polarity 0
net 334: (0 11)->(2 11) 1 2 0 1 #timing (639 572) ps  polarity 1
net 334: (2 11)->(3 11) 0 2 0 1 #timing (701 789) ps  polarity 0
net 334: (0 11)->(2 9) 1 3 0 1 #timing (651 580) ps  polarity 1
net 334: (2 9)->(2 9) 0 0 0 1 #timing (699 799) ps  polarity 0
net 335: (10 12)->(11 12) 0 2 0 0 #timing (204 204) ps polarity 0
net 335: (11 12)->(11 12) 1 0 0 0 #timing (284 287) ps polarity 1
net 335: (11 12)->(7 12) 4 5 0 0 #timing (636 574) ps polarity 1
net 335: (7 12)->(3 12) 4 2 0 1 #timing (924 838) ps  polarity 1
net 335: (3 12)->(3 8) 3 1 0 1 #timing (1259 1093) ps  polarity 1
net 335: (3 8)->(3 8) 1 0 1 1 #timing (1352 1193) ps  polarity 0
net 335: (3 8)->(2 9) 0 3 0 1 #timing (1337 1475) ps  polarity 1
net 336: (6 6)->(7 7) 0 3 0 0 #timing (200 200) ps polarity 0
net 336: (7 7)->(5 7) 1 2 0 0 #timing (333 317) ps polarity 1
net 336: (5 7)->(5 11) 3 4 0 0 #timing (663 625) ps polarity 1
net 336: (5 11)->(1 11) 4 2 0 0 #timing (943 883) ps polarity 1
net 336: (1 11)->(3 9) 1 3 0 1 #timing (1192 1190) ps  polarity 0
net 336: (3 9)->(2 9) 0 2 0 1 #timing (1327 1351) ps  polarity 1
net 337: (3 9)->(2 8) 0 3 0 0 #timing (199 199) ps polarity 0
net 337: (2 8)->(2 8) 1 0 0 0 #timing (292 291) ps polarity 1
net 337: (2 8)->(2 8) 1 0 0 1 #timing (498 463) ps  polarity 0
net 337: (2 8)->(2 9) 0 1 0 1 #timing (583 610) ps  polarity 1
net 339: (8 25)->(8 25) 0 0 0 0 #timing (651 651) ps polarity 1
net 339: (8 25)->(10 27) 1 3 0 0 #timing (790 774) ps polarity 0
net 339: (10 27)->(8 27) 1 2 0 1 #timing (1044 1004) ps  polarity 1
net 339: (8 27)->(8 26) 0 1 0 1 #timing (1137 1173) ps  polarity 0
net 339: (10 27)->(10 27) 5 0 0 0 #timing (898 961) ps polarity 1
net 339: (10 27)->(10 11) 13 1 0 0 #timing (1629 1435) ps polarity 0
net 339: (10 11)->(27 11) 13 2 1 0 #timing (2138 2228) ps polarity 1
net 339: (27 11)->(19 11) 5 2 0 1 #timing (2649 2719) ps  polarity 0
net 339: (19 11)->(19 15) 3 1 0 1 #timing (3116 2956) ps  polarity 0
net 339: (19 15)->(17 15) 1 2 0 1 #timing (3254 3087) ps  polarity 1
net 339: (17 15)->(17 15) 0 0 0 1 #timing (3203 3394) ps  polarity 0
net 339: (17 15)->(17 14) 0 1 0 1 #timing (3217 3403) ps  polarity 0
net 339: (10 27)->(26 27) 13 2 0 0 #timing (1610 1425) ps polarity 0
net 339: (26 27)->(18 19) 5 3 0 1 #timing (2401 2206) ps  polarity 0
net 339: (18 19)->(22 19) 4 2 0 1 #timing (2499 2682) ps  polarity 1
net 339: (22 19)->(20 19) 1 2 0 1 #timing (2745 2885) ps  polarity 0
net 339: (20 19)->(20 19) 0 0 0 1 #timing (3060 2913) ps  polarity 1
net 339: (22 19)->(20 17) 1 3 0 1 #timing (2797 2912) ps  polarity 0
net 339: (20 17)->(21 16) 0 3 0 1 #timing (3076 2974) ps  polarity 1
net 340: (20 19)->(20 18) 0 1 0 0 #timing (189 189) ps polarity 0
net 340: (20 18)->(20 16) 1 1 0 0 #timing (323 311) ps polarity 1
net 340: (20 16)->(20 20) 3 1 0 1 #timing (724 628) ps  polarity 1
net 340: (20 20)->(20 20) 1 0 1 1 #timing (824 731) ps  polarity 0
net 340: (20 20)->(21 21) 0 3 0 1 #timing (849 934) ps  polarity 1
net 341: (20 20)->(21 20) 0 2 0 0 #timing (180 180) ps polarity 1
net 341: (21 20)->(23 22) 1 3 0 0 #timing (344 312) ps polarity 0
net 341: (23 22)->(21 20) 1 3 0 1 #timing (654 576) ps  polarity 1
net 341: (21 20)->(21 21) 0 1 0 1 #timing (693 799) ps  polarity 0
net 342: (21 19)->(21 19) 0 0 0 0 #timing (204 204) ps polarity 0
net 342: (21 19)->(21 17) 1 1 0 0 #timing (320 305) ps polarity 1
net 342: (21 17)->(21 21) 3 1 0 0 #timing (626 581) ps polarity 1
net 342: (21 21)->(21 21) 1 0 1 1 #timing (839 758) ps  polarity 0
net 342: (21 21)->(21 21) 0 0 0 1 #timing (859 941) ps  polarity 1
net 343: (27 12)->(27 13) 0 1 0 0 #timing (193 193) ps polarity 0
net 343: (27 13)->(25 15) 1 3 0 0 #timing (357 327) ps polarity 1
net 343: (25 15)->(25 15) 5 0 1 0 #timing (463 545) ps polarity 0
net 343: (25 15)->(8 15) 13 2 1 0 #timing (1233 1020) ps polarity 1
net 343: (8 15)->(8 30) 13 1 1 0 #timing (1699 1815) ps polarity 0
net 343: (8 30)->(8 30) 5 0 0 1 #timing (1921 2050) ps  polarity 0
net 343: (8 30)->(4 30) 4 5 0 1 #timing (2314 2372) ps  polarity 1
net 343: (4 30)->(6 30) 1 2 0 1 #timing (2529 2555) ps  polarity 0
net 343: (6 30)->(6 31) 0 1 0 1 #timing (2694 2682) ps  polarity 1
net 344: (26 17)->(26 17) 0 0 0 0 #timing (155 155) ps polarity 1
net 344: (26 17)->(24 19) 1 3 0 0 #timing (289 272) ps polarity 0
net 344: (24 19)->(24 19) 1 0 1 1 #timing (524 486) ps  polarity 1
net 344: (24 19)->(24 18) 0 1 0 1 #timing (676 666) ps  polarity 0
net 344: (24 19)->(24 19) 5 0 0 0 #timing (395 457) ps polarity 1
net 344: (24 19)->(24 27) 5 1 0 1 #timing (766 817) ps  polarity 0
net 344: (24 27)->(26 25) 1 3 0 1 #timing (1090 981) ps  polarity 1
net 344: (26 25)->(26 24) 0 1 0 1 #timing (1113 1231) ps  polarity 0
net 344: (24 19)->(24 3) 13 1 0 0 #timing (1146 953) ps polarity 0
net 344: (24 3)->(16 11) 5 3 0 1 #timing (1906 1681) ps  polarity 0
net 344: (16 11)->(16 11) 1 0 1 1 #timing (2135 1895) ps  polarity 0
net 344: (16 11)->(17 10) 0 3 0 1 #timing (2025 2252) ps  polarity 1
net 344: (26 17)->(27 16) 0 3 0 0 #timing (174 174) ps polarity 1
net 344: (27 16)->(27 16) 1 0 0 0 #timing (256 257) ps polarity 0
net 344: (27 16)->(27 12) 3 4 0 0 #timing (516 478) ps polarity 0
net 344: (27 12)->(27 12) 5 0 1 0 #timing (645 621) ps polarity 1
net 344: (27 12)->(11 12) 13 2 0 0 #timing (1277 1169) ps polarity 0
net 344: (11 12)->(11 12) 5 0 0 1 #timing (1548 1451) ps  polarity 0
net 344: (11 12)->(11 8) 3 1 0 1 #timing (1925 1746) ps  polarity 1
net 344: (11 8)->(9 8) 1 2 0 1 #timing (2091 1893) ps  polarity 0
net 344: (9 8)->(8 8) 0 2 0 1 #timing (2039 2257) ps  polarity 1
net 348: (9 25)->(8 24) 0 3 0 0 #timing (361 360) ps polarity 0
net 348: (8 24)->(10 24) 1 2 0 0 #timing (520 497) ps polarity 1
net 348: (10 24)->(10 24) 5 0 1 0 #timing (613 666) ps polarity 0
net 348: (10 24)->(10 16) 5 1 0 1 #timing (958 1015) ps  polarity 1
net 348: (10 16)->(10 12) 3 4 0 1 #timing (1449 1279) ps  polarity 1
net 348: (10 12)->(10 12) 1 0 1 1 #timing (1543 1378) ps  polarity 0
net 348: (10 12)->(10 12) 0 0 0 1 #timing (1507 1660) ps  polarity 1
net 362: (29 10)->(28 11) 0 3 0 0 #timing (208 208) ps polarity 0
net 362: (28 11)->(28 11) 1 0 0 0 #timing (295 295) ps polarity 1
net 362: (28 11)->(28 15) 3 1 0 0 #timing (598 535) ps polarity 1
net 362: (28 15)->(24 15) 4 2 0 0 #timing (873 788) ps polarity 1
net 362: (24 15)->(26 13) 1 3 0 1 #timing (1076 1103) ps  polarity 0
net 362: (26 13)->(26 12) 0 1 0 1 #timing (1235 1218) ps  polarity 1
net 388: (19 17)->(19 17) 0 0 0 0 #timing (156 156) ps polarity 1
net 388: (19 17)->(19 17) 1 0 0 0 #timing (233 236) ps polarity 0
net 388: (19 17)->(19 17) 5 0 0 0 #timing (338 351) ps polarity 1
net 388: (19 17)->(19 25) 5 1 0 1 #timing (671 689) ps  polarity 0
net 388: (19 25)->(19 25) 1 0 0 1 #timing (891 841) ps  polarity 1
net 388: (19 25)->(18 24) 0 3 0 1 #timing (978 1011) ps  polarity 0
net 388: (19 17)->(19 19) 1 1 0 0 #timing (264 257) ps polarity 0
net 388: (19 19)->(19 19) 1 0 0 1 #timing (486 454) ps  polarity 1
net 388: (19 19)->(18 18) 0 3 0 1 #timing (594 608) ps  polarity 0
net 388: (19 17)->(18 16) 0 3 0 0 #timing (180 180) ps polarity 1
net 388: (18 16)->(18 16) 1 0 0 0 #timing (264 265) ps polarity 0
net 388: (18 16)->(18 16) 5 0 0 0 #timing (367 382) ps polarity 1
net 388: (18 16)->(18 24) 5 1 0 1 #timing (689 710) ps  polarity 0
net 388: (18 24)->(16 24) 1 2 0 1 #timing (982 900) ps  polarity 1
net 388: (16 24)->(16 25) 0 1 0 1 #timing (1055 1131) ps  polarity 0
net 389: (17 10)->(17 10) 0 0 0 0 #timing (183 183) ps polarity 0
net 389: (17 10)->(19 8) 1 3 0 0 #timing (377 334) ps polarity 1
net 389: (19 8)->(19 12) 3 1 0 0 #timing (688 699) ps polarity 1
net 389: (19 12)->(17 12) 1 2 0 1 #timing (955 818) ps 
net 389: (19 12)->(15 12) 4 5 0 0 #timing (988 964) ps polarity 1
net 389: (15 12)->(15 16) 3 4 0 1 #timing (1382 1307) ps  polarity 1
net 389: (15 16)->(13 18) 1 3 0 1 #timing (1561 1465) ps  polarity 0
net 389: (13 18)->(12 18) 0 2 0 1 #timing (1617 1735) ps  polarity 1
net 389: (19 8)->(19 12) 3 1 0 1 #timing (810 684) ps  polarity 1
net 389: (19 12)->(17 12) 1 2 0 1 #timing (955 818) ps  polarity 0
net 389: (17 12)->(16 12) 0 2 0 1 #timing (966 1116) ps  polarity 1
net 390: (5 10)->(4 11) 0 3 0 0 #timing (208 208) ps polarity 0
net 390: (4 11)->(4 11) 1 0 0 0 #timing (294 295) ps polarity 1
net 390: (4 11)->(4 11) 1 0 1 1 #timing (498 466) ps  polarity 0
net 390: (4 11)->(4 10) 0 1 0 1 #timing (578 604) ps  polarity 1
net 390: (4 11)->(4 15) 3 1 0 0 #timing (578 527) ps polarity 1
net 390: (4 15)->(8 15) 4 5 0 0 #timing (985 861) ps polarity 1
net 390: (8 15)->(8 19) 3 4 0 1 #timing (1285 1312) ps  polarity 1
net 390: (8 19)->(10 19) 1 2 0 1 #timing (1413 1435) ps  polarity 0
net 390: (10 19)->(11 18) 0 3 0 1 #timing (1576 1542) ps  polarity 1
net 391: (5 11)->(4 10) 0 3 0 0 #timing (202 202) ps polarity 1
net 391: (4 10)->(6 8) 1 3 0 0 #timing (373 344) ps polarity 0
net 391: (6 8)->(4 10) 1 3 0 1 #timing (716 632) ps  polarity 1
net 391: (4 10)->(4 10) 0 0 0 1 #timing (765 883) ps  polarity 0
net 391: (6 8)->(6 4) 3 4 0 0 #timing (674 682) ps polarity 0
net 391: (6 4)->(6 4) 5 0 0 0 #timing (799 823) ps polarity 1
net 391: (6 4)->(6 21) 13 1 1 0 #timing (1478 1325) ps polarity 0
net 391: (6 21)->(6 21) 5 0 1 1 #timing (1713 1573) ps  polarity 0
net 391: (6 21)->(6 21) 1 0 0 1 #timing (1854 1712) ps  polarity 0
net 391: (6 21)->(7 21) 0 2 0 1 #timing (1827 1964) ps  polarity 1
net 392: (5 19)->(5 18) 0 1 0 0 #timing (202 203) ps polarity 0
net 392: (5 18)->(7 16) 1 3 0 0 #timing (374 343) ps polarity 1
net 392: (7 16)->(7 20) 3 1 0 0 #timing (653 663) ps polarity 1
net 392: (7 20)->(7 20) 1 0 1 1 #timing (872 846) ps  polarity 0
net 392: (7 20)->(7 21) 0 1 0 1 #timing (957 978) ps  polarity 1
net 392: (7 16)->(7 12) 3 4 0 0 #timing (647 659) ps polarity 1
net 392: (7 12)->(7 8) 3 1 0 1 #timing (1171 1058) ps  polarity 1
net 392: (7 8)->(5 10) 1 3 0 1 #timing (1332 1210) ps  polarity 0
net 392: (5 10)->(4 10) 0 2 0 1 #timing (1317 1473) ps  polarity 1
net 393: (10 15)->(10 15) 0 0 0 0 #timing (191 191) ps polarity 0
net 393: (10 15)->(8 13) 1 3 0 0 #timing (347 321) ps polarity 1
net 393: (8 13)->(4 13) 4 5 0 1 #timing (820 710) ps  polarity 1
net 393: (4 13)->(4 13) 1 0 0 1 #timing (1022 882) ps  polarity 0
net 393: (4 13)->(4 12) 0 1 0 1 #timing (1020 1144) ps  polarity 1
net 393: (10 15)->(11 14) 0 3 0 0 #timing (209 209) ps polarity 0
net 393: (11 14)->(9 14) 1 2 0 0 #timing (341 329) ps polarity 1
net 393: (9 14)->(5 14) 4 5 0 0 #timing (653 643) ps polarity 1
net 393: (5 14)->(7 14) 1 2 0 1 #timing (927 882) ps  polarity 0
net 393: (7 14)->(7 15) 0 1 0 1 #timing (1037 1072) ps  polarity 1
net 394: (25 14)->(25 15) 0 1 0 0 #timing (227 227) ps polarity 1
net 394: (25 15)->(25 15) 1 0 0 0 #timing (338 335) ps polarity 0
net 394: (25 15)->(25 19) 3 4 0 0 #timing (639 585) ps polarity 0
net 394: (25 19)->(25 19) 5 0 1 0 #timing (774 732) ps polarity 1
net 394: (25 19)->(17 19) 5 2 0 1 #timing (1157 1107) ps  polarity 0
net 394: (17 19)->(17 23) 3 1 0 1 #timing (1537 1484) ps  polarity 0
net 394: (17 23)->(17 21) 1 1 0 1 #timing (1674 1615) ps  polarity 1
net 394: (17 21)->(17 21) 0 0 0 1 #timing (1754 1819) ps  polarity 0
net 394: (25 14)->(24 14) 0 2 0 0 #timing (212 212) ps polarity 1
net 394: (24 14)->(24 14) 1 0 0 0 #timing (296 297) ps polarity 0
net 394: (24 14)->(20 14) 4 5 0 0 #timing (646 577) ps polarity 0
net 394: (20 14)->(22 12) 1 3 0 1 #timing (843 866) ps  polarity 1
net 394: (22 12)->(23 12) 0 2 0 1 #timing (1033 1031) ps  polarity 0
net 394: (24 14)->(24 14) 5 0 0 0 #timing (401 416) ps polarity 1
net 394: (24 14)->(24 6) 5 1 0 1 #timing (757 769) ps  polarity 0
net 394: (24 6)->(24 6) 1 0 0 1 #timing (987 934) ps  polarity 1
net 394: (24 6)->(25 7) 0 3 0 1 #timing (1064 1104) ps  polarity 0
net 394: (24 6)->(20 6) 4 5 0 1 #timing (1112 1051) ps  polarity 0
net 394: (20 6)->(20 2) 3 1 0 1 #timing (1473 1320) ps  polarity 0
net 394: (20 2)->(22 0) 1 3 0 1 #timing (1661 1483) ps  polarity 1
net 394: (22 0)->(23 1) 0 3 0 1 #timing (1629 1833) ps  polarity 0
net 394: (25 14)->(24 15) 0 3 0 0 #timing (235 235) ps polarity 1
net 394: (24 15)->(24 15) 1 0 0 0 #timing (321 322) ps polarity 0
net 394: (24 15)->(20 15) 4 5 0 0 #timing (640 581) ps polarity 0
net 394: (20 15)->(16 15) 4 2 0 1 #timing (912 836) ps  polarity 0
net 394: (16 15)->(16 19) 3 4 0 1 #timing (1192 1065) ps  polarity 0
net 394: (16 19)->(16 19) 1 0 1 1 #timing (1291 1168) ps  polarity 1
net 394: (16 19)->(16 19) 0 0 0 1 #timing (1304 1412) ps  polarity 0
net 396: (17 27)->(17 26) 0 1 0 0 #timing (190 190) ps polarity 0
net 396: (17 26)->(19 24) 1 3 0 0 #timing (373 333) ps polarity 1
net 396: (19 24)->(17 26) 1 3 0 1 #timing (688 598) ps  polarity 0
net 396: (17 26)->(16 27) 0 3 0 1 #timing (770 873) ps  polarity 1
net 398: (7 3)->(7 2) 0 1 0 0 #timing (244 244) ps polarity 0
net 398: (7 2)->(7 0) 1 1 0 0 #timing (387 368) ps polarity 1
net 398: (7 0)->(7 4) 3 1 0 0 #timing (731 687) ps polarity 1
net 398: (7 4)->(7 4) 1 0 0 1 #timing (948 868) ps  polarity 0
net 398: (7 4)->(7 5) 0 1 0 1 #timing (963 1045) ps  polarity 1
net 399: (6 1)->(6 0) 0 1 0 0 #timing (194 194) ps polarity 0
net 399: (6 0)->(6 0) 1 0 0 0 #timing (289 290) ps polarity 1
net 399: (6 0)->(6 4) 3 1 0 1 #timing (677 590) ps  polarity 1
net 399: (6 4)->(6 4) 1 0 0 1 #timing (789 703) ps  polarity 0
net 399: (6 4)->(7 5) 0 3 0 1 #timing (830 905) ps  polarity 1
net 400: (7 4)->(6 5) 0 3 0 0 #timing (197 197) ps polarity 0
net 400: (6 5)->(6 5) 1 0 0 0 #timing (287 286) ps polarity 1
net 400: (6 5)->(6 5) 1 0 0 1 #timing (493 458) ps  polarity 0
net 400: (6 5)->(7 5) 0 2 0 1 #timing (583 609) ps  polarity 1
net 401: (10 6)->(11 7) 0 3 0 0 #timing (204 204) ps polarity 0
net 401: (11 7)->(11 5) 1 1 0 0 #timing (341 329) ps polarity 1
net 401: (11 5)->(7 5) 4 5 0 0 #timing (700 672) ps polarity 1
net 401: (7 5)->(7 5) 1 0 0 1 #timing (880 878) ps  polarity 0
net 401: (7 5)->(7 5) 0 0 0 1 #timing (985 985) ps  polarity 1
net 402: (8 16)->(8 16) 0 0 0 0 #timing (206 206) ps polarity 0
net 402: (8 16)->(10 18) 1 3 0 0 #timing (341 328) ps polarity 1
net 402: (10 18)->(10 18) 5 0 1 0 #timing (455 513) ps polarity 0
net 402: (10 18)->(27 18) 13 2 1 0 #timing (1197 1008) ps polarity 1
net 402: (27 18)->(19 26) 5 3 0 1 #timing (1927 1726) ps  polarity 1
net 402: (19 26)->(19 26) 1 0 1 1 #timing (2115 1901) ps  polarity 1
net 402: (19 26)->(18 27) 0 3 0 1 #timing (2046 2238) ps  polarity 0
net 403: (21 11)->(21 11) 0 0 0 0 #timing (182 182) ps polarity 1
net 403: (21 11)->(21 11) 1 0 0 0 #timing (259 261) ps polarity 0
net 403: (21 11)->(21 15) 3 1 0 0 #timing (526 478) ps polarity 0
net 403: (21 15)->(17 15) 4 2 0 0 #timing (810 739) ps polarity 0
net 403: (17 15)->(19 13) 1 3 0 1 #timing (1038 1047) ps  polarity 1
net 403: (19 13)->(19 13) 0 0 0 1 #timing (1169 1188) ps  polarity 0
net 403: (17 15)->(17 15) 5 0 0 0 #timing (940 886) ps polarity 1
net 403: (17 15)->(17 30) 13 1 1 0 #timing (1493 1432) ps polarity 0
net 403: (17 30)->(17 30) 5 0 0 1 #timing (1719 1673) ps  polarity 0
net 403: (17 30)->(13 30) 4 5 0 1 #timing (2048 1956) ps  polarity 1
net 403: (13 30)->(13 30) 1 0 0 1 #timing (2238 2121) ps  polarity 0
net 403: (13 30)->(12 30) 0 2 0 1 #timing (2250 2356) ps  polarity 1
net 403: (13 30)->(15 30) 1 2 0 1 #timing (2297 2158) ps  polarity 0
net 403: (15 30)->(14 30) 0 2 0 1 #timing (2299 2444) ps  polarity 1
net 403: (21 11)->(17 11) 4 2 0 0 #timing (514 483) ps polarity 0
net 403: (17 11)->(17 11) 5 0 0 0 #timing (647 633) ps polarity 1
net 403: (17 11)->(17 26) 13 1 1 0 #timing (1208 1116) ps polarity 0
net 403: (17 26)->(17 26) 5 0 1 1 #timing (1433 1354) ps  polarity 0
net 403: (17 26)->(19 24) 1 3 0 1 #timing (1658 1547) ps  polarity 0
net 403: (19 24)->(19 25) 0 1 0 1 #timing (1710 1824) ps  polarity 1
net 403: (21 11)->(23 9) 1 3 0 0 #timing (344 315) ps polarity 0
net 403: (23 9)->(19 9) 4 2 0 0 #timing (574 613) ps polarity 0
net 403: (19 9)->(19 9) 5 0 1 0 #timing (707 766) ps polarity 1
net 403: (19 9)->(19 25) 13 1 0 0 #timing (1396 1219) ps polarity 0
net 403: (19 25)->(19 25) 5 0 1 1 #timing (1623 1457) ps  polarity 0
net 403: (19 25)->(15 25) 4 5 0 1 #timing (1954 1743) ps  polarity 1
net 403: (15 25)->(15 25) 1 0 1 1 #timing (2140 1905) ps  polarity 0
net 403: (15 25)->(15 25) 0 0 0 1 #timing (2016 2247) ps  polarity 1
net 403: (15 25)->(15 29) 3 1 0 1 #timing (2250 1980) ps  polarity 1
net 403: (15 29)->(15 29) 1 0 0 1 #timing (2351 2085) ps  polarity 0
net 403: (15 29)->(15 28) 0 1 0 1 #timing (2202 2461) ps  polarity 1
net 403: (15 29)->(14 28) 0 3 0 1 #timing (2203 2462) ps  polarity 1
net 403: (15 29)->(13 31) 1 3 0 1 #timing (2426 2133) ps  polarity 0
net 403: (13 31)->(13 30) 0 1 0 1 #timing (2283 2607) ps  polarity 1
net 403: (19 25)->(3 25) 13 2 0 0 #timing (1877 1961) ps polarity 1
net 403: (3 25)->(11 25) 5 2 0 1 #timing (2368 2420) ps  polarity 0
net 403: (11 25)->(11 25) 1 0 1 1 #timing (2619 2534) ps  polarity 1
net 403: (11 25)->(11 25) 0 0 0 1 #timing (2646 2728) ps  polarity 0
net 403: (21 11)->(20 11) 0 2 0 0 #timing (235 235) ps polarity 1
net 403: (20 11)->(22 11) 1 2 0 0 #timing (357 346) ps polarity 0
net 403: (22 11)->(18 11) 4 2 0 0 #timing (650 651) ps polarity 0
net 403: (18 11)->(18 11) 1 0 0 1 #timing (866 835) ps  polarity 1
net 403: (18 11)->(19 10) 0 3 0 1 #timing (962 982) ps  polarity 0
net 406: (15 24)->(15 24) 0 0 0 0 #timing (184 184) ps polarity 0
net 406: (15 24)->(13 24) 1 2 0 0 #timing (310 297) ps polarity 1
net 406: (13 24)->(17 24) 4 5 0 0 #timing (595 599) ps polarity 1
net 406: (17 24)->(17 24) 1 0 1 1 #timing (792 764) ps  polarity 0
net 406: (17 24)->(17 24) 0 0 0 1 #timing (870 896) ps  polarity 1
net 409: (3 23)->(3 23) 0 0 0 0 #timing (156 156) ps polarity 1
net 409: (3 23)->(1 21) 1 3 0 0 #timing (330 295) ps polarity 0
net 409: (1 21)->(1 21) 5 0 1 0 #timing (419 500) ps polarity 1
net 409: (1 21)->(1 4) 13 1 1 0 #timing (1111 915) ps polarity 0
net 409: (1 4)->(9 12) 5 3 0 1 #timing (1839 1618) ps  polarity 0
net 409: (9 12)->(9 14) 1 1 0 1 #timing (2053 1808) ps  polarity 0
net 409: (9 14)->(8 15) 0 3 0 1 #timing (1978 2213) ps  polarity 1
net 410: (4 12)->(4 12) 0 0 0 0 #timing (191 191) ps polarity 0
net 410: (4 12)->(4 12) 1 0 0 0 #timing (261 266) ps polarity 1
net 410: (4 12)->(4 8) 3 1 0 0 #timing (545 490) ps polarity 1
net 410: (4 8)->(4 8) 1 0 0 1 #timing (760 669) ps  polarity 0
net 410: (4 8)->(4 8) 0 0 0 1 #timing (773 861) ps  polarity 1
net 412: (7 14)->(7 14) 0 0 0 0 #timing (216 216) ps polarity 1
net 412: (7 14)->(5 12) 1 3 0 0 #timing (378 350) ps polarity 0
net 412: (5 12)->(5 8) 3 1 0 0 #timing (676 674) ps polarity 0
net 412: (5 8)->(5 8) 1 0 0 1 #timing (894 855) ps  polarity 1
net 412: (5 8)->(4 9) 0 3 0 1 #timing (999 1018) ps  polarity 0
net 412: (5 8)->(7 10) 1 3 0 1 #timing (970 907) ps  polarity 1
net 412: (7 10)->(6 10) 0 2 0 1 #timing (1046 1125) ps  polarity 0
net 412: (5 12)->(5 16) 3 4 0 1 #timing (794 684) ps  polarity 0
net 412: (5 16)->(7 16) 1 2 0 1 #timing (934 814) ps  polarity 1
net 412: (7 16)->(6 16) 0 2 0 1 #timing (951 1072) ps  polarity 0
net 415: (24 25)->(24 25) 0 0 0 0 #timing (651 651) ps polarity 1
net 415: (24 25)->(24 25) 1 0 0 0 #timing (731 735) ps polarity 0
net 415: (24 25)->(24 25) 5 0 0 0 #timing (838 851) ps polarity 1
net 415: (24 25)->(24 17) 5 1 0 1 #timing (1154 1176) ps  polarity 0
net 415: (24 17)->(26 17) 1 2 0 1 #timing (1406 1338) ps  polarity 1
net 415: (26 17)->(27 17) 0 2 0 1 #timing (1467 1531) ps  polarity 0
net 415: (24 25)->(16 17) 5 3 0 1 #timing (1451 1467) ps  polarity 1
net 415: (16 17)->(16 17) 1 0 1 1 #timing (1675 1676) ps  polarity 1
net 415: (16 17)->(16 16) 0 1 0 1 #timing (1787 1781) ps  polarity 0
net 415: (24 25)->(25 24) 0 3 0 0 #timing (762 762) ps polarity 1
net 415: (25 24)->(25 26) 1 1 0 0 #timing (893 884) ps polarity 0
net 415: (25 26)->(25 26) 1 0 0 1 #timing (1122 1088) ps  polarity 1
net 415: (25 26)->(24 26) 0 2 0 1 #timing (1174 1215) ps  polarity 0
net 416: (16 16)->(17 17) 0 3 0 0 #timing (203 203) ps polarity 0
net 416: (17 17)->(19 19) 1 3 0 0 #timing (364 336) ps polarity 1
net 416: (19 19)->(23 19) 4 2 0 0 #timing (667 712) ps polarity 1
net 416: (23 19)->(27 19) 4 5 0 1 #timing (968 977) ps  polarity 1
net 416: (27 19)->(27 17) 1 1 0 1 #timing (1215 1181) ps  polarity 0
net 416: (27 17)->(27 17) 0 0 0 1 #timing (1304 1351) ps  polarity 1
net 418: (17 9)->(17 9) 0 0 0 0 #timing (178 178) ps polarity 0
net 418: (17 9)->(17 11) 1 1 0 0 #timing (293 285) ps polarity 1
net 418: (17 11)->(17 7) 3 4 0 1 #timing (764 650) ps  polarity 1
net 418: (17 7)->(17 7) 1 0 1 1 #timing (866 754) ps  polarity 0
net 418: (17 7)->(16 7) 0 2 0 1 #timing (886 985) ps  polarity 1
net 420: (8 13)->(8 13) 0 0 0 0 #timing (209 209) ps polarity 0
net 420: (8 13)->(10 15) 1 3 0 0 #timing (349 332) ps polarity 1
net 420: (10 15)->(10 11) 3 1 0 0 #timing (652 645) ps polarity 1
net 420: (10 11)->(10 9) 1 1 0 1 #timing (907 853) ps  polarity 0
net 420: (10 9)->(10 9) 0 0 0 1 #timing (998 1059) ps  polarity 1
net 420: (10 15)->(10 19) 3 4 0 0 #timing (668 654) ps polarity 1
net 420: (10 19)->(10 23) 3 1 0 1 #timing (1106 977) ps  polarity 1
net 420: (10 23)->(8 21) 1 3 0 1 #timing (1259 1119) ps  polarity 0
net 420: (8 21)->(8 20) 0 1 0 1 #timing (1242 1393) ps  polarity 1
net 420: (8 13)->(9 13) 0 2 0 0 #timing (211 211) ps polarity 0
net 420: (9 13)->(9 13) 1 0 0 0 #timing (301 302) ps polarity 1
net 420: (9 13)->(9 13) 1 0 0 1 #timing (509 474) ps  polarity 0
net 420: (9 13)->(9 12) 0 1 0 1 #timing (575 610) ps  polarity 1
net 421: (2 7)->(2 6) 0 1 0 0 #timing (189 189) ps polarity 0
net 421: (2 6)->(2 4) 1 1 0 0 #timing (320 310) ps polarity 1
net 421: (2 4)->(6 4) 4 2 0 0 #timing (583 594) ps polarity 1
net 421: (6 4)->(10 4) 4 5 0 1 #timing (827 827) ps  polarity 1
net 421: (10 4)->(10 8) 3 4 0 1 #timing (1106 1058) ps  polarity 1
net 421: (10 8)->(10 8) 1 0 1 1 #timing (1205 1160) ps  polarity 0
net 421: (10 8)->(10 9) 0 1 0 1 #timing (1281 1317) ps  polarity 1
net 421: (2 4)->(2 4) 5 0 1 0 #timing (423 463) ps polarity 0
net 421: (2 4)->(2 20) 13 1 0 0 #timing (1174 996) ps polarity 1
net 421: (2 20)->(10 20) 5 2 0 1 #timing (1645 1443) ps  polarity 0
net 421: (10 20)->(8 20) 1 2 0 1 #timing (1700 1849) ps  polarity 1
net 421: (8 20)->(8 20) 0 0 0 1 #timing (1960 1815) ps  polarity 0
net 421: (2 7)->(3 6) 0 3 0 0 #timing (184 184) ps polarity 0
net 421: (3 6)->(1 4) 1 3 0 0 #timing (389 344) ps polarity 1
net 421: (1 4)->(3 6) 1 3 0 1 #timing (701 609) ps  polarity 0
net 421: (3 6)->(3 7) 0 1 0 1 #timing (746 861) ps  polarity 1
net 422: (9 21)->(9 21) 0 0 0 0 #timing (147 147) ps polarity 0
net 422: (9 21)->(9 21) 1 0 0 0 #timing (219 224) ps polarity 1
net 422: (9 21)->(9 21) 1 0 1 1 #timing (424 395) ps  polarity 0
net 422: (9 21)->(8 20) 0 3 0 1 #timing (497 526) ps  polarity 1
net 422: (9 21)->(11 23) 1 3 0 0 #timing (301 275) ps polarity 1
net 422: (11 23)->(11 27) 3 4 0 0 #timing (654 631) ps polarity 1
net 422: (11 27)->(11 27) 5 0 0 0 #timing (780 769) ps polarity 0
net 422: (11 27)->(11 11) 13 1 0 0 #timing (1425 1307) ps polarity 1
net 422: (11 11)->(11 11) 5 0 1 1 #timing (1659 1551) ps  polarity 1
net 422: (11 11)->(11 9) 1 1 0 1 #timing (1844 1721) ps  polarity 1
net 422: (11 9)->(10 9) 0 2 0 1 #timing (1863 1988) ps  polarity 0
net 423: (11 9)->(11 8) 0 1 0 0 #timing (190 190) ps polarity 0
net 423: (11 8)->(11 8) 1 0 0 0 #timing (272 270) ps polarity 1
net 423: (11 8)->(11 8) 1 0 1 1 #timing (476 441) ps  polarity 0
net 423: (11 8)->(10 9) 0 3 0 1 #timing (588 601) ps  polarity 1
net 423: (11 8)->(11 8) 5 0 0 0 #timing (372 390) ps polarity 0
net 423: (11 8)->(11 25) 13 1 1 0 #timing (1057 905) ps polarity 1
net 423: (11 25)->(11 17) 5 1 0 1 #timing (1518 1349) ps  polarity 0
net 423: (11 17)->(9 19) 1 3 0 1 #timing (1649 1747) ps  polarity 1
net 423: (9 19)->(9 19) 0 0 0 1 #timing (1912 1849) ps  polarity 0
net 425: (20 16)->(20 16) 0 0 0 0 #timing (190 190) ps polarity 0
net 425: (20 16)->(20 18) 1 1 0 0 #timing (295 291) ps polarity 1
net 425: (20 18)->(20 14) 3 4 0 0 #timing (590 559) ps polarity 1
net 425: (20 14)->(20 14) 5 0 0 0 #timing (714 696) ps polarity 0
net 425: (20 14)->(20 6) 5 1 0 1 #timing (1075 1056) ps  polarity 1
net 425: (20 6)->(24 6) 4 5 0 1 #timing (1434 1341) ps  polarity 1
net 425: (24 6)->(26 6) 1 2 0 1 #timing (1667 1533) ps  polarity 0
net 425: (26 6)->(26 6) 0 0 0 1 #timing (1680 1799) ps  polarity 1
net 428: (16 10)->(16 10) 0 0 0 0 #timing (190 190) ps polarity 0
net 428: (16 10)->(18 8) 1 3 0 0 #timing (346 320) ps polarity 1
net 428: (18 8)->(22 8) 4 2 0 0 #timing (615 655) ps polarity 1
net 428: (22 8)->(22 8) 5 0 0 0 #timing (738 791) ps polarity 0
net 428: (22 8)->(7 8) 13 2 1 0 #timing (1484 1299) ps polarity 1
net 428: (7 8)->(7 8) 5 0 1 1 #timing (1721 1546) ps  polarity 1
net 428: (7 8)->(7 8) 1 0 1 1 #timing (1874 1693) ps  polarity 1
net 428: (7 8)->(6 8) 0 2 0 1 #timing (1780 1967) ps  polarity 0
net 428: (16 10)->(16 11) 0 1 0 0 #timing (195 195) ps polarity 0
net 428: (16 11)->(16 11) 1 0 0 0 #timing (277 276) ps polarity 1
net 428: (16 11)->(18 11) 1 2 0 1 #timing (531 482) ps  polarity 0
net 428: (18 11)->(19 11) 0 2 0 1 #timing (634 687) ps  polarity 1
net 429: (16 12)->(16 12) 0 0 0 0 #timing (191 191) ps polarity 0
net 429: (16 12)->(18 14) 1 3 0 0 #timing (331 311) ps polarity 1
net 429: (18 14)->(18 10) 3 1 0 1 #timing (772 668) ps  polarity 1
net 429: (18 10)->(18 10) 1 0 1 1 #timing (870 771) ps  polarity 0
net 429: (18 10)->(18 10) 0 0 0 1 #timing (896 984) ps  polarity 1
net 429: (18 10)->(19 11) 0 3 0 1 #timing (914 994) ps  polarity 1
net 430: (16 25)->(17 24) 0 3 0 0 #timing (184 184) ps polarity 0
net 430: (17 24)->(19 24) 1 2 0 0 #timing (327 309) ps polarity 1
net 430: (19 24)->(19 28) 3 1 0 0 #timing (633 606) ps polarity 1
net 430: (19 28)->(15 28) 4 5 0 0 #timing (929 871) ps polarity 1
net 430: (15 28)->(15 28) 1 0 0 1 #timing (1076 1108) ps  polarity 0
net 430: (15 28)->(14 28) 0 2 0 1 #timing (1234 1192) ps  polarity 1
net 431: (17 26)->(17 26) 0 0 0 0 #timing (185 185) ps polarity 1
net 431: (17 26)->(17 26) 1 0 0 0 #timing (261 264) ps polarity 0
net 431: (17 26)->(13 26) 4 5 0 1 #timing (674 593) ps  polarity 0
net 431: (13 26)->(15 26) 1 2 0 1 #timing (929 802) ps  polarity 1
net 431: (15 26)->(14 27) 0 3 0 1 #timing (955 1079) ps  polarity 0
net 433: (23 9)->(23 8) 0 1 0 0 #timing (244 244) ps polarity 0
net 433: (23 8)->(23 8) 1 0 0 0 #timing (334 334) ps polarity 1
net 433: (23 8)->(23 8) 1 0 0 1 #timing (542 508) ps  polarity 0
net 433: (23 8)->(23 9) 0 1 0 1 #timing (618 648) ps  polarity 1
net 433: (23 9)->(22 9) 0 2 0 0 #timing (151 151) ps polarity 0
net 433: (22 9)->(20 11) 1 3 0 0 #timing (302 281) ps polarity 1
net 433: (20 11)->(20 7) 3 4 0 0 #timing (601 606) ps polarity 1
net 433: (20 7)->(20 7) 1 0 1 1 #timing (814 784) ps  polarity 0
net 433: (20 7)->(21 6) 0 3 0 1 #timing (905 925) ps  polarity 1
net 433: (23 9)->(22 8) 0 3 0 0 #timing (252 252) ps polarity 0
net 433: (22 8)->(20 10) 1 3 0 0 #timing (419 397) ps polarity 1
net 433: (20 10)->(20 10) 5 0 0 0 #timing (533 612) ps polarity 0
net 433: (20 10)->(20 2) 5 1 0 1 #timing (867 954) ps  polarity 1
net 433: (20 2)->(20 2) 1 0 0 1 #timing (1161 1038) ps  polarity 0
net 433: (20 2)->(21 3) 0 3 0 1 #timing (1154 1270) ps  polarity 1
net 434: (22 23)->(22 23) 0 0 0 0 #timing (197 197) ps polarity 1
net 434: (22 23)->(20 21) 1 3 0 0 #timing (397 352) ps polarity 0
net 434: (20 21)->(20 17) 3 1 0 0 #timing (648 682) ps polarity 0
net 434: (20 17)->(24 17) 4 5 0 0 #timing (1023 1000) ps polarity 0
net 434: (24 17)->(24 13) 3 4 0 1 #timing (1465 1369) ps  polarity 0
net 434: (24 13)->(24 15) 1 1 0 1 #timing (1610 1505) ps  polarity 1
net 434: (24 15)->(24 15) 0 0 0 1 #timing (1676 1770) ps  polarity 0
net 435: (2 20)->(2 21) 0 1 0 0 #timing (183 183) ps polarity 1
net 435: (2 21)->(2 23) 1 1 0 0 #timing (304 292) ps polarity 0
net 435: (2 23)->(2 23) 5 0 1 0 #timing (410 458) ps polarity 1
net 435: (2 23)->(2 7) 13 1 0 0 #timing (1078 915) ps polarity 0
net 435: (2 7)->(2 7) 5 0 0 1 #timing (1317 1162) ps  polarity 0
net 435: (2 7)->(2 11) 3 4 0 1 #timing (1679 1448) ps  polarity 1
net 435: (2 11)->(2 11) 1 0 1 1 #timing (1786 1556) ps  polarity 0
net 435: (2 11)->(2 11) 0 0 0 1 #timing (1687 1905) ps  polarity 1
net 436: (5 12)->(4 12) 0 2 0 0 #timing (192 192) ps polarity 0
net 436: (4 12)->(6 14) 1 3 0 0 #timing (332 313) ps polarity 1
net 436: (6 14)->(6 10) 3 1 0 0 #timing (641 648) ps polarity 1
net 436: (6 10)->(6 10) 1 0 0 1 #timing (865 834) ps  polarity 0
net 436: (6 10)->(6 11) 0 1 0 1 #timing (962 981) ps  polarity 1
net 436: (6 10)->(7 11) 0 3 0 1 #timing (962 982) ps  polarity 1
net 436: (6 10)->(4 10) 1 2 0 1 #timing (938 881) ps  polarity 0
net 436: (4 10)->(4 11) 0 1 0 1 #timing (1028 1102) ps  polarity 1
net 436: (6 14)->(6 18) 3 4 0 1 #timing (785 685) ps  polarity 1
net 436: (6 18)->(4 18) 1 2 0 1 #timing (956 832) ps  polarity 0
net 436: (4 18)->(5 18) 0 2 0 1 #timing (958 1098) ps  polarity 1
net 436: (5 12)->(4 13) 0 3 0 0 #timing (186 187) ps polarity 0
net 436: (4 13)->(4 13) 1 0 0 0 #timing (274 274) ps polarity 1
net 436: (4 13)->(4 17) 3 4 0 0 #timing (614 540) ps polarity 1
net 436: (4 17)->(4 21) 3 1 0 1 #timing (1052 862) ps  polarity 1
net 436: (4 21)->(4 21) 1 0 1 1 #timing (1151 965) ps  polarity 0
net 436: (4 21)->(4 21) 0 0 0 1 #timing (1080 1262) ps  polarity 1
net 437: (3 11)->(3 11) 0 0 0 0 #timing (182 182) ps polarity 1
net 437: (3 11)->(3 11) 1 0 0 0 #timing (258 261) ps polarity 0
net 437: (3 11)->(3 15) 3 1 0 0 #timing (542 490) ps polarity 0
net 437: (3 15)->(3 15) 5 0 0 0 #timing (665 626) ps polarity 1
net 437: (3 15)->(11 15) 5 2 0 1 #timing (1024 977) ps  polarity 0
net 437: (11 15)->(11 19) 3 4 0 1 #timing (1379 1332) ps  polarity 0
net 437: (11 19)->(9 19) 1 2 0 1 #timing (1542 1477) ps  polarity 1
net 437: (9 19)->(8 18) 0 3 0 1 #timing (1635 1713) ps  polarity 0
net 437: (3 11)->(1 9) 1 3 0 0 #timing (364 325) ps polarity 0
net 437: (1 9)->(5 9) 4 2 0 0 #timing (619 670) ps polarity 0
net 437: (5 9)->(5 13) 3 1 0 1 #timing (1053 919) ps  polarity 0
net 437: (5 13)->(5 13) 1 0 1 1 #timing (1153 1023) ps  polarity 1
net 437: (5 13)->(4 12) 0 3 0 1 #timing (1167 1275) ps  polarity 0
net 437: (3 11)->(2 10) 0 3 0 0 #timing (202 202) ps polarity 1
net 437: (2 10)->(2 8) 1 1 0 0 #timing (340 325) ps polarity 0
net 437: (2 8)->(2 10) 1 1 0 1 #timing (601 546) ps  polarity 1
net 437: (2 10)->(3 11) 0 3 0 1 #timing (673 737) ps  polarity 0
net 439: (2 26)->(3 27) 0 3 0 0 #timing (191 191) ps polarity 1
net 439: (3 27)->(3 25) 1 1 0 0 #timing (328 313) ps polarity 0
net 439: (3 25)->(3 25) 5 0 1 0 #timing (424 467) ps polarity 1
net 439: (3 25)->(11 17) 5 3 0 1 #timing (1038 1082) ps  polarity 1
net 439: (11 17)->(9 17) 1 2 0 1 #timing (1263 1284) ps  polarity 1
net 439: (9 17)->(8 17) 0 2 0 1 #timing (1442 1439) ps  polarity 0
net 441: (23 26)->(22 26) 0 2 0 0 #timing (214 214) ps polarity 1
net 441: (22 26)->(22 24) 1 1 0 0 #timing (347 331) ps polarity 0
net 441: (22 24)->(22 24) 5 0 1 0 #timing (444 489) ps polarity 1
net 441: (22 24)->(22 16) 5 1 0 1 #timing (765 822) ps  polarity 0
net 441: (22 16)->(22 12) 3 4 0 1 #timing (1319 1128) ps  polarity 0
net 441: (22 12)->(20 14) 1 3 0 1 #timing (1524 1302) ps  polarity 1
net 441: (20 14)->(20 15) 0 1 0 1 #timing (1505 1716) ps  polarity 0
net 442: (3 26)->(2 26) 0 2 0 0 #timing (194 194) ps polarity 1
net 442: (2 26)->(0 26) 1 2 0 0 #timing (336 317) ps polarity 0
net 442: (0 26)->(0 26) 5 0 1 0 #timing (436 490) ps polarity 1
net 442: (0 26)->(8 18) 5 3 0 1 #timing (1093 1156) ps  polarity 1
net 442: (8 18)->(10 16) 1 3 0 1 #timing (1350 1377) ps  polarity 1
net 442: (10 16)->(10 17) 0 1 0 1 #timing (1568 1519) ps  polarity 0
net 443: (9 19)->(8 19) 0 2 0 0 #timing (206 206) ps polarity 0
net 443: (8 19)->(8 19) 1 0 0 0 #timing (288 291) ps polarity 1
net 443: (8 19)->(8 19) 5 0 0 0 #timing (394 408) ps polarity 0
net 443: (8 19)->(8 27) 5 1 0 1 #timing (761 766) ps  polarity 1
net 443: (8 27)->(12 27) 4 2 0 1 #timing (971 965) ps  polarity 1
net 443: (12 27)->(12 31) 3 1 0 1 #timing (1254 1193) ps  polarity 1
net 443: (12 31)->(12 29) 1 1 0 1 #timing (1397 1329) ps  polarity 0
net 443: (12 29)->(13 29) 0 2 0 1 #timing (1451 1529) ps  polarity 1
net 444: (15 15)->(14 14) 0 3 0 0 #timing (199 200) ps polarity 0
net 444: (14 14)->(14 14) 1 0 0 0 #timing (291 289) ps polarity 1
net 444: (14 14)->(14 18) 3 4 0 0 #timing (559 515) ps polarity 1
net 444: (14 18)->(18 18) 4 5 0 0 #timing (851 787) ps polarity 1
net 444: (18 18)->(18 18) 5 0 1 0 #timing (976 927) ps polarity 0
net 444: (18 18)->(18 26) 5 1 0 1 #timing (1309 1266) ps  polarity 1
net 444: (18 26)->(18 26) 1 0 1 1 #timing (1470 1479) ps  polarity 0
net 444: (18 26)->(19 27) 0 3 0 1 #timing (1596 1579) ps  polarity 1
net 446: (11 17)->(11 17) 0 0 0 0 #timing (156 156) ps polarity 1
net 446: (11 17)->(9 17) 1 2 0 0 #timing (302 280) ps polarity 0
net 446: (9 17)->(11 17) 1 2 0 1 #timing (601 535) ps  polarity 1
net 446: (11 17)->(10 17) 0 2 0 1 #timing (649 743) ps  polarity 0
net 446: (9 17)->(9 13) 3 4 0 0 #timing (606 597) ps polarity 0
net 446: (9 13)->(9 13) 5 0 0 0 #timing (746 746) ps polarity 1
net 446: (9 13)->(1 13) 5 2 0 1 #timing (1101 1104) ps  polarity 0
net 446: (1 13)->(1 9) 3 1 0 1 #timing (1559 1433) ps  polarity 0
net 446: (1 9)->(3 11) 1 3 0 1 #timing (1752 1598) ps  polarity 1
net 446: (3 11)->(3 11) 0 0 0 1 #timing (1721 1908) ps  polarity 0
net 446: (11 17)->(9 19) 1 3 0 0 #timing (317 288) ps polarity 0
net 446: (9 19)->(9 15) 3 4 0 0 #timing (650 656) ps polarity 0
net 446: (9 15)->(5 15) 4 5 0 0 #timing (963 933) ps polarity 0
net 446: (5 15)->(5 11) 3 1 0 1 #timing (1380 1297) ps  polarity 0
net 446: (5 11)->(5 11) 1 0 0 1 #timing (1474 1398) ps  polarity 1
net 446: (5 11)->(5 11) 0 0 0 1 #timing (1524 1590) ps  polarity 0
net 446: (5 11)->(7 11) 1 2 0 1 #timing (1515 1426) ps  polarity 1
net 446: (7 11)->(7 10) 0 1 0 1 #timing (1554 1649) ps  polarity 0
net 446: (11 17)->(10 16) 0 3 0 0 #timing (180 180) ps polarity 1
net 446: (10 16)->(10 16) 1 0 0 0 #timing (264 265) ps polarity 0
net 446: (10 16)->(10 20) 3 1 0 0 #timing (560 503) ps polarity 0
net 446: (10 20)->(6 20) 4 5 0 0 #timing (896 789) ps polarity 0
net 446: (6 20)->(6 20) 5 0 0 0 #timing (1025 937) ps polarity 1
net 446: (6 20)->(6 5) 13 1 1 0 #timing (1589 1548) ps polarity 0
net 446: (6 5)->(6 13) 5 1 0 1 #timing (2048 1986) ps  polarity 1
net 446: (6 13)->(6 15) 1 1 0 1 #timing (2249 2257) ps  polarity 0
net 446: (6 15)->(6 14) 0 1 0 1 #timing (2458 2425) ps  polarity 1
net 447: (2 23)->(3 23) 0 2 0 0 #timing (174 174) ps polarity 1
net 447: (3 23)->(1 23) 1 2 0 0 #timing (319 303) ps polarity 0
net 447: (1 23)->(1 23) 5 0 1 0 #timing (423 475) ps polarity 1
net 447: (1 23)->(1 6) 13 1 1 0 #timing (1071 909) ps polarity 0
net 447: (1 6)->(1 6) 5 0 0 1 #timing (1306 1156) ps  polarity 0
net 447: (1 6)->(5 6) 4 2 0 1 #timing (1643 1447) ps  polarity 1
net 447: (5 6)->(5 10) 3 4 0 1 #timing (1920 1675) ps  polarity 1
net 447: (5 10)->(7 10) 1 2 0 1 #timing (2072 1817) ps  polarity 0
net 447: (7 10)->(7 10) 0 0 0 1 #timing (1974 2218) ps  polarity 1
net 448: (8 19)->(8 18) 0 1 0 0 #timing (193 193) ps polarity 0
net 448: (8 18)->(8 18) 1 0 0 0 #timing (293 292) ps polarity 1
net 448: (8 18)->(8 16) 1 1 0 1 #timing (545 496) ps  polarity 0
net 448: (8 16)->(8 17) 0 1 0 1 #timing (689 716) ps  polarity 1
net 448: (8 18)->(8 18) 5 0 0 0 #timing (395 413) ps polarity 0
net 448: (8 18)->(8 2) 13 1 0 0 #timing (1060 919) ps polarity 1
net 448: (8 2)->(0 10) 5 3 0 1 #timing (1801 1638) ps  polarity 1
net 448: (0 10)->(4 10) 4 2 0 1 #timing (1948 2121) ps  polarity 0
net 448: (4 10)->(6 10) 1 2 0 1 #timing (2190 2325) ps  polarity 1
net 448: (6 10)->(7 10) 0 2 0 1 #timing (2465 2346) ps  polarity 0
net 449: (3 7)->(2 7) 0 2 0 0 #timing (221 221) ps polarity 0
net 449: (2 7)->(2 7) 1 0 0 0 #timing (300 304) ps polarity 1
net 449: (2 7)->(2 3) 3 1 0 0 #timing (593 532) ps polarity 1
net 449: (2 3)->(2 3) 5 0 1 0 #timing (728 677) ps polarity 0
net 449: (2 3)->(2 18) 13 1 1 0 #timing (1311 1240) ps polarity 1
net 449: (2 18)->(2 18) 5 0 0 1 #timing (1531 1473) ps  polarity 1
net 449: (2 18)->(6 18) 4 2 0 1 #timing (1866 1765) ps  polarity 0
net 449: (6 18)->(4 16) 1 3 0 1 #timing (2158 1999) ps  polarity 1
net 449: (4 16)->(4 16) 0 0 0 1 #timing (2161 2326) ps  polarity 0
net 449: (2 18)->(10 26) 5 3 0 1 #timing (1964 1875) ps  polarity 1
net 449: (10 26)->(10 22) 3 4 0 1 #timing (2450 2238) ps  polarity 0
net 449: (10 22)->(8 20) 1 3 0 1 #timing (2611 2385) ps  polarity 1
net 449: (8 20)->(8 21) 0 1 0 1 #timing (2502 2756) ps  polarity 0
net 449: (2 7)->(6 7) 4 2 0 1 #timing (700 632) ps  polarity 1
net 449: (6 7)->(6 11) 3 4 0 1 #timing (1030 895) ps  polarity 1
net 449: (6 11)->(6 11) 1 0 0 1 #timing (1138 1005) ps  polarity 0
net 449: (6 11)->(7 10) 0 3 0 1 #timing (1136 1255) ps  polarity 1
net 452: (22 23)->(22 22) 0 1 0 0 #timing (219 219) ps polarity 1
net 452: (22 22)->(20 20) 1 3 0 0 #timing (417 371) ps polarity 0
net 452: (20 20)->(20 16) 3 1 0 0 #timing (701 724) ps polarity 0
net 452: (20 16)->(24 16) 4 5 0 0 #timing (1098 1055) ps polarity 0
net 452: (24 16)->(24 12) 3 4 0 1 #timing (1522 1451) ps  polarity 0
net 452: (24 12)->(24 14) 1 1 0 1 #timing (1663 1584) ps  polarity 1
net 452: (24 14)->(25 14) 0 2 0 1 #timing (1710 1807) ps  polarity 0
net 453: (25 15)->(25 15) 0 0 0 0 #timing (147 147) ps polarity 0
net 453: (25 15)->(25 13) 1 1 0 0 #timing (251 246) ps polarity 1
net 453: (25 13)->(25 13) 1 0 1 1 #timing (472 440) ps  polarity 0
net 453: (25 13)->(25 13) 0 0 0 1 #timing (537 571) ps  polarity 1
net 453: (25 13)->(25 9) 3 1 0 0 #timing (556 520) ps polarity 1
net 453: (25 9)->(29 9) 4 2 0 0 #timing (909 829) ps polarity 1
net 453: (29 9)->(29 9) 1 0 1 1 #timing (1043 1094) ps  polarity 0
net 453: (29 9)->(28 9) 0 2 0 1 #timing (1216 1157) ps  polarity 1
net 453: (25 13)->(25 17) 3 4 0 0 #timing (601 552) ps polarity 1
net 453: (25 17)->(21 17) 4 5 0 0 #timing (914 830) ps polarity 1
net 453: (21 17)->(21 17) 1 0 1 1 #timing (1041 1096) ps  polarity 0
net 453: (21 17)->(20 17) 0 2 0 1 #timing (1229 1160) ps  polarity 1
net 453: (21 17)->(21 21) 3 1 0 1 #timing (1284 1111) ps 
net 453: (25 17)->(21 17) 4 5 0 1 #timing (994 868) ps  polarity 1
net 453: (21 17)->(21 17) 1 0 1 1 #timing (921 976) ps 
net 453: (21 17)->(21 21) 3 1 0 1 #timing (1284 1111) ps  polarity 1
net 453: (21 21)->(21 21) 1 0 0 1 #timing (1384 1215) ps  polarity 0
net 453: (21 21)->(20 21) 0 2 0 1 #timing (1340 1500) ps  polarity 1
net 453: (25 13)->(21 13) 4 5 0 0 #timing (537 524) ps polarity 1
net 453: (21 13)->(21 13) 1 0 1 1 #timing (737 721) ps  polarity 0
net 453: (21 13)->(20 13) 0 2 0 1 #timing (852 856) ps  polarity 1
net 453: (21 13)->(21 13) 5 0 0 0 #timing (679 683) ps polarity 0
net 453: (21 13)->(21 5) 5 1 0 1 #timing (1028 1034) ps  polarity 1
net 453: (21 5)->(21 5) 1 0 0 1 #timing (1241 1199) ps  polarity 0
net 453: (21 5)->(20 5) 0 2 0 1 #timing (1333 1361) ps  polarity 1
net 453: (21 5)->(23 7) 1 3 0 1 #timing (1322 1255) ps  polarity 0
net 453: (23 7)->(23 7) 0 0 0 1 #timing (1405 1493) ps  polarity 1
net 453: (25 13)->(25 13) 5 0 0 0 #timing (356 391) ps polarity 0
net 453: (25 13)->(17 13) 5 2 0 1 #timing (677 719) ps  polarity 1
net 453: (17 13)->(17 15) 1 1 0 1 #timing (970 883) ps  polarity 0
net 453: (17 15)->(16 15) 0 2 0 1 #timing (1024 1117) ps  polarity 1
net 453: (17 13)->(17 17) 3 4 0 1 #timing (1136 998) ps  polarity 1
net 453: (17 17)->(17 17) 1 0 1 1 #timing (1233 1099) ps  polarity 0
net 453: (17 17)->(16 17) 0 2 0 1 #timing (1231 1352) ps  polarity 1
net 453: (25 15)->(24 15) 0 2 0 0 #timing (151 151) ps polarity 0
net 453: (24 15)->(26 15) 1 2 0 0 #timing (292 272) ps polarity 1
net 453: (26 15)->(26 11) 3 1 0 0 #timing (575 546) ps polarity 1
net 453: (26 11)->(26 11) 1 0 1 1 #timing (788 724) ps  polarity 0
net 453: (26 11)->(26 11) 0 0 0 1 #timing (853 906) ps  polarity 1
net 453: (24 15)->(26 13) 1 3 0 0 #timing (330 292) ps polarity 1
net 453: (26 13)->(26 13) 5 0 0 0 #timing (411 491) ps polarity 0
net 453: (26 13)->(26 5) 5 1 0 1 #timing (749 834) ps  polarity 1
net 453: (26 5)->(22 5) 4 5 0 1 #timing (1067 1097) ps  polarity 1
net 453: (22 5)->(22 5) 1 0 1 1 #timing (1255 1262) ps  polarity 0
net 453: (22 5)->(22 5) 0 0 0 1 #timing (1390 1372) ps  polarity 1
net 453: (26 13)->(18 13) 5 2 0 1 #timing (799 866) ps  polarity 1
net 453: (18 13)->(14 13) 4 5 0 1 #timing (1102 1123) ps  polarity 1
net 453: (14 13)->(14 17) 3 4 0 1 #timing (1388 1358) ps  polarity 1
net 453: (14 17)->(14 17) 1 0 0 1 #timing (1487 1462) ps  polarity 0
net 453: (14 17)->(14 17) 0 0 0 1 #timing (1591 1605) ps  polarity 1
net 454: (19 10)->(19 10) 0 0 0 0 #timing (183 183) ps polarity 0
net 454: (19 10)->(19 10) 1 0 0 0 #timing (255 261) ps polarity 1
net 454: (19 10)->(19 14) 3 1 0 0 #timing (518 470) ps polarity 1
net 454: (19 14)->(19 18) 3 4 0 1 #timing (936 787) ps  polarity 1
net 454: (19 18)->(17 18) 1 2 0 1 #timing (1073 916) ps  polarity 0
net 454: (17 18)->(17 18) 0 0 0 1 #timing (1037 1214) ps  polarity 1
net 454: (19 14)->(23 14) 4 2 0 0 #timing (793 736) ps polarity 1
net 454: (23 14)->(21 14) 1 2 0 1 #timing (977 993) ps  polarity 0
net 454: (21 14)->(21 14) 0 0 0 1 #timing (1096 1096) ps  polarity 1
net 454: (21 14)->(20 14) 0 2 0 1 #timing (1088 1093) ps  polarity 1
net 454: (21 14)->(20 15) 0 3 0 1 #timing (1084 1088) ps  polarity 1
net 454: (23 14)->(23 18) 3 4 0 1 #timing (1181 1144) ps  polarity 1
net 454: (23 18)->(21 18) 1 2 0 1 #timing (1320 1281) ps  polarity 0
net 454: (21 18)->(21 18) 0 0 0 1 #timing (1384 1449) ps  polarity 1
net 454: (21 18)->(21 19) 0 1 0 1 #timing (1411 1470) ps  polarity 1
net 454: (19 14)->(15 14) 4 5 0 1 #timing (942 805) ps  polarity 1
net 454: (15 14)->(15 18) 3 4 0 1 #timing (1226 1035) ps  polarity 1
net 454: (15 18)->(15 18) 1 0 1 1 #timing (1325 1137) ps  polarity 0
net 454: (15 18)->(15 18) 0 0 0 1 #timing (1243 1429) ps  polarity 1
net 454: (19 14)->(19 14) 5 0 1 0 #timing (644 609) ps polarity 0
net 454: (19 14)->(27 14) 5 2 0 1 #timing (1018 970) ps  polarity 1
net 454: (27 14)->(27 12) 1 1 0 1 #timing (1212 1217) ps  polarity 0
net 454: (27 12)->(27 12) 0 0 0 1 #timing (1367 1376) ps  polarity 1
net 454: (27 14)->(25 14) 1 2 0 1 #timing (1215 1218) ps  polarity 0
net 454: (25 14)->(24 14) 0 2 0 1 #timing (1363 1381) ps  polarity 1
net 454: (25 14)->(24 15) 0 3 0 1 #timing (1382 1392) ps  polarity 1
net 454: (19 10)->(19 6) 3 4 0 0 #timing (511 466) ps polarity 1
net 454: (19 6)->(23 6) 4 2 0 0 #timing (799 743) ps polarity 1
net 454: (23 6)->(23 6) 1 0 1 1 #timing (945 972) ps  polarity 0
net 454: (23 6)->(23 6) 0 0 0 1 #timing (1060 1037) ps  polarity 1
net 454: (23 6)->(21 6) 1 2 0 1 #timing (985 1001) ps  polarity 0
net 454: (21 6)->(21 6) 0 0 0 1 #timing (1106 1115) ps  polarity 1
net 454: (19 6)->(19 6) 5 0 0 0 #timing (639 605) ps polarity 0
net 454: (19 6)->(27 6) 5 2 0 1 #timing (985 949) ps  polarity 1
net 454: (27 6)->(31 6) 4 2 0 1 #timing (1222 1170) ps  polarity 1
net 454: (31 6)->(29 6) 1 2 0 1 #timing (1479 1378) ps  polarity 0
net 454: (29 6)->(29 7) 0 1 0 1 #timing (1510 1627) ps  polarity 1
net 454: (19 10)->(19 10) 5 0 0 0 #timing (361 372) ps polarity 0
net 454: (19 10)->(19 26) 13 1 0 0 #timing (998 868) ps polarity 1
net 454: (19 26)->(19 26) 5 0 1 1 #timing (1222 1102) ps  polarity 1
net 454: (19 26)->(19 24) 1 1 0 1 #timing (1432 1287) ps  polarity 1
net 454: (19 24)->(18 25) 0 3 0 1 #timing (1441 1582) ps  polarity 0
net 454: (19 10)->(19 27) 13 1 1 0 #timing (1017 884) ps polarity 1
net 454: (19 27)->(19 27) 5 0 1 1 #timing (1244 1122) ps  polarity 1
net 454: (19 27)->(15 27) 4 5 0 1 #timing (1571 1403) ps  polarity 0
net 454: (15 27)->(15 31) 3 1 0 1 #timing (1857 1631) ps  polarity 0
net 454: (15 31)->(15 31) 1 0 1 1 #timing (1954 1732) ps  polarity 1
net 454: (15 31)->(14 30) 0 3 0 1 #timing (1873 2076) ps  polarity 0
net 454: (15 31)->(13 31) 1 2 0 1 #timing (1996 1762) ps  polarity 1
net 454: (13 31)->(12 30) 0 3 0 1 #timing (1920 2162) ps  polarity 0
net 454: (19 10)->(19 8) 1 1 0 0 #timing (295 288) ps polarity 1
net 454: (19 8)->(23 8) 4 2 0 0 #timing (556 577) ps polarity 1
net 454: (23 8)->(23 8) 1 0 1 1 #timing (778 730) ps  polarity 0
net 454: (23 8)->(22 8) 0 2 0 1 #timing (817 871) ps  polarity 1
net 454: (23 8)->(22 9) 0 3 0 1 #timing (815 867) ps  polarity 1
net 454: (19 8)->(15 8) 4 5 0 0 #timing (576 570) ps polarity 1
net 454: (15 8)->(15 8) 5 0 0 0 #timing (706 715) ps polarity 0
net 454: (15 8)->(15 24) 13 1 0 0 #timing (1344 1214) ps polarity 1
net 454: (15 24)->(15 24) 5 0 1 1 #timing (1586 1466) ps  polarity 1
net 454: (15 24)->(15 24) 1 0 0 1 #timing (1728 1605) ps  polarity 1
net 454: (15 24)->(14 25) 0 3 0 1 #timing (1755 1855) ps  polarity 0
net 454: (15 24)->(11 24) 4 2 0 1 #timing (1904 1743) ps  polarity 0
net 454: (11 24)->(11 24) 1 0 1 1 #timing (2093 1907) ps  polarity 1
net 454: (11 24)->(10 25) 0 3 0 1 #timing (2052 2218) ps  polarity 0
net 454: (19 10)->(17 8) 1 3 0 0 #timing (341 313) ps polarity 1
net 454: (17 8)->(17 12) 3 1 0 1 #timing (749 649) ps  polarity 1
net 454: (17 12)->(17 12) 1 0 1 1 #timing (847 752) ps  polarity 0
net 454: (17 12)->(17 13) 0 1 0 1 #timing (883 964) ps  polarity 1
net 454: (17 12)->(19 12) 1 2 0 1 #timing (912 794) ps  polarity 0
net 454: (19 12)->(18 12) 0 2 0 1 #timing (935 1057) ps  polarity 1
net 454: (19 10)->(18 11) 0 3 0 0 #timing (208 208) ps polarity 0
net 454: (18 11)->(18 11) 1 0 0 0 #timing (294 295) ps polarity 1
net 454: (18 11)->(22 11) 4 2 0 0 #timing (572 544) ps polarity 1
net 454: (22 11)->(26 11) 4 5 0 1 #timing (868 802) ps  polarity 1
net 454: (26 11)->(26 15) 3 1 0 1 #timing (1146 1031) ps  polarity 1
net 454: (26 15)->(24 15) 1 2 0 1 #timing (1260 1145) ps  polarity 0
net 454: (24 15)->(25 14) 0 3 0 1 #timing (1307 1401) ps  polarity 1
net 455: (14 14)->(15 15) 0 3 0 0 #timing (191 191) ps polarity 1
net 455: (15 15)->(15 15) 1 0 0 0 #timing (278 280) ps polarity 0
net 455: (15 15)->(15 11) 3 1 0 0 #timing (557 504) ps polarity 0
net 455: (15 11)->(11 11) 4 2 0 0 #timing (817 748) ps polarity 0
net 455: (11 11)->(11 11) 5 0 0 0 #timing (950 896) ps polarity 1
net 455: (11 11)->(11 26) 13 1 1 0 #timing (1487 1426) ps polarity 0
net 455: (11 26)->(11 26) 5 0 1 1 #timing (1744 1695) ps  polarity 0
net 455: (11 26)->(11 26) 1 0 0 1 #timing (1887 1834) ps  polarity 0
net 455: (11 26)->(10 27) 0 3 0 1 #timing (1978 2010) ps  polarity 1
net 456: (2 26)->(3 26) 0 2 0 0 #timing (180 180) ps polarity 1
net 456: (3 26)->(3 24) 1 1 0 0 #timing (312 297) ps polarity 0
net 456: (3 24)->(3 28) 3 1 0 0 #timing (603 578) ps polarity 0
net 456: (3 28)->(3 28) 5 0 1 0 #timing (725 715) ps polarity 1
net 456: (3 28)->(3 13) 13 1 1 0 #timing (1389 1272) ps polarity 0
net 456: (3 13)->(11 13) 5 2 0 1 #timing (1840 1695) ps  polarity 1
net 456: (11 13)->(11 15) 1 1 0 1 #timing (1938 2039) ps  polarity 0
net 456: (11 15)->(10 14) 0 3 0 1 #timing (2202 2094) ps  polarity 1
net 458: (15 13)->(15 13) 0 0 0 0 #timing (204 204) ps polarity 0
net 458: (15 13)->(15 15) 1 1 0 0 #timing (316 304) ps polarity 1
net 458: (15 15)->(15 15) 5 0 1 0 #timing (416 457) ps polarity 0
net 458: (15 15)->(15 30) 13 1 1 0 #timing (1027 881) ps polarity 1
net 458: (15 30)->(15 30) 5 0 0 1 #timing (1253 1120) ps  polarity 1
net 458: (15 30)->(11 30) 4 2 0 1 #timing (1582 1404) ps  polarity 0
net 458: (11 30)->(11 26) 3 1 0 1 #timing (1884 1645) ps  polarity 0
net 458: (11 26)->(11 26) 1 0 1 1 #timing (1977 1744) ps  polarity 1
net 458: (11 26)->(10 26) 0 2 0 1 #timing (1866 2090) ps  polarity 0
net 459: (4 7)->(4 6) 0 1 0 0 #timing (189 189) ps polarity 0
net 459: (4 6)->(4 6) 1 0 0 0 #timing (276 279) ps polarity 1
net 459: (4 6)->(4 6) 1 0 1 1 #timing (481 450) ps  polarity 0
net 459: (4 6)->(4 7) 0 1 0 1 #timing (613 614) ps  polarity 1
net 460: (14 19)->(15 19) 0 2 0 0 #timing (198 198) ps polarity 0
net 460: (15 19)->(13 17) 1 3 0 0 #timing (360 325) ps polarity 1
net 460: (13 17)->(13 21) 3 1 0 0 #timing (637 653) ps polarity 1
net 460: (13 21)->(13 21) 5 0 1 0 #timing (761 790) ps polarity 0
net 460: (13 21)->(13 29) 5 1 0 1 #timing (1104 1139) ps  polarity 1
net 460: (13 29)->(13 29) 1 0 0 1 #timing (1343 1274) ps  polarity 0
net 460: (13 29)->(13 28) 0 1 0 1 #timing (1392 1453) ps  polarity 1
net 461: (23 23)->(22 23) 0 2 0 0 #timing (228 228) ps polarity 1
net 461: (22 23)->(22 21) 1 1 0 0 #timing (366 349) ps polarity 0
net 461: (22 21)->(22 17) 3 1 0 0 #timing (641 626) ps polarity 0
net 461: (22 17)->(26 17) 4 5 0 0 #timing (945 903) ps polarity 0
net 461: (26 17)->(26 13) 3 4 0 1 #timing (1357 1279) ps  polarity 0
net 461: (26 13)->(24 15) 1 3 0 1 #timing (1495 1409) ps  polarity 1
net 461: (24 15)->(24 14) 0 1 0 1 #timing (1575 1661) ps  polarity 0
net 462: (23 20)->(22 21) 0 3 0 0 #timing (236 236) ps polarity 1
net 462: (22 21)->(20 23) 1 3 0 0 #timing (391 367) ps polarity 0
net 462: (20 23)->(20 23) 5 0 1 0 #timing (496 570) ps polarity 1
net 462: (20 23)->(20 6) 13 1 1 0 #timing (1231 1031) ps polarity 0
net 462: (20 6)->(20 6) 5 0 1 1 #timing (1462 1273) ps  polarity 0
net 462: (20 6)->(20 4) 1 1 0 1 #timing (1654 1447) ps  polarity 0
net 462: (20 4)->(20 5) 0 1 0 1 #timing (1617 1813) ps  polarity 1
net 463: (23 14)->(22 15) 0 3 0 0 #timing (236 236) ps polarity 1
net 463: (22 15)->(22 15) 1 0 0 0 #timing (323 323) ps polarity 0
net 463: (22 15)->(22 15) 1 0 1 1 #timing (528 494) ps  polarity 1
net 463: (22 15)->(22 15) 0 0 0 1 #timing (602 633) ps  polarity 0
net 463: (22 15)->(22 11) 3 1 0 0 #timing (638 574) ps polarity 0
net 463: (22 11)->(22 11) 1 0 0 1 #timing (859 758) ps  polarity 1
net 463: (22 11)->(23 10) 0 3 0 1 #timing (888 976) ps  polarity 0
net 463: (22 15)->(20 15) 1 2 0 0 #timing (372 357) ps polarity 0
net 463: (20 15)->(24 15) 4 5 0 0 #timing (715 705) ps polarity 0
net 463: (24 15)->(24 11) 3 1 0 1 #timing (1162 1059) ps  polarity 0
net 463: (24 11)->(24 11) 1 0 0 1 #timing (1259 1163) ps  polarity 1
net 463: (24 11)->(25 10) 0 3 0 1 #timing (1293 1376) ps  polarity 0
net 464: (3 20)->(3 21) 0 1 0 0 #timing (192 192) ps polarity 1
net 464: (3 21)->(3 21) 1 0 0 0 #timing (274 276) ps polarity 0
net 464: (3 21)->(3 17) 3 1 0 0 #timing (552 499) ps polarity 0
net 464: (3 17)->(7 17) 4 2 0 0 #timing (856 789) ps polarity 0
net 464: (7 17)->(5 17) 1 2 0 1 #timing (1038 1061) ps  polarity 1
net 464: (5 17)->(4 16) 0 3 0 1 #timing (1157 1158) ps  polarity 0
net 468: (15 14)->(15 14) 0 0 0 0 #timing (185 185) ps polarity 1
net 468: (15 14)->(15 14) 1 0 0 0 #timing (261 264) ps polarity 0
net 468: (15 14)->(15 14) 5 0 0 0 #timing (366 380) ps polarity 1
net 468: (15 14)->(15 30) 13 1 0 0 #timing (1022 887) ps polarity 0
net 468: (15 30)->(15 30) 5 0 1 1 #timing (1261 1136) ps  polarity 0
net 468: (15 30)->(15 26) 3 1 0 1 #timing (1611 1415) ps  polarity 1
net 468: (15 26)->(15 26) 1 0 1 1 #timing (1704 1513) ps  polarity 0
net 468: (15 26)->(14 26) 0 2 0 1 #timing (1633 1816) ps  polarity 1
net 469: (15 19)->(14 19) 0 2 0 0 #timing (221 221) ps polarity 0
net 469: (14 19)->(14 19) 1 0 0 0 #timing (300 303) ps polarity 1
net 469: (14 19)->(14 23) 3 1 0 0 #timing (646 564) ps polarity 1
net 469: (14 23)->(10 23) 4 2 0 0 #timing (947 830) ps polarity 1
net 469: (10 23)->(10 27) 3 4 0 1 #timing (1252 1271) ps  polarity 1
net 469: (10 27)->(10 27) 1 0 0 1 #timing (1359 1381) ps  polarity 0
net 469: (10 27)->(11 26) 0 3 0 1 #timing (1538 1490) ps  polarity 1
net 470: (22 17)->(22 16) 0 1 0 0 #timing (201 201) ps polarity 1
net 470: (22 16)->(20 18) 1 3 0 0 #timing (380 345) ps polarity 0
net 470: (20 18)->(20 22) 3 1 0 0 #timing (699 718) ps polarity 0
net 470: (20 22)->(20 22) 5 0 0 0 #timing (819 851) ps polarity 1
net 470: (20 22)->(20 6) 13 1 0 0 #timing (1466 1317) ps polarity 0
net 470: (20 6)->(20 6) 5 0 0 1 #timing (1704 1566) ps  polarity 0
net 470: (20 6)->(22 4) 1 3 0 1 #timing (1936 1763) ps  polarity 0
net 470: (22 4)->(22 5) 0 1 0 1 #timing (1949 2132) ps  polarity 1
net 471: (3 23)->(3 22) 0 1 0 0 #timing (201 201) ps polarity 1
net 471: (3 22)->(3 20) 1 1 0 0 #timing (327 313) ps polarity 0
net 471: (3 20)->(7 20) 4 2 0 0 #timing (578 600) ps polarity 0
net 471: (7 20)->(11 20) 4 5 0 1 #timing (828 837) ps  polarity 0
net 471: (11 20)->(9 20) 1 2 0 1 #timing (1068 1037) ps  polarity 1
net 471: (9 20)->(8 21) 0 3 0 1 #timing (1206 1248) ps  polarity 0
net 472: (3 17)->(3 17) 0 0 0 0 #timing (156 156) ps polarity 1
net 472: (3 17)->(1 17) 1 2 0 0 #timing (296 276) ps polarity 0
net 472: (1 17)->(1 13) 3 4 0 0 #timing (549 559) ps polarity 0
net 472: (1 13)->(5 13) 4 2 0 0 #timing (868 850) ps polarity 0
net 472: (5 13)->(5 9) 3 1 0 1 #timing (1275 1195) ps  polarity 0
net 472: (5 9)->(7 11) 1 3 0 1 #timing (1437 1341) ps  polarity 1
net 472: (7 11)->(6 11) 0 2 0 1 #timing (1485 1601) ps  polarity 0
net 473: (12 23)->(12 22) 0 1 0 0 #timing (174 174) ps polarity 1
net 473: (12 22)->(14 20) 1 3 0 0 #timing (353 310) ps polarity 0
net 473: (14 20)->(14 24) 3 4 0 0 #timing (671 675) ps polarity 0
net 473: (14 24)->(14 28) 3 1 0 1 #timing (1088 995) ps  polarity 0
net 473: (14 28)->(14 28) 1 0 0 1 #timing (1187 1099) ps  polarity 1
net 473: (14 28)->(14 29) 0 1 0 1 #timing (1194 1283) ps  polarity 0
net 473: (14 28)->(15 29) 0 3 0 1 #timing (1237 1309) ps  polarity 0
net 473: (14 28)->(12 30) 1 3 0 1 #timing (1277 1155) ps  polarity 1
net 473: (12 30)->(13 30) 0 2 0 1 #timing (1296 1437) ps  polarity 0
net 473: (14 24)->(10 24) 4 2 0 0 #timing (990 958) ps polarity 0
net 473: (10 24)->(10 26) 1 1 0 1 #timing (1229 1211) ps  polarity 1
net 473: (10 26)->(11 27) 0 3 0 1 #timing (1341 1371) ps  polarity 0
net 474: (2 17)->(2 17) 0 0 0 0 #timing (161 161) ps polarity 1
net 474: (2 17)->(2 17) 1 0 0 0 #timing (236 239) ps polarity 0
net 474: (2 17)->(2 13) 3 4 0 0 #timing (501 456) ps polarity 0
net 474: (2 13)->(2 9) 3 1 0 1 #timing (923 778) ps  polarity 0
net 474: (2 9)->(2 11) 1 1 0 1 #timing (1062 910) ps  polarity 1
net 474: (2 11)->(2 10) 0 1 0 1 #timing (1049 1206) ps  polarity 0
net 475: (3 12)->(3 12) 0 0 0 0 #timing (184 184) ps polarity 0
net 475: (3 12)->(3 12) 1 0 0 0 #timing (256 262) ps polarity 1
net 475: (3 12)->(3 16) 3 4 0 0 #timing (547 491) ps polarity 1
net 475: (3 16)->(3 16) 5 0 0 0 #timing (670 629) ps polarity 0
net 475: (3 16)->(11 16) 5 2 0 1 #timing (1031 985) ps  polarity 1
net 475: (11 16)->(11 16) 1 0 0 1 #timing (1187 1203) ps  polarity 0
net 475: (11 16)->(10 17) 0 3 0 1 #timing (1367 1321) ps  polarity 1
net 475: (3 12)->(3 14) 1 1 0 0 #timing (286 283) ps polarity 1
net 475: (3 14)->(3 10) 3 1 0 0 #timing (573 552) ps polarity 1
net 475: (3 10)->(3 10) 1 0 1 1 #timing (792 733) ps  polarity 0
net 475: (3 10)->(2 10) 0 2 0 1 #timing (863 909) ps  polarity 1
net 475: (3 10)->(2 11) 0 3 0 1 #timing (896 925) ps  polarity 1
net 475: (3 12)->(2 12) 0 2 0 0 #timing (193 193) ps polarity 0
net 475: (2 12)->(0 12) 1 2 0 0 #timing (332 310) ps polarity 1
net 475: (0 12)->(0 16) 3 4 0 0 #timing (612 611) ps polarity 1
net 475: (0 16)->(4 16) 4 2 0 0 #timing (889 881) ps polarity 1
net 475: (4 16)->(4 16) 1 0 1 1 #timing (1088 1066) ps  polarity 0
net 475: (4 16)->(4 17) 0 1 0 1 #timing (1164 1185) ps  polarity 1
net 476: (22 17)->(22 17) 0 0 0 0 #timing (198 198) ps polarity 1
net 476: (22 17)->(20 17) 1 2 0 0 #timing (345 324) ps polarity 0
net 476: (20 17)->(20 21) 3 1 0 0 #timing (625 627) ps polarity 0
net 476: (20 21)->(24 21) 4 5 0 0 #timing (998 939) ps polarity 0
net 476: (24 21)->(24 21) 5 0 1 0 #timing (1129 1083) ps polarity 1
net 476: (24 21)->(24 4) 13 1 1 0 #timing (1800 1707) ps polarity 0
net 476: (24 4)->(16 12) 5 3 0 1 #timing (2515 2396) ps  polarity 0
net 476: (16 12)->(16 14) 1 1 0 1 #timing (2781 2635) ps  polarity 0
net 476: (16 14)->(16 15) 0 1 0 1 #timing (2805 2950) ps  polarity 1
net 477: (15 20)->(14 20) 0 2 0 0 #timing (193 193) ps polarity 1
net 477: (14 20)->(14 20) 1 0 0 0 #timing (277 278) ps polarity 0
net 477: (14 20)->(14 20) 5 0 1 0 #timing (383 399) ps polarity 1
net 477: (14 20)->(14 28) 5 1 0 1 #timing (729 743) ps  polarity 0
net 477: (14 28)->(12 28) 1 2 0 1 #timing (1008 937) ps  polarity 1
net 477: (12 28)->(13 28) 0 2 0 1 #timing (1067 1146) ps  polarity 0
net 478: (23 17)->(22 16) 0 3 0 0 #timing (222 222) ps polarity 1
net 478: (22 16)->(20 16) 1 2 0 0 #timing (343 335) ps polarity 0
net 478: (20 16)->(20 12) 3 4 0 0 #timing (632 620) ps polarity 0
net 478: (20 12)->(24 12) 4 5 0 1 #timing (1143 1007) ps  polarity 0
net 478: (24 12)->(24 8) 3 1 0 1 #timing (1457 1256) ps  polarity 0
net 478: (24 8)->(26 10) 1 3 0 1 #timing (1604 1394) ps  polarity 1
net 478: (26 10)->(26 11) 0 1 0 1 #timing (1519 1744) ps  polarity 0
net 479: (23 17)->(23 16) 0 1 0 0 #timing (227 227) ps polarity 1
net 479: (23 16)->(21 16) 1 2 0 0 #timing (346 335) ps polarity 0
net 479: (21 16)->(21 16) 1 0 0 1 #timing (561 527) ps  polarity 1
net 479: (21 16)->(20 17) 0 3 0 1 #timing (689 695) ps  polarity 0
net 481: (23 20)->(22 20) 0 2 0 0 #timing (214 214) ps polarity 1
net 481: (22 20)->(20 22) 1 3 0 0 #timing (373 350) ps polarity 0
net 481: (20 22)->(20 18) 3 1 0 0 #timing (662 676) ps polarity 0
net 481: (20 18)->(20 14) 3 4 0 1 #timing (1111 1008) ps  polarity 0
net 481: (20 14)->(20 14) 1 0 1 1 #timing (1206 1107) ps  polarity 1
net 481: (20 14)->(21 14) 0 2 0 1 #timing (1247 1329) ps  polarity 0
net 482: (3 17)->(2 17) 0 2 0 0 #timing (235 235) ps polarity 1
net 482: (2 17)->(0 17) 1 2 0 0 #timing (379 358) ps polarity 0
net 482: (0 17)->(4 17) 4 2 0 1 #timing (778 699) ps  polarity 0
net 482: (4 17)->(4 17) 1 0 0 1 #timing (968 866) ps  polarity 1
net 482: (4 17)->(4 16) 0 1 0 1 #timing (976 1074) ps  polarity 0
net 484: (14 20)->(14 20) 0 0 0 0 #timing (166 166) ps polarity 1
net 484: (14 20)->(14 22) 1 1 0 0 #timing (277 270) ps polarity 0
net 484: (14 22)->(14 26) 3 4 0 0 #timing (596 566) ps polarity 0
net 484: (14 26)->(10 26) 4 2 0 0 #timing (891 828) ps polarity 0
net 484: (10 26)->(10 26) 1 0 0 1 #timing (1039 1075) ps  polarity 1
net 484: (10 26)->(11 26) 0 2 0 1 #timing (1217 1164) ps  polarity 0
net 485: (17 25)->(16 24) 0 3 0 0 #timing (202 202) ps polarity 0
net 485: (16 24)->(16 26) 1 1 0 0 #timing (330 322) ps polarity 1
net 485: (16 26)->(16 30) 3 1 0 0 #timing (622 590) ps polarity 1
net 485: (16 30)->(12 30) 4 5 0 0 #timing (981 893) ps polarity 1
net 485: (12 30)->(12 28) 1 1 0 1 #timing (1140 1187) ps  polarity 0
net 485: (12 28)->(13 29) 0 3 0 1 #timing (1325 1285) ps  polarity 1
net 486: (20 2)->(21 3) 0 3 0 0 #timing (191 191) ps polarity 1
net 486: (21 3)->(23 1) 1 3 0 0 #timing (401 349) ps polarity 0
net 486: (23 1)->(23 5) 3 1 0 0 #timing (686 705) ps polarity 0
net 486: (23 5)->(19 5) 4 2 0 0 #timing (958 960) ps polarity 0
net 486: (19 5)->(19 9) 3 4 0 1 #timing (1389 1287) ps  polarity 0
net 486: (19 9)->(17 9) 1 2 0 1 #timing (1533 1420) ps  polarity 1
net 486: (17 9)->(16 9) 0 2 0 1 #timing (1560 1688) ps  polarity 0
net 487: (26 5)->(26 4) 0 1 0 0 #timing (161 161) ps polarity 1
net 487: (26 4)->(24 6) 1 3 0 0 #timing (304 282) ps polarity 0
net 487: (24 6)->(20 6) 4 5 0 0 #timing (623 627) ps polarity 0
net 487: (20 6)->(16 6) 4 2 0 1 #timing (903 887) ps  polarity 0
net 487: (16 6)->(16 10) 3 4 0 1 #timing (1185 1110) ps  polarity 0
net 487: (16 10)->(16 8) 1 1 0 1 #timing (1327 1245) ps  polarity 1
net 487: (16 8)->(16 9) 0 1 0 1 #timing (1353 1454) ps  polarity 0
net 488: (22 13)->(22 12) 0 1 0 0 #timing (392 392) ps polarity 0
net 488: (22 12)->(22 12) 1 0 0 0 #timing (494 492) ps polarity 1
net 488: (22 12)->(22 16) 3 4 0 0 #timing (837 760) ps polarity 1
net 488: (22 16)->(18 16) 4 2 0 0 #timing (1142 1033) ps polarity 1
net 488: (18 16)->(16 16) 1 2 0 1 #timing (1303 1367) ps  polarity 0
net 488: (16 16)->(16 17) 0 1 0 1 #timing (1478 1436) ps  polarity 1
net 489: (23 15)->(22 14) 0 3 0 0 #timing (410 410) ps polarity 0
net 489: (22 14)->(22 12) 1 1 0 0 #timing (533 525) ps polarity 1
net 489: (22 12)->(18 12) 4 2 0 0 #timing (813 799) ps polarity 1
net 489: (18 12)->(14 12) 4 5 0 1 #timing (1135 1090) ps  polarity 1
net 489: (14 12)->(14 16) 3 4 0 1 #timing (1422 1327) ps  polarity 1
net 489: (14 16)->(14 16) 1 0 1 1 #timing (1518 1427) ps  polarity 0
net 489: (14 16)->(14 17) 0 1 0 1 #timing (1525 1615) ps  polarity 1
net 501: (22 20)->(22 21) 0 1 0 0 #timing (189 189) ps polarity 1
net 501: (22 21)->(22 23) 1 1 0 0 #timing (317 302) ps polarity 0
net 501: (22 23)->(22 23) 5 0 1 0 #timing (419 470) ps polarity 1
net 501: (22 23)->(22 6) 13 1 1 0 #timing (1174 982) ps polarity 0
net 501: (22 6)->(22 6) 5 0 0 1 #timing (1411 1231) ps  polarity 0
net 501: (22 6)->(22 10) 3 4 0 1 #timing (1863 1574) ps  polarity 1
net 501: (22 10)->(22 8) 1 1 0 1 #timing (2013 1715) ps  polarity 0
net 501: (22 8)->(22 8) 0 0 0 1 #timing (1834 2147) ps  polarity 1
net 502: (14 13)->(14 13) 0 0 0 0 #timing (186 186) ps polarity 0
net 502: (14 13)->(14 15) 1 1 0 0 #timing (289 286) ps polarity 1
net 502: (14 15)->(18 15) 4 5 0 0 #timing (579 571) ps polarity 1
net 502: (18 15)->(18 15) 5 0 1 0 #timing (709 714) ps polarity 0
net 502: (18 15)->(18 30) 13 1 1 0 #timing (1291 1180) ps polarity 1
net 502: (18 30)->(18 30) 5 0 0 1 #timing (1528 1432) ps  polarity 1
net 502: (18 30)->(18 26) 3 1 0 1 #timing (1935 1745) ps  polarity 0
net 502: (18 26)->(18 26) 1 0 0 1 #timing (2032 1848) ps  polarity 1
net 502: (18 26)->(19 26) 0 2 0 1 #timing (1988 2156) ps  polarity 0
net 505: (14 7)->(15 7) 0 2 0 0 #timing (198 198) ps polarity 0
net 505: (15 7)->(15 5) 1 1 0 0 #timing (315 300) ps polarity 1
net 505: (15 5)->(15 5) 5 0 1 0 #timing (413 457) ps polarity 0
net 505: (15 5)->(15 20) 13 1 1 0 #timing (1059 900) ps polarity 1
net 505: (15 20)->(15 20) 5 0 0 1 #timing (1286 1140) ps  polarity 1
net 505: (15 20)->(15 20) 1 0 0 1 #timing (1429 1279) ps  polarity 1
net 505: (15 20)->(15 21) 0 1 0 1 #timing (1425 1554) ps  polarity 0
net 505: (15 20)->(11 20) 4 2 0 1 #timing (1597 1413) ps  polarity 0
net 505: (11 20)->(11 16) 3 1 0 1 #timing (1911 1658) ps  polarity 0
net 505: (11 16)->(9 16) 1 2 0 1 #timing (2085 1811) ps  polarity 1
net 505: (9 16)->(9 16) 0 0 0 1 #timing (1981 2264) ps  polarity 0
net 506: (15 7)->(14 7) 0 2 0 0 #timing (221 221) ps polarity 0
net 506: (14 7)->(12 5) 1 3 0 0 #timing (391 362) ps polarity 1
net 506: (12 5)->(12 5) 5 0 0 0 #timing (488 565) ps polarity 0
net 506: (12 5)->(12 21) 13 1 0 0 #timing (1183 987) ps polarity 1
net 506: (12 21)->(12 21) 5 0 0 1 #timing (1424 1239) ps  polarity 1
net 506: (12 21)->(14 21) 1 2 0 1 #timing (1603 1403) ps  polarity 1
net 506: (14 21)->(15 21) 0 2 0 1 #timing (1528 1747) ps  polarity 0
net 506: (12 5)->(12 20) 13 1 1 0 #timing (1208 1006) ps polarity 1
net 506: (12 20)->(12 20) 5 0 0 1 #timing (1464 1277) ps  polarity 1
net 506: (12 20)->(8 20) 4 2 0 1 #timing (1740 1531) ps  polarity 0
net 506: (8 20)->(8 16) 3 1 0 1 #timing (2129 1836) ps  polarity 0
net 506: (8 16)->(8 18) 1 1 0 1 #timing (2279 1976) ps  polarity 1
net 506: (8 18)->(9 18) 0 2 0 1 #timing (2087 2407) ps  polarity 0
net 507: (19 15)->(19 15) 0 0 0 0 #timing (178 178) ps polarity 0
net 507: (19 15)->(19 15) 1 0 0 0 #timing (251 257) ps polarity 1
net 507: (19 15)->(15 15) 4 5 0 0 #timing (515 478) ps polarity 1
net 507: (15 15)->(15 15) 1 0 1 1 #timing (681 691) ps  polarity 0
net 507: (15 15)->(14 15) 0 2 0 1 #timing (813 795) ps  polarity 1
net 507: (19 15)->(19 13) 1 1 0 0 #timing (291 284) ps polarity 1
net 507: (19 13)->(19 13) 1 0 1 1 #timing (506 472) ps  polarity 0
net 507: (19 13)->(18 13) 0 2 0 1 #timing (603 624) ps  polarity 1
net 508: (9 9)->(9 9) 0 0 0 0 #timing (147 147) ps polarity 0
net 508: (9 9)->(11 11) 1 3 0 0 #timing (302 275) ps polarity 1
net 508: (11 11)->(9 9) 1 3 0 1 #timing (656 578) ps  polarity 0
net 508: (9 9)->(8 8) 0 3 0 1 #timing (726 830) ps  polarity 1
net 508: (11 11)->(15 11) 4 2 0 0 #timing (628 660) ps polarity 1
net 508: (15 11)->(19 11) 4 5 0 1 #timing (980 942) ps  polarity 1
net 508: (19 11)->(17 11) 1 2 0 1 #timing (1206 1132) ps  polarity 0
net 508: (17 11)->(17 10) 0 1 0 1 #timing (1268 1358) ps  polarity 1
net 508: (11 11)->(7 11) 4 5 0 0 #timing (667 690) ps polarity 1
net 508: (7 11)->(7 15) 3 1 0 1 #timing (1128 1009) ps  polarity 1
net 508: (7 15)->(5 13) 1 3 0 1 #timing (1314 1175) ps  polarity 0
net 508: (5 13)->(4 13) 0 2 0 1 #timing (1273 1444) ps  polarity 1
net 509: (4 13)->(4 12) 0 1 0 0 #timing (189 189) ps polarity 0
net 509: (4 12)->(4 14) 1 1 0 0 #timing (313 307) ps polarity 1
net 509: (4 14)->(4 10) 3 1 0 0 #timing (589 570) ps polarity 1
net 509: (4 10)->(4 10) 5 0 1 0 #timing (723 715) ps polarity 0
net 509: (4 10)->(12 10) 5 2 0 1 #timing (1092 1077) ps  polarity 1
net 509: (12 10)->(16 10) 4 5 0 1 #timing (1412 1342) ps  polarity 1
net 509: (16 10)->(16 10) 1 0 1 1 #timing (1598 1504) ps  polarity 0
net 509: (16 10)->(17 10) 0 2 0 1 #timing (1623 1709) ps  polarity 1
net 511: (18 3)->(18 2) 0 1 0 0 #timing (198 198) ps polarity 0
net 511: (18 2)->(16 0) 1 3 0 0 #timing (374 340) ps polarity 1
net 511: (16 0)->(18 0) 1 2 0 1 #timing (662 585) ps  polarity 0
net 511: (18 0)->(18 1) 0 1 0 1 #timing (756 840) ps  polarity 1
net 515: (18 24)->(18 25) 0 1 0 0 #timing (199 199) ps polarity 0
net 515: (18 25)->(16 27) 1 3 0 0 #timing (369 336) ps polarity 1
net 515: (16 27)->(16 25) 1 1 0 1 #timing (662 598) ps  polarity 0
net 515: (16 25)->(17 24) 0 3 0 1 #timing (763 818) ps  polarity 1
net 516: (6 14)->(7 14) 0 2 0 0 #timing (201 201) ps polarity 1
net 516: (7 14)->(7 14) 1 0 0 0 #timing (285 286) ps polarity 0
net 516: (7 14)->(7 18) 3 4 0 0 #timing (667 583) ps polarity 0
net 516: (7 18)->(7 18) 5 0 1 0 #timing (798 728) ps polarity 1
net 516: (7 18)->(7 3) 13 1 1 0 #timing (1407 1350) ps polarity 0
net 516: (7 3)->(7 11) 5 1 0 1 #timing (1944 1875) ps  polarity 1
net 516: (7 11)->(5 9) 1 3 0 1 #timing (2173 2180) ps  polarity 0
net 516: (5 9)->(4 9) 0 2 0 1 #timing (2294 2319) ps  polarity 1
net 516: (7 14)->(11 14) 4 5 0 1 #timing (788 666) ps  polarity 0
net 516: (11 14)->(11 14) 1 0 1 1 #timing (986 835) ps  polarity 1
net 516: (11 14)->(11 14) 0 0 0 1 #timing (968 1105) ps  polarity 0
net 517: (10 9)->(11 9) 0 2 0 0 #timing (203 203) ps polarity 0
net 517: (11 9)->(9 11) 1 3 0 0 #timing (351 335) ps polarity 1
net 517: (9 11)->(9 15) 3 1 0 1 #timing (851 743) ps  polarity 1
net 517: (9 15)->(11 15) 1 2 0 1 #timing (1052 918) ps  polarity 0
net 517: (11 15)->(11 14) 0 1 0 1 #timing (1041 1197) ps  polarity 1
net 517: (9 11)->(5 11) 4 5 0 0 #timing (689 699) ps polarity 1
net 517: (5 11)->(5 11) 1 0 1 1 #timing (912 874) ps  polarity 0
net 517: (5 11)->(4 11) 0 2 0 1 #timing (1006 1031) ps  polarity 1
net 517: (5 11)->(5 11) 5 0 1 0 #timing (836 862) ps polarity 0
net 517: (5 11)->(5 26) 13 1 1 0 #timing (1433 1303) ps polarity 1
net 517: (5 26)->(5 26) 5 0 0 1 #timing (1688 1570) ps  polarity 1
net 517: (5 26)->(5 22) 3 4 0 1 #timing (2080 1872) ps  polarity 0
net 517: (5 22)->(7 20) 1 3 0 1 #timing (2276 2037) ps  polarity 1
net 517: (7 20)->(7 20) 0 0 0 1 #timing (2206 2451) ps  polarity 0
net 519: (11 15)->(11 14) 0 1 0 0 #timing (190 190) ps polarity 0
net 519: (11 14)->(11 14) 1 0 0 0 #timing (272 271) ps polarity 1
net 519: (11 14)->(11 12) 1 1 0 1 #timing (518 472) ps  polarity 0
net 519: (11 12)->(10 13) 0 3 0 1 #timing (629 675) ps  polarity 1
net 519: (11 14)->(11 18) 3 4 0 0 #timing (555 506) ps polarity 1
net 519: (11 18)->(7 18) 4 5 0 0 #timing (926 825) ps polarity 1
net 519: (7 18)->(7 18) 1 0 0 1 #timing (1031 1104) ps  polarity 0
net 519: (7 18)->(6 19) 0 3 0 1 #timing (1262 1163) ps  polarity 1
net 519: (11 15)->(10 14) 0 3 0 0 #timing (199 199) ps polarity 0
net 519: (10 14)->(10 14) 1 0 0 0 #timing (291 290) ps polarity 1
net 519: (10 14)->(10 14) 5 0 0 0 #timing (392 410) ps polarity 0
net 519: (10 14)->(2 14) 5 2 0 1 #timing (783 789) ps  polarity 1
net 519: (2 14)->(2 14) 1 0 0 1 #timing (990 952) ps  polarity 0
net 519: (2 14)->(3 15) 0 3 0 1 #timing (1067 1099) ps  polarity 1
net 520: (2 14)->(2 14) 0 0 0 0 #timing (163 163) ps polarity 1
net 520: (2 14)->(2 14) 1 0 0 0 #timing (239 242) ps polarity 0
net 520: (2 14)->(6 14) 4 2 0 0 #timing (509 485) ps polarity 0
net 520: (6 14)->(6 14) 1 0 1 1 #timing (699 690) ps  polarity 1
net 520: (6 14)->(7 15) 0 3 0 1 #timing (806 808) ps  polarity 0
net 520: (2 14)->(3 15) 0 3 0 0 #timing (191 191) ps polarity 1
net 520: (3 15)->(3 13) 1 1 0 0 #timing (330 312) ps polarity 0
net 520: (3 13)->(3 15) 1 1 0 1 #timing (590 534) ps  polarity 1
net 520: (3 15)->(3 15) 0 0 0 1 #timing (657 725) ps  polarity 0
net 521: (8 12)->(9 12) 0 2 0 0 #timing (221 221) ps polarity 0
net 521: (9 12)->(9 14) 1 1 0 0 #timing (337 330) ps polarity 1
net 521: (9 14)->(9 14) 5 0 0 0 #timing (444 486) ps polarity 0
net 521: (9 14)->(1 14) 5 2 0 1 #timing (773 821) ps  polarity 1
net 521: (1 14)->(3 14) 1 2 0 1 #timing (1112 1000) ps  polarity 0
net 521: (3 14)->(3 15) 0 1 0 1 #timing (1123 1246) ps  polarity 1
net 523: (4 10)->(4 11) 0 1 0 0 #timing (195 195) ps polarity 0
net 523: (4 11)->(4 9) 1 1 0 0 #timing (325 306) ps polarity 1
net 523: (4 9)->(4 11) 1 1 0 1 #timing (589 529) ps  polarity 0
net 523: (4 11)->(5 11) 0 2 0 1 #timing (652 727) ps  polarity 1
net 523: (4 9)->(4 9) 5 0 1 0 #timing (418 467) ps polarity 0
net 523: (4 9)->(4 24) 13 1 1 0 #timing (1086 919) ps polarity 1
net 523: (4 24)->(4 16) 5 1 0 1 #timing (1512 1333) ps  polarity 0
net 523: (4 16)->(8 16) 4 5 0 1 #timing (1865 1605) ps  polarity 0
net 523: (8 16)->(10 18) 1 3 0 1 #timing (2124 1816) ps  polarity 1
net 523: (10 18)->(11 18) 0 2 0 1 #timing (1930 2260) ps  polarity 0
net 528: (28 22)->(28 22) 0 0 0 0 #timing (649 649) ps polarity 1
net 528: (28 22)->(30 20) 1 3 0 0 #timing (827 790) ps polarity 0
net 528: (30 20)->(28 22) 1 3 0 1 #timing (1149 1062) ps  polarity 1
net 528: (28 22)->(28 22) 0 0 0 1 #timing (1183 1302) ps  polarity 0
net 528: (30 20)->(30 24) 3 4 0 0 #timing (1150 1152) ps polarity 0
net 528: (30 24)->(30 24) 5 0 1 0 #timing (1279 1296) ps polarity 1
net 528: (30 24)->(30 8) 13 1 0 0 #timing (1965 1822) ps polarity 0
net 528: (30 8)->(30 8) 5 0 0 1 #timing (2195 2064) ps  polarity 0
net 528: (30 8)->(26 8) 4 2 0 1 #timing (2546 2360) ps  polarity 1
net 528: (26 8)->(26 10) 1 1 0 1 #timing (2775 2553) ps  polarity 0
net 528: (26 10)->(26 10) 0 0 0 1 #timing (2668 2904) ps  polarity 1
net 529: (29 22)->(29 22) 0 0 0 0 #timing (637 637) ps polarity 1
net 529: (29 22)->(31 22) 1 2 0 0 #timing (770 754) ps polarity 0
net 529: (31 22)->(31 22) 5 0 0 0 #timing (870 920) ps polarity 1
net 529: (31 22)->(31 6) 13 1 0 0 #timing (1568 1395) ps polarity 0
net 529: (31 6)->(31 6) 5 0 0 1 #timing (1792 1629) ps  polarity 0
net 529: (31 6)->(27 6) 4 2 0 1 #timing (2102 1903) ps  polarity 1
net 529: (27 6)->(27 10) 3 4 0 1 #timing (2399 2145) ps  polarity 1
net 529: (27 10)->(27 10) 1 0 0 1 #timing (2499 2249) ps  polarity 0
net 529: (27 10)->(26 10) 0 2 0 1 #timing (2378 2616) ps  polarity 1
net 529: (29 22)->(31 20) 1 3 0 0 #timing (792 766) ps polarity 0
net 529: (31 20)->(29 22) 1 3 0 1 #timing (1118 1040) ps  polarity 1
net 529: (29 22)->(29 22) 0 0 0 1 #timing (1161 1273) ps  polarity 0
net 530: (28 21)->(28 21) 0 0 0 0 #timing (726 726) ps polarity 1
net 530: (28 21)->(28 23) 1 1 0 0 #timing (837 831) ps polarity 0
net 530: (28 23)->(28 27) 3 4 0 0 #timing (1152 1121) ps polarity 0
net 530: (28 27)->(24 27) 4 2 0 0 #timing (1416 1370) ps polarity 0
net 530: (24 27)->(24 27) 5 0 0 0 #timing (1541 1514) ps polarity 1
net 530: (24 27)->(24 11) 13 1 0 0 #timing (2196 2090) ps polarity 0
net 530: (24 11)->(24 11) 5 0 0 1 #timing (2429 2334) ps  polarity 0
net 530: (24 11)->(26 11) 1 2 0 1 #timing (2599 2490) ps  polarity 0
net 530: (26 11)->(26 10) 0 1 0 1 #timing (2593 2710) ps  polarity 1
net 530: (28 21)->(29 20) 0 3 0 0 #timing (743 743) ps polarity 1
net 530: (29 20)->(29 20) 1 0 0 0 #timing (831 832) ps polarity 0
net 530: (29 20)->(29 20) 1 0 1 1 #timing (1035 1003) ps  polarity 1
net 530: (29 20)->(28 21) 0 3 0 1 #timing (1151 1160) ps  polarity 0
net 531: (29 21)->(29 21) 0 0 0 0 #timing (686 686) ps polarity 1
net 531: (29 21)->(31 23) 1 3 0 0 #timing (821 805) ps polarity 0
net 531: (31 23)->(29 21) 1 3 0 1 #timing (1130 1066) ps  polarity 1
net 531: (29 21)->(29 21) 0 0 0 1 #timing (1186 1282) ps  polarity 0
net 531: (31 23)->(31 23) 5 0 0 0 #timing (926 988) ps polarity 1
net 531: (31 23)->(31 7) 13 1 0 0 #timing (1607 1431) ps polarity 0
net 531: (31 7)->(31 7) 5 0 0 1 #timing (1823 1659) ps  polarity 0
net 531: (31 7)->(27 7) 4 2 0 1 #timing (2153 1944) ps  polarity 1
net 531: (27 7)->(27 11) 3 4 0 1 #timing (2443 2169) ps  polarity 1
net 531: (27 11)->(27 11) 1 0 1 1 #timing (2541 2271) ps  polarity 0
net 531: (27 11)->(26 10) 0 3 0 1 #timing (2394 2654) ps  polarity 1
net 532: (15 16)->(15 17) 0 1 0 0 #timing (190 190) ps polarity 0
net 532: (15 17)->(15 19) 1 1 0 0 #timing (309 294) ps polarity 1
net 532: (15 19)->(19 19) 4 5 0 0 #timing (609 598) ps polarity 1
net 532: (19 19)->(19 19) 5 0 0 0 #timing (728 734) ps polarity 0
net 532: (19 19)->(27 19) 5 2 0 1 #timing (1105 1097) ps  polarity 1
net 532: (27 19)->(27 15) 3 4 0 1 #timing (1491 1407) ps  polarity 1
net 532: (27 15)->(27 13) 1 1 0 1 #timing (1626 1537) ps  polarity 0
net 532: (27 13)->(27 12) 0 1 0 1 #timing (1660 1759) ps  polarity 1
net 533: (3 15)->(3 14) 0 1 0 0 #timing (448 448) ps polarity 0
net 533: (3 14)->(1 12) 1 3 0 0 #timing (643 598) ps polarity 1
net 533: (1 12)->(1 16) 3 4 0 0 #timing (903 937) ps polarity 1
net 533: (1 16)->(5 16) 4 2 0 0 #timing (1237 1236) ps polarity 1
net 533: (5 16)->(5 20) 3 1 0 1 #timing (1630 1543) ps  polarity 1
net 533: (5 20)->(5 20) 1 0 0 1 #timing (1730 1648) ps  polarity 0
net 533: (5 20)->(4 21) 0 3 0 1 #timing (1793 1854) ps  polarity 1
net 534: (4 19)->(4 18) 0 1 0 0 #timing (189 189) ps polarity 0
net 534: (4 18)->(4 18) 1 0 0 0 #timing (278 281) ps polarity 1
net 534: (4 18)->(4 18) 1 0 1 1 #timing (482 451) ps  polarity 0
net 534: (4 18)->(5 19) 0 3 0 1 #timing (568 591) ps  polarity 1
net 536: (29 28)->(29 28) 0 0 0 0 #timing (637 637) ps polarity 1
net 536: (29 28)->(29 28) 1 0 0 0 #timing (708 714) ps polarity 0
net 536: (29 28)->(29 28) 1 0 1 1 #timing (911 884) ps  polarity 1
net 536: (29 28)->(29 28) 0 0 0 1 #timing (1032 1038) ps  polarity 0
net 536: (29 28)->(28 28) 0 2 0 0 #timing (643 643) ps polarity 1
net 536: (28 28)->(28 28) 1 0 0 0 #timing (720 724) ps polarity 0
net 536: (28 28)->(24 28) 4 2 0 0 #timing (971 943) ps polarity 0
net 536: (24 28)->(24 28) 5 0 1 0 #timing (1102 1094) ps polarity 1
net 536: (24 28)->(24 13) 13 1 1 0 #timing (1769 1648) ps polarity 0
net 536: (24 13)->(24 13) 5 0 0 1 #timing (1990 1882) ps  polarity 0
net 536: (24 13)->(26 13) 1 2 0 1 #timing (2155 2035) ps  polarity 0
net 536: (26 13)->(27 12) 0 3 0 1 #timing (2175 2284) ps  polarity 1
net 537: (28 27)->(28 27) 0 0 0 0 #timing (726 726) ps polarity 1
net 537: (28 27)->(30 25) 1 3 0 0 #timing (894 862) ps polarity 0
net 537: (30 25)->(28 27) 1 3 0 1 #timing (1210 1134) ps  polarity 1
net 537: (28 27)->(28 27) 0 0 0 1 #timing (1251 1355) ps  polarity 0
net 537: (30 25)->(30 25) 5 0 0 0 #timing (990 1072) ps polarity 1
net 537: (30 25)->(30 9) 13 1 0 0 #timing (1751 1536) ps polarity 0
net 537: (30 9)->(30 9) 5 0 0 1 #timing (1981 1776) ps  polarity 0
net 537: (30 9)->(26 9) 4 2 0 1 #timing (2335 2076) ps  polarity 1
net 537: (26 9)->(26 11) 1 1 0 1 #timing (2569 2271) ps  polarity 0
net 537: (26 11)->(27 11) 0 2 0 1 #timing (2393 2703) ps  polarity 1
net 538: (29 27)->(29 27) 0 0 0 0 #timing (686 686) ps polarity 1
net 538: (29 27)->(29 25) 1 1 0 0 #timing (824 806) ps polarity 0
net 538: (29 25)->(29 25) 5 0 0 0 #timing (918 970) ps polarity 1
net 538: (29 25)->(29 9) 13 1 0 0 #timing (1583 1420) ps polarity 0
net 538: (29 9)->(29 9) 5 0 0 1 #timing (1810 1658) ps  polarity 0
net 538: (29 9)->(25 9) 4 2 0 1 #timing (2155 1959) ps  polarity 1
net 538: (25 9)->(27 11) 1 3 0 1 #timing (2424 2175) ps  polarity 0
net 538: (27 11)->(27 11) 0 0 0 1 #timing (2297 2593) ps  polarity 1
net 538: (29 27)->(31 25) 1 3 0 0 #timing (847 821) ps polarity 0
net 538: (31 25)->(29 27) 1 3 0 1 #timing (1158 1080) ps  polarity 1
net 538: (29 27)->(29 27) 0 0 0 1 #timing (1205 1315) ps  polarity 0
net 539: (26 10)->(27 10) 0 2 0 0 #timing (201 201) ps polarity 0
net 539: (27 10)->(25 8) 1 3 0 0 #timing (359 335) ps polarity 1
net 539: (25 8)->(27 10) 1 3 0 1 #timing (713 620) ps  polarity 0
net 539: (27 10)->(27 11) 0 1 0 1 #timing (773 900) ps  polarity 1
net 540: (27 10)->(26 10) 0 2 0 0 #timing (190 190) ps polarity 0
net 540: (26 10)->(26 10) 1 0 0 0 #timing (267 271) ps polarity 1
net 540: (26 10)->(26 10) 1 0 1 1 #timing (472 443) ps  polarity 0
net 540: (26 10)->(27 11) 0 3 0 1 #timing (585 596) ps  polarity 1
net 541: (18 13)->(18 13) 0 0 0 0 #timing (186 186) ps polarity 0
net 541: (18 13)->(18 13) 1 0 0 0 #timing (258 263) ps polarity 1
net 541: (18 13)->(14 13) 4 5 0 0 #timing (590 526) ps polarity 1
net 541: (14 13)->(14 13) 5 0 0 0 #timing (716 670) ps polarity 0
net 541: (14 13)->(6 5) 5 3 0 1 #timing (1373 1315) ps  polarity 0
net 541: (6 5)->(6 7) 1 1 0 1 #timing (1591 1510) ps  polarity 0
net 541: (6 7)->(6 7) 0 0 0 1 #timing (1651 1741) ps  polarity 1
net 541: (18 13)->(18 15) 1 1 0 0 #timing (288 285) ps polarity 1
net 541: (18 15)->(18 15) 1 0 0 1 #timing (509 482) ps  polarity 0
net 541: (18 15)->(19 15) 0 2 0 1 #timing (593 617) ps  polarity 1
net 541: (18 13)->(18 12) 0 1 0 0 #timing (189 189) ps polarity 0
net 541: (18 12)->(18 14) 1 1 0 0 #timing (303 296) ps polarity 1
net 541: (18 14)->(18 14) 1 0 1 1 #timing (529 499) ps  polarity 0
net 541: (18 14)->(18 14) 0 0 0 1 #timing (604 630) ps  polarity 1
net 541: (18 12)->(16 12) 1 2 0 0 #timing (327 310) ps polarity 1
net 541: (16 12)->(16 8) 3 1 0 0 #timing (584 589) ps polarity 1
net 541: (16 8)->(16 8) 1 0 1 1 #timing (797 766) ps  polarity 0
net 541: (16 8)->(17 9) 0 3 0 1 #timing (882 906) ps  polarity 1
net 541: (16 8)->(12 8) 4 5 0 0 #timing (944 895) ps polarity 1
net 541: (12 8)->(14 8) 1 2 0 1 #timing (1139 1150) ps  polarity 0
net 541: (14 8)->(14 9) 0 1 0 1 #timing (1287 1289) ps  polarity 1
net 542: (22 26)->(22 27) 0 1 0 0 #timing (209 209) ps polarity 1
net 542: (22 27)->(22 27) 1 0 0 0 #timing (299 296) ps polarity 0
net 542: (22 27)->(22 27) 5 0 1 0 #timing (402 421) ps polarity 1
net 542: (22 27)->(22 19) 5 1 0 1 #timing (761 781) ps  polarity 0
net 542: (22 19)->(22 15) 3 4 0 1 #timing (1312 1154) ps  polarity 0
net 542: (22 15)->(20 15) 1 2 0 1 #timing (1478 1305) ps  polarity 1
net 542: (20 15)->(20 15) 0 0 0 1 #timing (1424 1610) ps  polarity 0
net 547: (18 18)->(18 18) 0 0 0 0 #timing (191 191) ps polarity 0
net 547: (18 18)->(18 18) 1 0 0 0 #timing (262 266) ps polarity 1
net 547: (18 18)->(18 16) 1 1 0 1 #timing (511 468) ps  polarity 0
net 547: (18 16)->(19 17) 0 3 0 1 #timing (601 661) ps  polarity 1
net 547: (18 18)->(18 14) 3 4 0 0 #timing (518 475) ps polarity 1
net 547: (18 14)->(18 14) 5 0 0 0 #timing (639 611) ps polarity 0
net 547: (18 14)->(26 14) 5 2 0 1 #timing (1031 985) ps  polarity 1
net 547: (26 14)->(24 14) 1 2 0 1 #timing (1238 1231) ps  polarity 0
net 547: (24 14)->(25 15) 0 3 0 1 #timing (1351 1357) ps  polarity 1
net 547: (18 18)->(18 18) 5 0 0 0 #timing (368 381) ps polarity 0
net 547: (18 18)->(18 3) 13 1 1 0 #timing (1057 913) ps polarity 1
net 547: (18 3)->(18 11) 5 1 0 1 #timing (1483 1325) ps  polarity 0
net 547: (18 11)->(18 11) 1 0 1 1 #timing (1533 1657) ps  polarity 1
net 547: (18 11)->(18 11) 0 0 0 1 #timing (1783 1649) ps  polarity 0
net 548: (6 9)->(6 9) 0 0 0 0 #timing (204 204) ps polarity 0
net 548: (6 9)->(6 11) 1 1 0 0 #timing (322 312) ps polarity 1
net 548: (6 11)->(6 15) 3 1 0 0 #timing (666 614) ps polarity 1
net 548: (6 15)->(6 15) 5 0 0 0 #timing (799 757) ps polarity 0
net 548: (6 15)->(14 15) 5 2 0 1 #timing (1142 1098) ps  polarity 1
net 548: (14 15)->(18 15) 4 5 0 1 #timing (1451 1354) ps  polarity 1
net 548: (18 15)->(18 19) 3 4 0 1 #timing (1727 1582) ps  polarity 1
net 548: (18 19)->(16 19) 1 2 0 1 #timing (1885 1725) ps  polarity 0
net 548: (16 19)->(17 19) 0 2 0 1 #timing (1830 2005) ps  polarity 1
net 548: (6 11)->(6 7) 3 4 0 0 #timing (615 587) ps polarity 1
net 548: (6 7)->(6 7) 1 0 1 1 #timing (829 765) ps  polarity 0
net 548: (6 7)->(7 7) 0 2 0 1 #timing (882 941) ps  polarity 1
net 548: (6 9)->(7 9) 0 2 0 0 #timing (207 207) ps polarity 0
net 548: (7 9)->(5 9) 1 2 0 0 #timing (339 324) ps polarity 1
net 548: (5 9)->(5 9) 5 0 0 0 #timing (438 485) ps polarity 0
net 548: (5 9)->(20 9) 13 2 1 0 #timing (1107 938) ps polarity 1
net 548: (20 9)->(20 9) 5 0 1 1 #timing (1351 1195) ps  polarity 1
net 548: (20 9)->(20 13) 3 1 0 1 #timing (1678 1464) ps  polarity 0
net 548: (20 13)->(20 13) 1 0 1 1 #timing (1775 1566) ps  polarity 1
net 548: (20 13)->(21 12) 0 3 0 1 #timing (1689 1886) ps  polarity 0
net 548: (20 13)->(22 13) 1 2 0 1 #timing (1819 1597) ps  polarity 1
net 548: (22 13)->(23 12) 0 3 0 1 #timing (1740 1980) ps  polarity 0
net 548: (20 9)->(20 5) 3 4 0 1 #timing (1766 1511) ps  polarity 0
net 548: (20 5)->(20 7) 1 1 0 1 #timing (1905 1644) ps  polarity 1
net 548: (20 7)->(21 7) 0 2 0 1 #timing (1797 2063) ps  polarity 0
net 548: (20 9)->(20 1) 5 1 0 1 #timing (1565 1380) ps  polarity 0
net 548: (20 1)->(20 1) 1 0 1 1 #timing (1585 1735) ps  polarity 1
net 548: (20 1)->(21 1) 0 2 0 1 #timing (1831 1683) ps  polarity 0
net 548: (20 1)->(22 1) 1 2 0 1 #timing (1628 1766) ps  polarity 1
net 548: (22 1)->(23 1) 0 2 0 1 #timing (1877 1761) ps  polarity 0
net 548: (20 9)->(28 1) 5 3 0 1 #timing (1808 1620) ps  polarity 1
net 548: (28 1)->(24 1) 4 2 0 1 #timing (1900 2086) ps  polarity 0
net 548: (24 1)->(26 1) 1 2 0 1 #timing (2130 2278) ps  polarity 1
net 548: (26 1)->(27 1) 0 2 0 1 #timing (2399 2252) ps  polarity 0
net 549: (2 23)->(2 23) 0 0 0 0 #timing (161 161) ps polarity 1
net 549: (2 23)->(0 21) 1 3 0 0 #timing (330 296) ps polarity 0
net 549: (0 21)->(0 17) 3 1 0 0 #timing (584 606) ps polarity 0
net 549: (0 17)->(4 17) 4 2 0 0 #timing (854 871) ps polarity 0
net 549: (4 17)->(4 17) 1 0 1 1 #timing (1078 1031) ps  polarity 1
net 549: (4 17)->(4 17) 0 0 0 1 #timing (1159 1196) ps  polarity 0
net 550: (18 14)->(18 14) 0 0 0 0 #timing (166 166) ps polarity 1
net 550: (18 14)->(18 12) 1 1 0 0 #timing (292 278) ps polarity 0
net 550: (18 12)->(18 8) 3 1 0 0 #timing (549 533) ps polarity 0
net 550: (18 8)->(18 10) 1 1 0 1 #timing (809 743) ps  polarity 1
net 550: (18 10)->(19 10) 0 2 0 1 #timing (893 959) ps  polarity 0
net 550: (18 14)->(18 15) 0 1 0 0 #timing (183 183) ps polarity 1
net 550: (18 15)->(16 15) 1 2 0 0 #timing (316 299) ps polarity 0
net 550: (16 15)->(16 11) 3 1 0 1 #timing (733 631) ps  polarity 0
net 550: (16 11)->(16 11) 1 0 0 1 #timing (826 732) ps  polarity 1
net 550: (16 11)->(16 11) 0 0 0 1 #timing (860 944) ps  polarity 0
net 550: (16 15)->(20 15) 4 2 0 0 #timing (569 594) ps polarity 0
net 550: (20 15)->(20 15) 1 0 1 1 #timing (797 743) ps  polarity 1
net 550: (20 15)->(21 15) 0 2 0 1 #timing (854 904) ps  polarity 0
net 551: (22 2)->(22 2) 0 0 0 0 #timing (178 178) ps polarity 1
net 551: (22 2)->(20 2) 1 2 0 0 #timing (323 303) ps polarity 0
net 551: (20 2)->(20 2) 5 0 0 0 #timing (422 482) ps polarity 1
net 551: (20 2)->(20 10) 5 1 0 1 #timing (757 822) ps  polarity 0
net 551: (20 10)->(20 14) 3 1 0 1 #timing (1231 1070) ps  polarity 0
net 551: (20 14)->(20 14) 1 0 0 1 #timing (1328 1173) ps  polarity 1
net 551: (20 14)->(21 15) 0 3 0 1 #timing (1288 1436) ps  polarity 0
net 551: (20 10)->(16 10) 4 2 0 1 #timing (1019 1053) ps  polarity 0
net 551: (16 10)->(16 14) 3 1 0 1 #timing (1286 1271) ps  polarity 0
net 551: (16 14)->(18 14) 1 2 0 1 #timing (1444 1415) ps  polarity 1
net 551: (18 14)->(19 15) 0 3 0 1 #timing (1548 1595) ps  polarity 0
net 551: (22 2)->(20 0) 1 3 0 0 #timing (359 322) ps polarity 0
net 551: (20 0)->(20 4) 3 1 0 0 #timing (626 646) ps polarity 0
net 551: (20 4)->(16 4) 4 2 0 0 #timing (973 941) ps polarity 0
net 551: (16 4)->(16 8) 3 4 0 1 #timing (1385 1310) ps  polarity 0
net 551: (16 8)->(16 10) 1 1 0 1 #timing (1531 1448) ps  polarity 1
net 551: (16 10)->(16 11) 0 1 0 1 #timing (1578 1672) ps  polarity 0
net 551: (22 2)->(22 3) 0 1 0 0 #timing (189 189) ps polarity 1
net 551: (22 3)->(20 3) 1 2 0 0 #timing (347 322) ps polarity 0
net 551: (20 3)->(20 3) 5 0 0 0 #timing (445 515) ps polarity 1
net 551: (20 3)->(20 11) 5 1 0 1 #timing (780 854) ps  polarity 0
net 551: (20 11)->(16 11) 4 2 0 1 #timing (1038 1082) ps  polarity 0
net 551: (16 11)->(16 9) 1 1 0 1 #timing (1286 1287) ps  polarity 1
net 551: (16 9)->(17 9) 0 2 0 1 #timing (1434 1434) ps  polarity 0
net 552: (18 21)->(19 21) 0 2 0 0 #timing (203 203) ps polarity 0
net 552: (19 21)->(19 21) 1 0 0 0 #timing (282 285) ps polarity 1
net 552: (19 21)->(19 17) 3 1 0 0 #timing (560 507) ps polarity 1
net 552: (19 17)->(23 17) 4 2 0 1 #timing (921 812) ps  polarity 1
net 552: (23 17)->(23 13) 3 4 0 1 #timing (1279 1106) ps  polarity 1
net 552: (23 13)->(21 13) 1 2 0 1 #timing (1421 1244) ps  polarity 0
net 552: (21 13)->(21 13) 0 0 0 1 #timing (1352 1548) ps  polarity 1
net 553: (26 2)->(26 2) 0 0 0 0 #timing (163 163) ps polarity 1
net 553: (26 2)->(26 2) 1 0 0 0 #timing (239 241) ps polarity 0
net 553: (26 2)->(26 2) 5 0 0 0 #timing (343 357) ps polarity 1
net 553: (26 2)->(26 10) 5 1 0 1 #timing (666 687) ps  polarity 0
net 553: (26 10)->(22 10) 4 5 0 1 #timing (1024 974) ps  polarity 0
net 553: (22 10)->(22 14) 3 1 0 1 #timing (1321 1217) ps  polarity 0
net 553: (22 14)->(20 12) 1 3 0 1 #timing (1533 1392) ps  polarity 1
net 553: (20 12)->(20 13) 0 1 0 1 #timing (1527 1693) ps  polarity 0
net 553: (26 2)->(18 2) 5 2 0 1 #timing (734 738) ps  polarity 0
net 553: (18 2)->(14 2) 4 5 0 1 #timing (1059 1007) ps  polarity 0
net 553: (14 2)->(14 6) 3 1 0 1 #timing (1331 1232) ps  polarity 0
net 553: (14 6)->(14 6) 1 0 1 1 #timing (1427 1333) ps  polarity 1
net 553: (14 6)->(15 7) 0 3 0 1 #timing (1455 1539) ps  polarity 0
net 553: (26 2)->(18 10) 5 3 0 1 #timing (931 957) ps  polarity 1
net 553: (18 10)->(18 14) 3 1 0 1 #timing (1323 1272) ps  polarity 0
net 553: (18 14)->(18 12) 1 1 0 1 #timing (1460 1403) ps  polarity 1
net 553: (18 12)->(18 13) 0 1 0 1 #timing (1535 1604) ps  polarity 0
net 553: (18 14)->(16 12) 1 3 0 1 #timing (1516 1433) ps  polarity 1
net 553: (16 12)->(17 12) 0 2 0 1 #timing (1594 1688) ps  polarity 0
net 553: (26 2)->(26 3) 0 1 0 0 #timing (180 180) ps polarity 1
net 553: (26 3)->(24 3) 1 2 0 0 #timing (298 287) ps polarity 0
net 553: (24 3)->(20 3) 4 5 0 0 #timing (637 606) ps polarity 0
net 553: (20 3)->(16 3) 4 2 0 1 #timing (906 860) ps  polarity 0
net 553: (16 3)->(16 7) 3 1 0 1 #timing (1173 1080) ps  polarity 0
net 553: (16 7)->(16 7) 1 0 0 1 #timing (1271 1184) ps  polarity 1
net 553: (16 7)->(17 7) 0 2 0 1 #timing (1283 1372) ps  polarity 0
net 554: (6 19)->(6 19) 0 0 0 0 #timing (210 210) ps polarity 0
net 554: (6 19)->(6 19) 1 0 0 0 #timing (290 294) ps polarity 1
net 554: (6 19)->(6 23) 3 1 0 1 #timing (683 596) ps  polarity 1
net 554: (6 23)->(6 21) 1 1 0 1 #timing (838 738) ps  polarity 0
net 554: (6 21)->(7 20) 0 3 0 1 #timing (879 981) ps  polarity 1
net 554: (6 19)->(6 15) 3 4 0 0 #timing (609 540) ps polarity 1
net 554: (6 15)->(6 15) 1 0 1 1 #timing (831 725) ps  polarity 0
net 554: (6 15)->(7 14) 0 3 0 1 #timing (862 951) ps  polarity 1
net 554: (6 19)->(4 17) 1 3 0 0 #timing (395 358) ps polarity 1
net 554: (4 17)->(4 13) 3 4 0 0 #timing (681 696) ps polarity 1
net 554: (4 13)->(4 9) 3 1 0 1 #timing (1139 1046) ps  polarity 1
net 554: (4 9)->(4 9) 1 0 0 1 #timing (1234 1147) ps  polarity 0
net 554: (4 9)->(5 8) 0 3 0 1 #timing (1304 1365) ps  polarity 1
net 554: (6 19)->(6 18) 0 1 0 0 #timing (193 194) ps polarity 0
net 554: (6 18)->(6 18) 1 0 0 0 #timing (297 294) ps polarity 1
net 554: (6 18)->(6 16) 1 1 0 1 #timing (552 500) ps  polarity 0
net 554: (6 16)->(7 17) 0 3 0 1 #timing (641 694) ps  polarity 1
net 554: (6 18)->(10 18) 4 5 0 0 #timing (573 545) ps polarity 1
net 554: (10 18)->(10 16) 1 1 0 1 #timing (788 776) ps  polarity 0
net 554: (10 16)->(11 17) 0 3 0 1 #timing (905 926) ps  polarity 1
net 554: (6 19)->(7 19) 0 2 0 0 #timing (211 211) ps polarity 0
net 554: (7 19)->(5 19) 1 2 0 0 #timing (360 339) ps polarity 1
net 554: (5 19)->(5 19) 1 0 1 1 #timing (577 531) ps  polarity 0
net 554: (5 19)->(5 19) 0 0 0 1 #timing (643 686) ps  polarity 1
net 555: (10 16)->(10 16) 0 0 0 0 #timing (190 190) ps polarity 0
net 555: (10 16)->(8 18) 1 3 0 0 #timing (321 306) ps polarity 1
net 555: (8 18)->(8 14) 3 4 0 0 #timing (610 615) ps polarity 1
net 555: (8 14)->(4 14) 4 5 0 0 #timing (969 911) ps polarity 1
net 555: (4 14)->(6 14) 1 2 0 1 #timing (1138 1161) ps  polarity 0
net 555: (6 14)->(7 14) 0 2 0 1 #timing (1324 1314) ps  polarity 1
net 555: (10 16)->(10 17) 0 1 0 0 #timing (195 195) ps polarity 0
net 555: (10 17)->(10 19) 1 1 0 0 #timing (311 299) ps polarity 1
net 555: (10 19)->(6 19) 4 5 0 0 #timing (623 605) ps polarity 1
net 555: (6 19)->(6 19) 1 0 1 1 #timing (807 799) ps  polarity 0
net 555: (6 19)->(7 19) 0 2 0 1 #timing (916 919) ps  polarity 1
net 555: (10 16)->(11 16) 0 2 0 0 #timing (201 201) ps polarity 0
net 555: (11 16)->(11 18) 1 1 0 0 #timing (311 305) ps polarity 1
net 555: (11 18)->(11 18) 1 0 1 1 #timing (537 508) ps  polarity 0
net 555: (11 18)->(11 18) 0 0 0 1 #timing (613 641) ps  polarity 1
net 555: (11 16)->(9 18) 1 3 0 0 #timing (351 333) ps polarity 1
net 555: (9 18)->(5 18) 4 5 0 0 #timing (682 688) ps polarity 1
net 555: (5 18)->(5 18) 1 0 1 1 #timing (903 868) ps  polarity 0
net 555: (5 18)->(4 19) 0 3 0 1 #timing (1012 1027) ps  polarity 1
net 555: (10 16)->(11 17) 0 3 0 0 #timing (203 203) ps polarity 0
net 555: (11 17)->(11 17) 1 0 0 0 #timing (293 292) ps polarity 1
net 555: (11 17)->(11 13) 3 4 0 0 #timing (594 535) ps polarity 1
net 555: (11 13)->(7 13) 4 5 0 0 #timing (983 865) ps polarity 1
net 555: (7 13)->(7 9) 3 1 0 1 #timing (1381 1387) ps  polarity 1
net 555: (7 9)->(5 9) 1 2 0 1 #timing (1526 1526) ps  polarity 0
net 555: (5 9)->(5 8) 0 1 0 1 #timing (1649 1667) ps  polarity 1
net 555: (11 17)->(7 17) 4 5 0 0 #timing (660 592) ps polarity 1
net 555: (7 17)->(7 17) 1 0 1 1 #timing (795 836) ps  polarity 0
net 555: (7 17)->(7 17) 0 0 0 1 #timing (942 899) ps  polarity 1
net 556: (6 13)->(7 12) 0 3 0 0 #timing (197 197) ps polarity 0
net 556: (7 12)->(7 14) 1 1 0 0 #timing (331 321) ps polarity 1
net 556: (7 14)->(7 14) 1 0 1 1 #timing (554 518) ps  polarity 0
net 556: (7 14)->(7 14) 0 0 0 1 #timing (613 651) ps  polarity 1
net 556: (7 12)->(5 12) 1 2 0 0 #timing (359 334) ps polarity 1
net 556: (5 12)->(5 16) 3 4 0 0 #timing (719 669) ps polarity 1
net 556: (5 16)->(5 16) 1 0 0 1 #timing (928 846) ps  polarity 0
net 556: (5 16)->(5 16) 0 0 0 1 #timing (993 1055) ps  polarity 1
net 557: (23 23)->(22 22) 0 3 0 0 #timing (222 222) ps polarity 1
net 557: (22 22)->(22 20) 1 1 0 0 #timing (359 344) ps polarity 0
net 557: (22 20)->(22 20) 5 0 0 0 #timing (454 500) ps polarity 1
net 557: (22 20)->(22 4) 13 1 0 0 #timing (1107 944) ps polarity 0
net 557: (22 4)->(22 4) 5 0 0 1 #timing (1366 1215) ps  polarity 0
net 557: (22 4)->(22 8) 3 4 0 1 #timing (1703 1492) ps  polarity 1
net 557: (22 8)->(22 8) 1 0 1 1 #timing (1811 1600) ps  polarity 0
net 557: (22 8)->(22 9) 0 1 0 1 #timing (1714 1919) ps  polarity 1
net 559: (7 15)->(7 15) 0 0 0 0 #timing (149 149) ps polarity 0
net 559: (7 15)->(7 15) 1 0 0 0 #timing (219 224) ps polarity 1
net 559: (7 15)->(7 15) 1 0 1 1 #timing (424 395) ps  polarity 0
net 559: (7 15)->(6 15) 0 2 0 1 #timing (475 511) ps  polarity 1
net 559: (7 15)->(5 13) 1 3 0 0 #timing (293 271) ps polarity 1
net 559: (5 13)->(7 13) 1 2 0 1 #timing (556 503) ps  polarity 0
net 559: (7 13)->(7 12) 0 1 0 1 #timing (633 692) ps  polarity 1
net 559: (5 13)->(5 9) 3 1 0 0 #timing (585 579) ps polarity 1
net 559: (5 9)->(5 9) 1 0 1 1 #timing (800 758) ps  polarity 0
net 559: (5 9)->(4 8) 0 3 0 1 #timing (900 923) ps  polarity 1
net 560: (19 24)->(19 25) 0 1 0 0 #timing (194 194) ps polarity 0
net 560: (19 25)->(19 25) 1 0 0 0 #timing (280 277) ps polarity 1
net 560: (19 25)->(19 21) 3 4 0 1 #timing (729 609) ps  polarity 1
net 560: (19 21)->(17 23) 1 3 0 1 #timing (884 753) ps  polarity 0
net 560: (17 23)->(17 23) 0 0 0 1 #timing (877 1039) ps  polarity 1
net 561: (14 22)->(15 22) 0 2 0 0 #timing (201 201) ps polarity 0
net 561: (15 22)->(15 22) 1 0 0 0 #timing (278 281) ps polarity 1
net 561: (15 22)->(19 22) 4 5 0 1 #timing (682 607) ps  polarity 1
net 561: (19 22)->(17 22) 1 2 0 1 #timing (906 795) ps  polarity 0
net 561: (17 22)->(17 23) 0 1 0 1 #timing (977 1083) ps  polarity 1
net 562: (16 22)->(16 22) 0 0 0 0 #timing (190 190) ps polarity 0
net 562: (16 22)->(16 20) 1 1 0 0 #timing (303 294) ps polarity 1
net 562: (16 20)->(16 24) 3 4 0 1 #timing (728 632) ps  polarity 1
net 562: (16 24)->(16 24) 1 0 0 1 #timing (825 734) ps  polarity 0
net 562: (16 24)->(17 24) 0 2 0 1 #timing (828 922) ps  polarity 1
net 563: (7 7)->(7 6) 0 1 0 0 #timing (357 357) ps polarity 0
net 563: (7 6)->(7 6) 1 0 0 0 #timing (461 459) ps polarity 1
net 563: (7 6)->(7 10) 3 4 0 0 #timing (783 719) ps polarity 1
net 563: (7 10)->(11 10) 4 5 0 0 #timing (1202 1071) ps polarity 1
net 563: (11 10)->(11 10) 1 0 1 1 #timing (1286 1385) ps  polarity 0
net 563: (11 10)->(11 11) 0 1 0 1 #timing (1550 1421) ps  polarity 1
net 564: (11 6)->(10 6) 0 2 0 0 #timing (193 193) ps polarity 0
net 564: (10 6)->(10 6) 1 0 0 0 #timing (270 270) ps polarity 1
net 564: (10 6)->(10 10) 3 4 0 1 #timing (736 618) ps  polarity 1
net 564: (10 10)->(10 10) 1 0 1 1 #timing (836 720) ps  polarity 0
net 564: (10 10)->(11 11) 0 3 0 1 #timing (864 961) ps  polarity 1
net 565: (14 12)->(15 12) 0 2 0 0 #timing (204 204) ps polarity 0
net 565: (15 12)->(15 12) 1 0 0 0 #timing (284 287) ps polarity 1
net 565: (15 12)->(11 12) 4 2 0 0 #timing (533 506) ps polarity 1
net 565: (11 12)->(11 12) 1 0 0 1 #timing (723 720) ps  polarity 0
net 565: (11 12)->(11 12) 0 0 0 1 #timing (826 827) ps  polarity 1
net 566: (14 1)->(14 1) 0 0 0 0 #timing (186 186) ps polarity 0
net 566: (14 1)->(12 3) 1 3 0 0 #timing (330 309) ps polarity 1
net 566: (12 3)->(12 3) 5 0 0 0 #timing (436 507) ps polarity 0
net 566: (12 3)->(12 11) 5 1 0 1 #timing (768 842) ps  polarity 1
net 566: (12 11)->(8 11) 4 2 0 1 #timing (1000 1059) ps  polarity 1
net 566: (8 11)->(8 15) 3 1 0 1 #timing (1269 1281) ps  polarity 1
net 566: (8 15)->(10 13) 1 3 0 1 #timing (1435 1432) ps  polarity 0
net 566: (10 13)->(10 12) 0 1 0 1 #timing (1565 1578) ps  polarity 1
net 567: (5 3)->(5 2) 0 1 0 0 #timing (190 190) ps polarity 0
net 567: (5 2)->(7 0) 1 3 0 0 #timing (353 320) ps polarity 1
net 567: (7 0)->(7 4) 3 1 0 1 #timing (828 695) ps  polarity 1
net 567: (7 4)->(7 4) 1 0 1 1 #timing (955 821) ps  polarity 0
net 567: (7 4)->(6 4) 0 2 0 1 #timing (894 1037) ps  polarity 1
net 568: (4 1)->(5 1) 0 2 0 0 #timing (198 198) ps polarity 0
net 568: (5 1)->(5 1) 1 0 0 0 #timing (276 273) ps polarity 1
net 568: (5 1)->(5 5) 3 1 0 1 #timing (697 589) ps  polarity 1
net 568: (5 5)->(7 5) 1 2 0 1 #timing (839 722) ps  polarity 0
net 568: (7 5)->(6 4) 0 3 0 1 #timing (851 972) ps  polarity 1
net 569: (5 1)->(4 0) 0 3 0 0 #timing (202 202) ps polarity 0
net 569: (4 0)->(4 0) 1 0 0 0 #timing (293 293) ps polarity 1
net 569: (4 0)->(4 4) 3 1 0 1 #timing (702 602) ps  polarity 1
net 569: (4 4)->(6 4) 1 2 0 1 #timing (877 754) ps  polarity 0
net 569: (6 4)->(6 4) 0 0 0 1 #timing (897 1033) ps  polarity 1
net 570: (6 3)->(6 3) 0 0 0 0 #timing (204 204) ps polarity 0
net 570: (6 3)->(4 1) 1 3 0 0 #timing (381 348) ps polarity 1
net 570: (4 1)->(4 5) 3 1 0 1 #timing (823 710) ps  polarity 1
net 570: (4 5)->(6 5) 1 2 0 1 #timing (973 847) ps  polarity 0
net 570: (6 5)->(6 4) 0 1 0 1 #timing (969 1110) ps  polarity 1
net 572: (6 16)->(6 16) 0 0 0 0 #timing (206 206) ps polarity 0
net 572: (6 16)->(4 18) 1 3 0 0 #timing (377 348) ps polarity 1
net 572: (4 18)->(6 16) 1 3 0 1 #timing (706 629) ps  polarity 0
net 572: (6 16)->(6 17) 0 1 0 1 #timing (822 900) ps  polarity 1
net 572: (4 18)->(4 22) 3 1 0 0 #timing (711 713) ps polarity 1
net 572: (4 22)->(4 20) 1 1 0 1 #timing (969 850) ps 
net 572: (4 22)->(0 22) 4 2 0 0 #timing (1015 989) ps polarity 1
net 572: (0 22)->(0 22) 5 0 1 0 #timing (1146 1140) ps polarity 0
net 572: (0 22)->(0 7) 13 1 1 0 #timing (1731 1629) ps polarity 1
net 572: (0 7)->(0 7) 5 0 1 1 #timing (1943 1856) ps  polarity 1
net 572: (0 7)->(4 7) 4 2 0 1 #timing (2257 2135) ps  polarity 0
net 572: (4 7)->(4 11) 3 4 0 1 #timing (2538 2365) ps  polarity 0
net 572: (4 11)->(4 9) 1 1 0 1 #timing (2692 2509) ps  polarity 1
net 572: (4 9)->(4 9) 0 0 0 1 #timing (2643 2833) ps  polarity 0
net 572: (0 7)->(0 15) 5 1 0 1 #timing (2147 2034) ps  polarity 0
net 572: (0 15)->(4 15) 4 2 0 1 #timing (2415 2271) ps  polarity 0
net 572: (4 15)->(4 15) 1 0 0 1 #timing (2608 2438) ps  polarity 1
net 572: (4 15)->(4 15) 0 0 0 1 #timing (2553 2718) ps  polarity 0
net 572: (0 7)->(8 15) 5 3 0 1 #timing (2498 2378) ps  polarity 1
net 572: (8 15)->(8 15) 1 0 1 1 #timing (2678 2547) ps  polarity 1
net 572: (8 15)->(9 15) 0 2 0 1 #timing (2662 2787) ps  polarity 0
net 572: (8 15)->(10 15) 1 2 0 1 #timing (2724 2577) ps  polarity 1
net 572: (10 15)->(10 14) 0 1 0 1 #timing (2699 2844) ps  polarity 0
net 572: (4 18)->(4 22) 3 1 0 1 #timing (827 715) ps  polarity 1
net 572: (4 22)->(4 20) 1 1 0 1 #timing (969 850) ps  polarity 0
net 572: (4 20)->(4 21) 0 1 0 1 #timing (962 1105) ps  polarity 1
net 572: (4 18)->(4 14) 3 4 0 0 #timing (682 703) ps polarity 1
net 572: (4 14)->(0 14) 4 2 0 0 #timing (987 977) ps polarity 1
net 572: (0 14)->(2 12) 1 3 0 1 #timing (1270 1223) ps  polarity 0
net 572: (2 12)->(3 12) 0 2 0 1 #timing (1358 1425) ps  polarity 1
net 572: (0 14)->(0 14) 5 0 0 0 #timing (1115 1125) ps polarity 0
net 572: (0 14)->(8 6) 5 3 0 1 #timing (1811 1818) ps  polarity 0
net 572: (8 6)->(8 6) 1 0 0 1 #timing (1994 1991) ps  polarity 0
net 572: (8 6)->(9 6) 0 2 0 1 #timing (2104 2104) ps  polarity 1
net 572: (8 6)->(8 2) 3 1 0 1 #timing (2253 2164) ps  polarity 1
net 572: (8 2)->(8 0) 1 1 0 1 #timing (2401 2305) ps  polarity 0
net 572: (8 0)->(9 1) 0 3 0 1 #timing (2431 2539) ps  polarity 1
net 572: (8 2)->(10 0) 1 3 0 1 #timing (2414 2313) ps  polarity 0
net 572: (10 0)->(11 1) 0 3 0 1 #timing (2439 2553) ps  polarity 1
net 572: (8 6)->(12 6) 4 2 0 1 #timing (2094 2085) ps  polarity 1
net 572: (12 6)->(12 2) 3 1 0 1 #timing (2424 2335) ps  polarity 1
net 572: (12 2)->(12 0) 1 1 0 1 #timing (2560 2465) ps  polarity 0
net 572: (12 0)->(13 1) 0 3 0 1 #timing (2590 2693) ps  polarity 1
net 572: (8 6)->(4 6) 4 5 0 1 #timing (2142 2126) ps  polarity 1
net 572: (4 6)->(4 2) 3 1 0 1 #timing (2490 2389) ps  polarity 1
net 572: (4 2)->(4 2) 1 0 1 1 #timing (2583 2489) ps  polarity 0
net 572: (4 2)->(4 3) 0 1 0 1 #timing (2611 2696) ps  polarity 1
net 572: (0 14)->(0 31) 13 1 1 0 #timing (1787 1651) ps polarity 1
net 572: (0 31)->(8 23) 5 3 0 1 #timing (2612 2460) ps  polarity 1
net 572: (8 23)->(8 21) 1 1 0 1 #timing (2852 2670) ps  polarity 1
net 572: (8 21)->(8 21) 0 0 0 1 #timing (2811 2996) ps  polarity 0
net 572: (4 14)->(8 14) 4 5 0 0 #timing (1094 1045) ps polarity 1
net 572: (8 14)->(8 14) 1 0 1 1 #timing (1242 1263) ps  polarity 0
net 572: (8 14)->(8 15) 0 1 0 1 #timing (1375 1349) ps  polarity 1
net 572: (8 14)->(10 12) 1 3 0 1 #timing (1324 1315) ps  polarity 0
net 572: (10 12)->(11 13) 0 3 0 1 #timing (1442 1465) ps  polarity 1
net 572: (4 14)->(4 14) 5 0 1 0 #timing (818 850) ps polarity 0
net 572: (4 14)->(4 30) 13 1 0 0 #timing (1511 1350) ps polarity 1
net 572: (4 30)->(12 22) 5 3 0 1 #timing (2328 2133) ps  polarity 1
net 572: (12 22)->(14 22) 1 2 0 1 #timing (2566 2347) ps  polarity 1
net 572: (14 22)->(14 23) 0 1 0 1 #timing (2461 2705) ps  polarity 0
net 573: (11 14)->(10 14) 0 2 0 0 #timing (193 193) ps polarity 1
net 573: (10 14)->(8 12) 1 3 0 0 #timing (389 342) ps polarity 0
net 573: (8 12)->(10 14) 1 3 0 1 #timing (677 587) ps  polarity 1
net 573: (10 14)->(11 14) 0 2 0 1 #timing (718 829) ps  polarity 0
net 573: (8 12)->(8 8) 3 1 0 0 #timing (666 677) ps polarity 0
net 573: (8 8)->(4 8) 4 5 0 0 #timing (1033 986) ps polarity 0
net 573: (4 8)->(6 10) 1 3 0 1 #timing (1253 1256) ps  polarity 1
net 573: (6 10)->(6 10) 0 0 0 1 #timing (1393 1423) ps  polarity 0
net 573: (8 12)->(8 16) 3 4 0 0 #timing (737 736) ps polarity 0
net 573: (8 16)->(4 16) 4 5 0 0 #timing (1102 1043) ps polarity 0
net 573: (4 16)->(4 16) 5 0 0 0 #timing (1239 1195) ps polarity 1
net 573: (4 16)->(4 1) 13 1 1 0 #timing (1862 1779) ps polarity 0
net 573: (4 1)->(4 1) 5 0 0 1 #timing (2071 2003) ps  polarity 0
net 573: (4 1)->(8 1) 4 5 0 1 #timing (2542 2376) ps  polarity 1
net 573: (8 1)->(8 5) 3 1 0 1 #timing (2855 2629) ps  polarity 1
net 573: (8 5)->(10 7) 1 3 0 1 #timing (3007 2773) ps  polarity 0
net 573: (10 7)->(10 6) 0 1 0 1 #timing (2887 3141) ps  polarity 1
net 574: (3 10)->(3 10) 0 0 0 0 #timing (183 183) ps polarity 0
net 574: (3 10)->(3 10) 1 0 0 0 #timing (255 260) ps polarity 1
net 574: (3 10)->(7 10) 4 2 0 1 #timing (598 558) ps  polarity 1
net 574: (7 10)->(7 10) 1 0 1 1 #timing (788 724) ps  polarity 0
net 574: (7 10)->(6 11) 0 3 0 1 #timing (834 894) ps  polarity 1
net 574: (3 10)->(3 8) 1 1 0 0 #timing (306 294) ps polarity 1
net 574: (3 8)->(3 10) 1 1 0 1 #timing (575 521) ps  polarity 0
net 574: (3 10)->(3 11) 0 1 0 1 #timing (681 733) ps  polarity 1
net 575: (19 14)->(19 15) 0 1 0 0 #timing (192 192) ps polarity 1
net 575: (19 15)->(17 13) 1 3 0 0 #timing (362 330) ps polarity 0
net 575: (17 13)->(17 9) 3 1 0 0 #timing (639 650) ps polarity 0
net 575: (17 9)->(17 11) 1 1 0 1 #timing (894 858) ps  polarity 1
net 575: (17 11)->(17 11) 0 0 0 1 #timing (969 1021) ps  polarity 0
net 575: (17 11)->(16 10) 0 3 0 1 #timing (1005 1041) ps  polarity 0
net 575: (17 9)->(13 9) 4 5 0 0 #timing (935 916) ps polarity 0
net 575: (13 9)->(15 9) 1 2 0 1 #timing (1183 1155) ps  polarity 1
net 575: (15 9)->(14 9) 0 2 0 1 #timing (1289 1322) ps  polarity 0
net 576: (22 20)->(22 20) 0 0 0 0 #timing (196 196) ps polarity 1
net 576: (22 20)->(22 22) 1 1 0 0 #timing (317 307) ps polarity 0
net 576: (22 22)->(22 22) 5 0 1 0 #timing (427 475) ps polarity 1
net 576: (22 22)->(22 6) 13 1 0 0 #timing (1124 953) ps polarity 0
net 576: (22 6)->(22 14) 5 1 0 1 #timing (1582 1388) ps  polarity 1
net 576: (22 14)->(20 14) 1 2 0 1 #timing (1652 1792) ps  polarity 0
net 576: (20 14)->(20 14) 0 0 0 1 #timing (1906 1784) ps  polarity 1
net 577: (20 12)->(20 12) 0 0 0 0 #timing (191 191) ps polarity 0
net 577: (20 12)->(22 12) 1 2 0 0 #timing (315 301) ps polarity 1
net 577: (22 12)->(22 12) 1 0 1 1 #timing (542 507) ps  polarity 0
net 577: (22 12)->(22 12) 0 0 0 1 #timing (651 668) ps  polarity 1
net 578: (3 20)->(3 20) 0 0 0 0 #timing (162 162) ps polarity 1
net 578: (3 20)->(1 22) 1 3 0 0 #timing (316 289) ps polarity 0
net 578: (1 22)->(1 18) 3 1 0 0 #timing (583 606) ps polarity 0
net 578: (1 18)->(5 18) 4 2 0 0 #timing (909 902) ps polarity 0
net 578: (5 18)->(5 16) 1 1 0 1 #timing (1160 1123) ps  polarity 1
net 578: (5 16)->(5 17) 0 1 0 1 #timing (1265 1303) ps  polarity 0
net 579: (3 11)->(2 11) 0 2 0 0 #timing (172 172) ps polarity 1
net 579: (2 11)->(0 11) 1 2 0 0 #timing (332 306) ps polarity 0
net 579: (0 11)->(0 15) 3 1 0 0 #timing (630 623) ps polarity 0
net 579: (0 15)->(4 15) 4 2 0 0 #timing (888 875) ps polarity 0
net 579: (4 15)->(4 19) 3 4 0 1 #timing (1284 1208) ps  polarity 0
net 579: (4 19)->(4 17) 1 1 0 1 #timing (1427 1343) ps  polarity 1
net 579: (4 17)->(5 17) 0 2 0 1 #timing (1451 1553) ps  polarity 0
net 580: (22 15)->(22 14) 0 1 0 0 #timing (370 370) ps polarity 0
net 580: (22 14)->(20 14) 1 2 0 0 #timing (530 507) ps polarity 1
net 580: (20 14)->(24 14) 4 5 0 0 #timing (857 862) ps polarity 1
net 580: (24 14)->(28 14) 4 2 0 1 #timing (1109 1096) ps  polarity 1
net 580: (28 14)->(28 10) 3 1 0 1 #timing (1427 1341) ps  polarity 1
net 580: (28 10)->(28 8) 1 1 0 1 #timing (1566 1474) ps  polarity 0
net 580: (28 8)->(28 9) 0 1 0 1 #timing (1581 1690) ps  polarity 1
net 581: (16 26)->(17 27) 0 3 0 0 #timing (191 191) ps polarity 1
net 581: (17 27)->(17 25) 1 1 0 0 #timing (322 312) ps polarity 0
net 581: (17 25)->(13 25) 4 5 0 1 #timing (742 660) ps  polarity 0
net 581: (13 25)->(15 27) 1 3 0 1 #timing (1010 877) ps  polarity 1
net 581: (15 27)->(15 26) 0 1 0 1 #timing (1034 1192) ps  polarity 0
net 582: (3 14)->(3 15) 0 1 0 0 #timing (174 174) ps polarity 1
net 582: (3 15)->(1 13) 1 3 0 0 #timing (359 320) ps polarity 0
net 582: (1 13)->(1 17) 3 4 0 0 #timing (620 647) ps polarity 0
net 582: (1 17)->(5 17) 4 2 0 0 #timing (937 939) ps polarity 0
net 582: (5 17)->(5 21) 3 1 0 1 #timing (1325 1239) ps  polarity 0
net 582: (5 21)->(5 21) 1 0 0 1 #timing (1429 1345) ps  polarity 1
net 582: (5 21)->(4 20) 0 3 0 1 #timing (1484 1551) ps  polarity 0
net 582: (3 14)->(2 14) 0 2 0 0 #timing (173 173) ps polarity 1
net 582: (2 14)->(0 12) 1 3 0 0 #timing (360 318) ps polarity 0
net 582: (0 12)->(0 8) 3 1 0 0 #timing (592 633) ps polarity 0
net 582: (0 8)->(2 10) 1 3 0 1 #timing (878 858) ps  polarity 1
net 582: (2 10)->(3 10) 0 2 0 1 #timing (1006 1058) ps  polarity 0
net 582: (3 14)->(2 15) 0 3 0 0 #timing (188 188) ps polarity 1
net 582: (2 15)->(2 15) 1 0 0 0 #timing (271 273) ps polarity 0
net 582: (2 15)->(2 11) 3 1 0 0 #timing (562 506) ps polarity 0
net 582: (2 11)->(2 9) 1 1 0 1 #timing (823 718) ps  polarity 1
net 582: (2 9)->(3 8) 0 3 0 1 #timing (857 965) ps  polarity 0
net 582: (2 11)->(6 11) 4 2 0 0 #timing (870 793) ps polarity 0
net 582: (6 11)->(4 11) 1 2 0 1 #timing (1069 1093) ps  polarity 1
net 582: (4 11)->(4 11) 0 0 0 1 #timing (1234 1217) ps  polarity 0
net 583: (2 9)->(2 9) 0 0 0 0 #timing (191 191) ps polarity 0
net 583: (2 9)->(2 11) 1 1 0 0 #timing (302 295) ps polarity 1
net 583: (2 11)->(2 11) 1 0 0 1 #timing (525 492) ps  polarity 0
net 583: (2 11)->(3 10) 0 3 0 1 #timing (621 641) ps  polarity 1
net 583: (2 9)->(2 8) 0 1 0 0 #timing (198 198) ps polarity 0
net 583: (2 8)->(0 10) 1 3 0 0 #timing (353 326) ps polarity 1
net 583: (0 10)->(2 8) 1 3 0 1 #timing (678 604) ps  polarity 0
net 583: (2 8)->(3 8) 0 2 0 1 #timing (743 842) ps  polarity 1
net 583: (0 10)->(0 14) 3 1 0 0 #timing (637 658) ps polarity 1
net 583: (0 14)->(4 14) 4 2 0 0 #timing (911 923) ps polarity 1
net 583: (4 14)->(6 12) 1 3 0 1 #timing (1199 1137) ps  polarity 0
net 583: (6 12)->(6 12) 0 0 0 1 #timing (1270 1364) ps  polarity 1
net 583: (2 9)->(3 8) 0 3 0 0 #timing (209 209) ps polarity 0
net 583: (3 8)->(3 8) 1 0 0 0 #timing (295 297) ps polarity 1
net 583: (3 8)->(3 12) 3 1 0 0 #timing (554 515) ps polarity 1
net 583: (3 12)->(7 12) 4 2 0 0 #timing (841 791) ps polarity 1
net 583: (7 12)->(7 14) 1 1 0 1 #timing (1040 1049) ps  polarity 0
net 583: (7 14)->(6 14) 0 2 0 1 #timing (1192 1188) ps  polarity 1
net 584: (2 8)->(3 8) 0 2 0 0 #timing (180 180) ps polarity 1
net 584: (3 8)->(1 10) 1 3 0 0 #timing (337 312) ps polarity 0
net 584: (1 10)->(5 10) 4 2 0 1 #timing (767 692) ps  polarity 0
net 584: (5 10)->(5 8) 1 1 0 1 #timing (1002 890) ps  polarity 1
net 584: (5 8)->(5 8) 0 0 0 1 #timing (1049 1155) ps  polarity 0
net 584: (1 10)->(1 10) 5 0 0 0 #timing (444 521) ps polarity 1
net 584: (1 10)->(9 2) 5 3 0 1 #timing (1058 1131) ps  polarity 1
net 584: (9 2)->(5 2) 4 5 0 1 #timing (1399 1334) ps  polarity 0
net 584: (5 2)->(5 2) 1 0 1 1 #timing (1599 1508) ps  polarity 1
net 584: (5 2)->(4 3) 0 3 0 1 #timing (1653 1722) ps  polarity 0
net 585: (2 11)->(2 10) 0 1 0 0 #timing (161 161) ps polarity 1
net 585: (2 10)->(0 10) 1 2 0 0 #timing (315 285) ps polarity 0
net 585: (0 10)->(0 6) 3 4 0 0 #timing (583 585) ps polarity 0
net 585: (0 6)->(0 6) 5 0 1 0 #timing (711 728) ps polarity 1
net 585: (0 6)->(8 14) 5 3 0 1 #timing (1317 1338) ps  polarity 1
net 585: (8 14)->(8 18) 3 4 0 1 #timing (1704 1647) ps  polarity 0
net 585: (8 18)->(8 18) 1 0 0 1 #timing (1800 1749) ps  polarity 1
net 585: (8 18)->(8 18) 0 0 0 1 #timing (1894 1927) ps  polarity 0
net 585: (8 18)->(10 18) 1 2 0 1 #timing (1817 1760) ps  polarity 1
net 585: (10 18)->(10 18) 0 0 0 1 #timing (1909 1954) ps  polarity 0
net 585: (8 14)->(4 14) 4 5 0 1 #timing (1676 1645) ps  polarity 0
net 585: (4 14)->(4 18) 3 4 0 1 #timing (1987 1891) ps  polarity 0
net 585: (4 18)->(4 18) 1 0 0 1 #timing (2085 1994) ps  polarity 1
net 585: (4 18)->(4 18) 0 0 0 1 #timing (2122 2202) ps  polarity 0
net 585: (0 10)->(4 10) 4 2 0 0 #timing (561 598) ps polarity 0
net 585: (4 10)->(4 8) 1 1 0 1 #timing (848 769) ps  polarity 1
net 585: (4 8)->(5 8) 0 2 0 1 #timing (898 982) ps  polarity 0
net 585: (0 10)->(0 10) 5 0 0 0 #timing (402 468) ps polarity 1
net 585: (0 10)->(0 27) 13 1 1 0 #timing (1104 919) ps polarity 0
net 585: (0 27)->(0 19) 5 1 0 1 #timing (1535 1336) ps  polarity 1
net 585: (0 19)->(4 19) 4 2 0 1 #timing (1790 1562) ps  polarity 1
net 585: (4 19)->(4 15) 3 4 0 1 #timing (2113 1817) ps  polarity 1
net 585: (4 15)->(6 13) 1 3 0 1 #timing (2301 1979) ps  polarity 0
net 585: (6 13)->(6 12) 0 1 0 1 #timing (2135 2483) ps  polarity 1
net 586: (24 5)->(24 5) 0 0 0 0 #timing (198 198) ps polarity 1
net 586: (24 5)->(26 7) 1 3 0 0 #timing (345 325) ps polarity 0
net 586: (26 7)->(26 3) 3 1 0 0 #timing (629 645) ps polarity 0
net 586: (26 3)->(26 3) 1 0 1 1 #timing (847 825) ps  polarity 1
net 586: (26 3)->(27 3) 0 2 0 1 #timing (935 953) ps  polarity 0
net 586: (24 5)->(25 4) 0 3 0 0 #timing (204 204) ps polarity 1
net 586: (25 4)->(25 4) 1 0 0 0 #timing (290 291) ps polarity 0
net 586: (25 4)->(25 4) 1 0 0 1 #timing (496 463) ps  polarity 1
net 586: (25 4)->(25 5) 0 1 0 1 #timing (559 593) ps  polarity 0
net 586: (25 4)->(27 6) 1 3 0 0 #timing (354 333) ps polarity 0
net 586: (27 6)->(27 10) 3 4 0 0 #timing (725 720) ps polarity 0
net 586: (27 10)->(23 10) 4 5 0 0 #timing (1131 1065) ps polarity 0
net 586: (23 10)->(23 8) 1 1 0 1 #timing (1315 1339) ps  polarity 1
net 586: (23 8)->(23 8) 0 0 0 1 #timing (1422 1419) ps  polarity 0
net 587: (23 8)->(22 8) 0 2 0 0 #timing (212 212) ps polarity 1
net 587: (22 8)->(20 8) 1 2 0 0 #timing (341 331) ps polarity 0
net 587: (20 8)->(20 8) 1 0 1 1 #timing (565 534) ps  polarity 1
net 587: (20 8)->(21 9) 0 3 0 1 #timing (653 675) ps  polarity 0
net 587: (20 8)->(20 10) 1 1 0 1 #timing (613 568) ps  polarity 1
net 587: (20 10)->(21 11) 0 3 0 1 #timing (701 759) ps  polarity 0
net 587: (23 8)->(22 9) 0 3 0 0 #timing (236 236) ps polarity 1
net 587: (22 9)->(22 9) 1 0 0 0 #timing (323 323) ps polarity 0
net 587: (22 9)->(22 9) 1 0 1 1 #timing (529 495) ps  polarity 1
net 587: (22 9)->(23 8) 0 3 0 1 #timing (631 649) ps  polarity 0
net 588: (24 19)->(24 19) 0 0 0 0 #timing (651 651) ps polarity 1
net 588: (24 19)->(26 17) 1 3 0 0 #timing (808 783) ps polarity 0
net 588: (26 17)->(26 17) 1 0 0 1 #timing (1033 986) ps  polarity 1
net 588: (26 17)->(26 16) 0 1 0 1 #timing (1097 1139) ps  polarity 0
net 588: (26 17)->(26 21) 3 1 0 0 #timing (1126 1103) ps polarity 0
net 588: (26 21)->(24 21) 1 2 0 1 #timing (1357 1293) ps  polarity 1
net 588: (24 21)->(24 20) 0 1 0 1 #timing (1421 1480) ps  polarity 0
net 589: (5 14)->(5 14) 0 0 0 0 #timing (162 162) ps polarity 1
net 589: (5 14)->(5 14) 1 0 0 0 #timing (237 240) ps polarity 0
net 589: (5 14)->(5 14) 5 0 1 0 #timing (346 359) ps polarity 1
net 589: (5 14)->(20 14) 13 2 1 0 #timing (999 864) ps polarity 0
net 589: (20 14)->(20 14) 5 0 1 1 #timing (1246 1123) ps  polarity 0
net 589: (20 14)->(24 14) 4 5 0 1 #timing (1648 1449) ps  polarity 1
net 589: (24 14)->(24 18) 3 4 0 1 #timing (1958 1695) ps  polarity 1
net 589: (24 18)->(26 18) 1 2 0 1 #timing (2075 1809) ps  polarity 0
net 589: (26 18)->(27 18) 0 2 0 1 #timing (1924 2191) ps  polarity 1
net 590: (16 6)->(17 7) 0 3 0 0 #timing (674 674) ps polarity 0
net 590: (17 7)->(17 7) 1 0 0 0 #timing (764 767) ps polarity 1
net 590: (17 7)->(17 5) 1 1 0 1 #timing (1012 969) ps  polarity 0
net 590: (17 5)->(16 5) 0 2 0 1 #timing (1110 1156) ps  polarity 1
net 591: (16 5)->(16 5) 0 0 0 0 #timing (155 155) ps polarity 1
net 591: (16 5)->(18 7) 1 3 0 0 #timing (302 279) ps polarity 0
net 591: (18 7)->(16 7) 1 2 0 1 #timing (601 543) ps  polarity 1
net 591: (16 7)->(16 6) 0 1 0 1 #timing (693 748) ps  polarity 0
net 591: (18 7)->(16 5) 1 3 0 1 #timing (632 565) ps  polarity 1
net 591: (16 5)->(16 5) 0 0 0 1 #timing (721 802) ps  polarity 0
net 592: (9 23)->(9 23) 0 0 0 0 #timing (216 216) ps polarity 1
net 592: (9 23)->(11 21) 1 3 0 0 #timing (405 365) ps polarity 0
net 592: (11 21)->(11 25) 3 4 0 0 #timing (721 726) ps polarity 0
net 592: (11 25)->(7 25) 4 5 0 0 #timing (1111 1053) ps polarity 0
net 592: (7 25)->(7 29) 3 1 0 1 #timing (1507 1460) ps  polarity 0
net 592: (7 29)->(5 31) 1 3 0 1 #timing (1687 1623) ps  polarity 1
net 592: (5 31)->(4 31) 0 2 0 1 #timing (1744 1844) ps  polarity 0
net 592: (7 25)->(7 25) 5 0 0 0 #timing (1242 1197) ps polarity 1
net 592: (7 25)->(7 8) 13 1 1 0 #timing (1949 1846) ps polarity 0
net 592: (7 8)->(15 0) 5 3 0 1 #timing (2771 2655) ps  polarity 0
net 592: (15 0)->(19 0) 4 5 0 1 #timing (3089 3163) ps  polarity 1
net 592: (19 0)->(19 4) 3 1 0 1 #timing (3394 3416) ps  polarity 1
net 592: (19 4)->(17 4) 1 2 0 1 #timing (3542 3555) ps  polarity 0
net 592: (17 4)->(16 5) 0 3 0 1 #timing (3737 3719) ps  polarity 1
net 593: (16 7)->(16 7) 0 0 0 0 #timing (186 186) ps polarity 0
net 593: (16 7)->(18 5) 1 3 0 0 #timing (351 321) ps polarity 1
net 593: (18 5)->(18 1) 3 1 0 0 #timing (643 639) ps polarity 1
net 593: (18 1)->(18 1) 1 0 0 1 #timing (865 822) ps  polarity 0
net 593: (18 1)->(18 1) 0 0 0 1 #timing (956 985) ps  polarity 1
net 593: (18 5)->(18 9) 3 4 0 1 #timing (779 662) ps  polarity 1
net 593: (18 9)->(16 9) 1 2 0 1 #timing (945 811) ps  polarity 0
net 593: (16 9)->(16 9) 0 0 0 1 #timing (936 1080) ps  polarity 1
net 593: (16 9)->(17 8) 0 3 0 1 #timing (974 1099) ps  polarity 1
net 594: (17 16)->(17 16) 0 0 0 0 #timing (183 183) ps polarity 0
net 594: (17 16)->(19 18) 1 3 0 0 #timing (333 310) ps polarity 1
net 594: (19 18)->(23 18) 4 2 0 0 #timing (618 664) ps polarity 1
net 594: (23 18)->(27 18) 4 5 0 1 #timing (929 935) ps  polarity 1
net 594: (27 18)->(27 16) 1 1 0 1 #timing (1179 1141) ps  polarity 0
net 594: (27 16)->(26 17) 0 3 0 1 #timing (1295 1330) ps  polarity 1
net 595: (5 7)->(5 7) 0 0 0 0 #timing (204 204) ps polarity 0
net 595: (5 7)->(5 7) 1 0 0 0 #timing (279 278) ps polarity 1
net 595: (5 7)->(5 3) 3 1 0 0 #timing (558 505) ps polarity 1
net 595: (5 3)->(5 3) 1 0 0 1 #timing (778 687) ps  polarity 0
net 595: (5 3)->(4 3) 0 2 0 1 #timing (811 893) ps  polarity 1
net 595: (5 3)->(9 3) 4 5 0 0 #timing (927 829) ps polarity 1
net 595: (9 3)->(9 1) 1 1 0 1 #timing (1071 1131) ps  polarity 0
net 595: (9 1)->(8 1) 0 2 0 1 #timing (1222 1185) ps  polarity 1
net 595: (9 3)->(11 1) 1 3 0 1 #timing (1117 1160) ps  polarity 0
net 595: (11 1)->(10 1) 0 2 0 1 #timing (1279 1279) ps  polarity 1
net 595: (5 3)->(5 3) 5 0 0 0 #timing (690 647) ps polarity 0
net 595: (5 3)->(13 3) 5 2 0 1 #timing (1069 1016) ps  polarity 1
net 595: (13 3)->(13 1) 1 1 0 1 #timing (1265 1272) ps  polarity 0
net 595: (13 1)->(12 1) 0 2 0 1 #timing (1406 1406) ps  polarity 1
net 595: (5 7)->(5 6) 0 1 0 0 #timing (203 203) ps polarity 0
net 595: (5 6)->(5 6) 1 0 0 0 #timing (290 293) ps polarity 1
net 595: (5 6)->(5 6) 1 0 1 1 #timing (494 463) ps  polarity 0
net 595: (5 6)->(5 7) 0 1 0 1 #timing (589 609) ps  polarity 1
net 595: (5 6)->(9 6) 4 5 0 0 #timing (625 574) ps polarity 1
net 595: (9 6)->(9 6) 1 0 1 1 #timing (767 794) ps  polarity 0
net 595: (9 6)->(8 6) 0 2 0 1 #timing (925 885) ps  polarity 1
net 596: (16 24)->(16 25) 0 1 0 0 #timing (198 198) ps polarity 0
net 596: (16 25)->(18 25) 1 2 0 0 #timing (332 315) ps polarity 1
net 596: (18 25)->(18 25) 5 0 0 0 #timing (432 487) ps polarity 0
net 596: (18 25)->(18 17) 5 1 0 1 #timing (750 818) ps  polarity 1
net 596: (18 17)->(18 17) 1 0 0 1 #timing (1022 919) ps  polarity 0
net 596: (18 17)->(19 17) 0 2 0 1 #timing (1055 1143) ps  polarity 1
net 597: (19 18)->(19 18) 0 0 0 0 #timing (184 184) ps polarity 0
net 597: (19 18)->(19 16) 1 1 0 0 #timing (299 290) ps polarity 1
net 597: (19 16)->(19 16) 1 0 0 1 #timing (523 488) ps  polarity 0
net 597: (19 16)->(19 17) 0 1 0 1 #timing (648 656) ps  polarity 1
net 597: (19 18)->(18 19) 0 3 0 0 #timing (186 186) ps polarity 0
net 597: (18 19)->(16 17) 1 3 0 0 #timing (378 336) ps polarity 1
net 597: (16 17)->(16 17) 5 0 0 0 #timing (458 547) ps polarity 0
net 597: (16 17)->(16 25) 5 1 0 1 #timing (794 888) ps  polarity 1
net 597: (16 25)->(16 25) 1 0 0 1 #timing (1090 963) ps  polarity 0
net 597: (16 25)->(16 24) 0 1 0 1 #timing (1107 1214) ps  polarity 1
net 599: (25 6)->(25 6) 0 0 0 0 #timing (187 187) ps polarity 0
net 599: (25 6)->(27 6) 1 2 0 0 #timing (339 317) ps polarity 1
net 599: (27 6)->(27 2) 3 1 0 0 #timing (616 611) ps polarity 1
net 599: (27 2)->(27 2) 1 0 0 1 #timing (835 792) ps  polarity 0
net 599: (27 2)->(27 3) 0 1 0 1 #timing (940 960) ps  polarity 1
net 600: (23 7)->(23 7) 0 0 0 0 #timing (199 199) ps polarity 0
net 600: (23 7)->(23 7) 1 0 0 0 #timing (283 287) ps polarity 1
net 600: (23 7)->(27 7) 4 5 0 0 #timing (649 579) ps polarity 1
net 600: (27 7)->(25 7) 1 2 0 1 #timing (831 863) ps  polarity 0
net 600: (25 7)->(24 6) 0 3 0 1 #timing (1024 1001) ps  polarity 1
net 600: (27 7)->(27 3) 3 1 0 1 #timing (1089 1016) ps  polarity 1
net 600: (27 3)->(27 3) 1 0 0 1 #timing (1182 1116) ps  polarity 0
net 600: (27 3)->(27 3) 0 0 0 1 #timing (1217 1284) ps  polarity 1
net 601: (21 6)->(21 6) 0 0 0 0 #timing (184 184) ps polarity 0
net 601: (21 6)->(23 4) 1 3 0 0 #timing (338 313) ps polarity 1
net 601: (23 4)->(21 4) 1 2 0 1 #timing (614 549) ps  polarity 0
net 601: (21 4)->(20 4) 0 2 0 1 #timing (631 721) ps  polarity 1
net 601: (21 6)->(21 7) 0 1 0 0 #timing (194 194) ps polarity 0
net 601: (21 7)->(21 7) 1 0 0 0 #timing (279 277) ps polarity 1
net 601: (21 7)->(21 3) 3 1 0 0 #timing (554 504) ps polarity 1
net 601: (21 3)->(21 3) 1 0 1 1 #timing (766 682) ps  polarity 0
net 601: (21 3)->(21 3) 0 0 0 1 #timing (782 867) ps  polarity 1
net 601: (21 3)->(23 3) 1 2 0 1 #timing (815 715) ps  polarity 0
net 601: (23 3)->(23 3) 0 0 0 1 #timing (824 937) ps  polarity 1
net 601: (21 6)->(20 6) 0 2 0 0 #timing (192 192) ps polarity 0
net 601: (20 6)->(22 6) 1 2 0 0 #timing (316 302) ps polarity 1
net 601: (22 6)->(22 2) 3 1 0 0 #timing (605 594) ps polarity 1
net 601: (22 2)->(26 2) 4 5 0 0 #timing (921 883) ps polarity 1
net 601: (26 2)->(26 2) 1 0 1 1 #timing (1085 1094) ps  polarity 0
net 601: (26 2)->(27 3) 0 3 0 1 #timing (1213 1196) ps  polarity 1
net 601: (21 6)->(20 7) 0 3 0 0 #timing (187 187) ps polarity 0
net 601: (20 7)->(20 7) 1 0 0 0 #timing (275 276) ps polarity 1
net 601: (20 7)->(16 7) 4 2 0 0 #timing (549 512) ps polarity 1
net 601: (16 7)->(16 7) 5 0 0 0 #timing (674 657) ps polarity 0
net 601: (16 7)->(16 22) 13 1 1 0 #timing (1243 1150) ps polarity 1
net 601: (16 22)->(16 22) 5 0 1 1 #timing (1469 1388) ps  polarity 1
net 601: (16 22)->(16 20) 1 1 0 1 #timing (1669 1566) ps  polarity 1
net 601: (16 20)->(17 21) 0 3 0 1 #timing (1722 1828) ps  polarity 0
net 601: (20 7)->(22 5) 1 3 0 0 #timing (357 328) ps polarity 1
net 601: (22 5)->(26 5) 4 5 0 0 #timing (676 691) ps polarity 1
net 601: (26 5)->(26 5) 1 0 1 1 #timing (895 851) ps  polarity 0
net 601: (26 5)->(27 5) 0 2 0 1 #timing (990 1017) ps  polarity 1
net 601: (26 5)->(26 5) 5 0 1 0 #timing (809 837) ps polarity 0
net 601: (26 5)->(26 13) 5 1 0 1 #timing (1143 1178) ps  polarity 1
net 601: (26 13)->(24 13) 1 2 0 1 #timing (1406 1329) ps  polarity 0
net 601: (24 13)->(25 12) 0 3 0 1 #timing (1446 1523) ps  polarity 1
net 602: (12 26)->(12 26) 0 0 0 0 #timing (166 166) ps polarity 1
net 602: (12 26)->(12 24) 1 1 0 0 #timing (280 271) ps polarity 0
net 602: (12 24)->(16 24) 4 5 0 0 #timing (562 559) ps polarity 0
net 602: (16 24)->(16 24) 5 0 0 0 #timing (686 697) ps polarity 1
net 602: (16 24)->(16 16) 5 1 0 1 #timing (1029 1044) ps  polarity 0
net 602: (16 16)->(16 12) 3 4 0 1 #timing (1492 1367) ps  polarity 0
net 602: (16 12)->(18 14) 1 3 0 1 #timing (1671 1521) ps  polarity 1
net 602: (18 14)->(18 15) 0 1 0 1 #timing (1702 1863) ps  polarity 0
net 602: (12 26)->(12 27) 0 1 0 0 #timing (183 183) ps polarity 1
net 602: (12 27)->(14 27) 1 2 0 0 #timing (319 300) ps polarity 0
net 602: (14 27)->(18 27) 4 5 0 1 #timing (746 658) ps  polarity 0
net 602: (18 27)->(18 27) 1 0 1 1 #timing (933 821) ps  polarity 1
net 602: (18 27)->(18 27) 0 0 0 1 #timing (935 1042) ps  polarity 0
net 602: (14 27)->(14 27) 5 0 0 0 #timing (418 474) ps polarity 1
net 602: (14 27)->(14 19) 5 1 0 1 #timing (749 812) ps  polarity 0
net 602: (14 19)->(18 19) 4 5 0 1 #timing (1038 1055) ps  polarity 0
net 602: (18 19)->(18 15) 3 4 0 1 #timing (1348 1302) ps  polarity 0
net 602: (18 15)->(18 13) 1 1 0 1 #timing (1486 1434) ps  polarity 1
net 602: (18 13)->(19 12) 0 3 0 1 #timing (1600 1644) ps  polarity 0
net 603: (6 29)->(6 28) 0 1 0 0 #timing (219 219) ps polarity 1
net 603: (6 28)->(6 28) 1 0 0 0 #timing (302 303) ps polarity 0
net 603: (6 28)->(6 24) 3 1 0 0 #timing (588 536) ps polarity 0
net 603: (6 24)->(2 24) 4 2 0 0 #timing (944 845) ps polarity 0
net 603: (2 24)->(2 24) 5 0 1 0 #timing (1079 999) ps polarity 1
net 603: (2 24)->(10 16) 5 3 0 1 #timing (1655 1574) ps  polarity 1
net 603: (10 16)->(8 18) 1 3 0 1 #timing (1915 1795) ps  polarity 1
net 603: (8 18)->(9 19) 0 3 0 1 #timing (1953 2076) ps  polarity 0
net 603: (6 28)->(10 28) 4 5 0 0 #timing (613 571) ps polarity 0
net 603: (10 28)->(14 28) 4 2 0 1 #timing (888 819) ps  polarity 0
net 603: (14 28)->(14 24) 3 1 0 1 #timing (1201 1062) ps  polarity 0
net 603: (14 24)->(14 26) 1 1 0 1 #timing (1344 1199) ps  polarity 1
net 603: (14 26)->(15 26) 0 2 0 1 #timing (1307 1474) ps  polarity 0
net 636: (19 20)->(19 20) 0 0 0 0 #timing (162 162) ps polarity 1
net 636: (19 20)->(17 22) 1 3 0 0 #timing (317 290) ps polarity 0
net 636: (17 22)->(17 18) 3 1 0 0 #timing (601 628) ps polarity 0
net 636: (17 18)->(17 14) 3 4 0 1 #timing (1032 958) ps  polarity 0
net 636: (17 14)->(17 14) 1 0 1 1 #timing (1132 1062) ps  polarity 1
net 636: (17 14)->(17 15) 0 1 0 1 #timing (1210 1258) ps  polarity 0
net 637: (18 19)->(18 18) 0 1 0 0 #timing (700 700) ps polarity 1
net 637: (18 18)->(16 18) 1 2 0 0 #timing (841 827) ps polarity 0
net 637: (16 18)->(16 14) 3 4 0 1 #timing (1287 1179) ps  polarity 0
net 637: (16 14)->(16 14) 1 0 1 1 #timing (1381 1278) ps  polarity 1
net 637: (16 14)->(17 15) 0 3 0 1 #timing (1396 1491) ps  polarity 0
net 638: (10 12)->(10 12) 0 0 0 0 #timing (704 704) ps polarity 1
net 638: (10 12)->(8 14) 1 3 0 0 #timing (823 812) ps polarity 0
net 638: (8 14)->(12 14) 4 2 0 0 #timing (1086 1119) ps polarity 0
net 638: (12 14)->(16 14) 4 5 0 1 #timing (1399 1378) ps  polarity 0
net 638: (16 14)->(16 12) 1 1 0 1 #timing (1640 1578) ps  polarity 1
net 638: (16 12)->(16 13) 0 1 0 1 #timing (1707 1779) ps  polarity 0
net 638: (12 14)->(12 14) 5 0 1 0 #timing (1208 1257) ps polarity 1
net 638: (12 14)->(12 30) 13 1 0 0 #timing (1884 1714) ps polarity 0
net 638: (12 30)->(12 30) 5 0 0 1 #timing (2110 1949) ps  polarity 0
net 638: (12 30)->(8 30) 4 2 0 1 #timing (2389 2204) ps  polarity 1
net 638: (8 30)->(8 26) 3 1 0 1 #timing (2714 2459) ps  polarity 1
net 638: (8 26)->(8 26) 1 0 1 1 #timing (2815 2563) ps  polarity 0
net 638: (8 26)->(9 26) 0 2 0 1 #timing (2673 2922) ps  polarity 1
net 638: (12 14)->(28 14) 13 2 0 0 #timing (1884 1721) ps polarity 0
net 638: (28 14)->(20 14) 5 2 0 1 #timing (2411 2211) ps  polarity 1
net 638: (20 14)->(20 18) 3 4 0 1 #timing (2612 2716) ps  polarity 1
net 638: (20 18)->(20 18) 1 0 1 1 #timing (2711 2817) ps  polarity 0
net 638: (20 18)->(21 18) 0 2 0 1 #timing (2913 2809) ps  polarity 1
net 638: (20 18)->(21 19) 0 3 0 1 #timing (2938 2822) ps  polarity 1
net 639: (16 13)->(16 13) 0 0 0 0 #timing (186 186) ps polarity 0
net 639: (16 13)->(16 15) 1 1 0 0 #timing (291 287) ps polarity 1
net 639: (16 15)->(16 15) 1 0 0 1 #timing (517 487) ps  polarity 0
net 639: (16 15)->(17 15) 0 2 0 1 #timing (596 623) ps  polarity 1
net 640: (28 10)->(28 10) 0 0 0 0 #timing (649 649) ps polarity 1
net 640: (28 10)->(28 10) 1 0 0 0 #timing (720 726) ps polarity 0
net 640: (28 10)->(24 10) 4 2 0 1 #timing (1073 1021) ps  polarity 0
net 640: (24 10)->(26 10) 1 2 0 1 #timing (1312 1219) ps  polarity 1
net 640: (26 10)->(27 10) 0 2 0 1 #timing (1324 1424) ps  polarity 0
net 640: (28 10)->(30 8) 1 3 0 0 #timing (804 778) ps polarity 0
net 640: (30 8)->(28 10) 1 3 0 1 #timing (1128 1052) ps  polarity 1
net 640: (28 10)->(28 10) 0 0 0 1 #timing (1177 1286) ps  polarity 0
net 641: (26 11)->(26 11) 0 0 0 0 #timing (155 155) ps polarity 1
net 641: (26 11)->(24 9) 1 3 0 0 #timing (317 287) ps polarity 0
net 641: (24 9)->(26 11) 1 3 0 1 #timing (597 528) ps  polarity 1
net 641: (26 11)->(27 10) 0 3 0 1 #timing (677 751) ps  polarity 0
net 641: (24 9)->(28 9) 4 2 0 0 #timing (557 597) ps polarity 0
net 641: (28 9)->(28 11) 1 1 0 1 #timing (840 762) ps  polarity 1
net 641: (28 11)->(29 10) 0 3 0 1 #timing (930 1001) ps  polarity 0
net 642: (29 9)->(29 8) 0 1 0 0 #timing (190 190) ps polarity 0
net 642: (29 8)->(31 10) 1 3 0 0 #timing (342 319) ps polarity 1
net 642: (31 10)->(27 10) 4 2 0 1 #timing (767 683) ps  polarity 1
net 642: (27 10)->(27 10) 1 0 1 1 #timing (956 847) ps  polarity 0
net 642: (27 10)->(27 10) 0 0 0 1 #timing (994 1083) ps  polarity 1
net 643: (28 7)->(29 7) 0 2 0 0 #timing (198 198) ps polarity 0
net 643: (29 7)->(31 7) 1 2 0 0 #timing (325 305) ps polarity 1
net 643: (31 7)->(31 11) 3 4 0 0 #timing (635 612) ps polarity 1
net 643: (31 11)->(27 11) 4 2 0 0 #timing (891 853) ps polarity 1
net 643: (27 11)->(27 11) 1 0 0 1 #timing (1069 1076) ps  polarity 0
net 643: (27 11)->(27 10) 0 1 0 1 #timing (1195 1180) ps  polarity 1
net 644: (29 7)->(28 6) 0 3 0 0 #timing (202 202) ps polarity 0
net 644: (28 6)->(30 6) 1 2 0 0 #timing (349 333) ps polarity 1
net 644: (30 6)->(30 10) 3 4 0 0 #timing (658 639) ps polarity 1
net 644: (30 10)->(26 10) 4 2 0 0 #timing (979 917) ps polarity 1
net 644: (26 10)->(26 14) 3 1 0 1 #timing (1316 1295) ps  polarity 1
net 644: (26 14)->(26 12) 1 1 0 1 #timing (1457 1430) ps  polarity 0
net 644: (26 12)->(27 12) 0 2 0 1 #timing (1584 1616) ps  polarity 1
net 645: (27 4)->(26 5) 0 3 0 0 #timing (208 208) ps polarity 0
net 645: (26 5)->(26 5) 1 0 0 0 #timing (293 294) ps polarity 1
net 645: (26 5)->(26 5) 1 0 0 1 #timing (497 464) ps  polarity 0
net 645: (26 5)->(27 4) 0 3 0 1 #timing (595 614) ps  polarity 1
net 645: (26 5)->(26 7) 1 1 0 0 #timing (324 315) ps polarity 1
net 645: (26 7)->(24 5) 1 3 0 1 #timing (598 548) ps  polarity 0
net 645: (24 5)->(25 4) 0 3 0 1 #timing (680 739) ps  polarity 1
net 646: (9 20)->(9 20) 0 0 0 0 #timing (215 216) ps polarity 1
net 646: (9 20)->(11 20) 1 2 0 0 #timing (362 342) ps polarity 0
net 646: (11 20)->(15 20) 4 2 0 0 #timing (656 678) ps polarity 0
net 646: (15 20)->(19 20) 4 5 0 1 #timing (978 945) ps  polarity 0
net 646: (19 20)->(19 24) 3 4 0 1 #timing (1276 1181) ps  polarity 0
net 646: (19 24)->(19 26) 1 1 0 1 #timing (1418 1314) ps  polarity 1
net 646: (19 26)->(18 26) 0 2 0 1 #timing (1465 1584) ps  polarity 0
net 647: (7 21)->(6 21) 0 2 0 0 #timing (151 151) ps polarity 0
net 647: (6 21)->(4 21) 1 2 0 0 #timing (279 269) ps polarity 1
net 647: (4 21)->(6 21) 1 2 0 1 #timing (566 518) ps  polarity 0
net 647: (6 21)->(6 20) 0 1 0 1 #timing (661 721) ps  polarity 1
net 648: (7 6)->(7 6) 0 0 0 0 #timing (187 187) ps polarity 0
net 648: (7 6)->(5 4) 1 3 0 0 #timing (340 317) ps polarity 1
net 648: (5 4)->(9 4) 4 5 0 0 #timing (668 674) ps polarity 1
net 648: (9 4)->(9 4) 5 0 0 0 #timing (789 810) ps polarity 0
net 648: (9 4)->(9 12) 5 1 0 1 #timing (1152 1182) ps  polarity 1
net 648: (9 12)->(9 16) 3 4 0 1 #timing (1642 1515) ps  polarity 1
net 648: (9 16)->(11 16) 1 2 0 1 #timing (1840 1684) ps  polarity 0
net 648: (11 16)->(10 16) 0 2 0 1 #timing (1780 1972) ps  polarity 1
net 648: (7 6)->(7 7) 0 1 0 0 #timing (199 199) ps polarity 0
net 648: (7 7)->(5 5) 1 3 0 0 #timing (352 331) ps polarity 1
net 648: (5 5)->(5 5) 5 0 0 0 #timing (448 512) ps polarity 0
net 648: (5 5)->(5 20) 13 1 1 0 #timing (1172 977) ps polarity 1
net 648: (5 20)->(5 20) 5 0 1 1 #timing (1399 1215) ps  polarity 1
net 648: (5 20)->(7 20) 1 2 0 1 #timing (1584 1384) ps  polarity 1
net 648: (7 20)->(6 20) 0 2 0 1 #timing (1515 1718) ps  polarity 0
net 649: (6 4)->(7 4) 0 2 0 0 #timing (214 214) ps polarity 0
net 649: (7 4)->(7 4) 1 0 0 0 #timing (296 299) ps polarity 1
net 649: (7 4)->(7 0) 3 1 0 0 #timing (596 537) ps polarity 1
net 649: (7 0)->(7 0) 5 0 1 0 #timing (738 690) ps polarity 0
net 649: (7 0)->(7 16) 13 1 0 0 #timing (1315 1246) ps polarity 1
net 649: (7 16)->(7 16) 5 0 0 1 #timing (1660 1606) ps  polarity 1
net 649: (7 16)->(7 18) 1 1 0 1 #timing (1851 1781) ps  polarity 1
net 649: (7 18)->(7 19) 0 1 0 1 #timing (1889 1978) ps  polarity 0
net 649: (6 4)->(7 5) 0 3 0 0 #timing (217 217) ps polarity 0
net 649: (7 5)->(7 5) 1 0 0 0 #timing (310 310) ps polarity 1
net 649: (7 5)->(7 5) 5 0 0 0 #timing (412 429) ps polarity 0
net 649: (7 5)->(7 13) 5 1 0 1 #timing (788 808) ps  polarity 1
net 649: (7 13)->(11 13) 4 5 0 1 #timing (1135 1095) ps  polarity 1
net 649: (11 13)->(11 17) 3 4 0 1 #timing (1443 1347) ps  polarity 1
net 649: (11 17)->(11 19) 1 1 0 1 #timing (1588 1485) ps  polarity 0
net 649: (11 19)->(11 18) 0 1 0 1 #timing (1617 1733) ps  polarity 1
net 650: (11 12)->(11 13) 0 1 0 0 #timing (194 194) ps polarity 0
net 650: (11 13)->(11 15) 1 1 0 0 #timing (312 298) ps polarity 1
net 650: (11 15)->(11 19) 3 4 0 0 #timing (603 583) ps polarity 1
net 650: (11 19)->(7 19) 4 5 0 0 #timing (1035 934) ps polarity 1
net 650: (7 19)->(7 19) 1 0 1 1 #timing (1139 1212) ps  polarity 0
net 650: (7 19)->(6 19) 0 2 0 1 #timing (1357 1266) ps  polarity 1
net 650: (11 13)->(9 15) 1 3 0 0 #timing (366 330) ps polarity 1
net 650: (9 15)->(9 19) 3 4 0 1 #timing (816 703) ps  polarity 1
net 650: (9 19)->(11 19) 1 2 0 1 #timing (1008 873) ps  polarity 0
net 650: (11 19)->(10 18) 0 3 0 1 #timing (1030 1179) ps  polarity 1
net 653: (8 27)->(8 27) 0 0 0 0 #timing (797 797) ps polarity 1
net 653: (8 27)->(10 25) 1 3 0 0 #timing (972 939) ps polarity 0
net 653: (10 25)->(8 27) 1 3 0 1 #timing (1252 1178) ps  polarity 1
net 653: (8 27)->(8 27) 0 0 0 1 #timing (1331 1411) ps  polarity 0
net 653: (10 25)->(10 21) 3 4 0 0 #timing (1249 1256) ps polarity 0
net 653: (10 21)->(8 23) 1 3 0 1 #timing (1514 1471) ps  polarity 1
net 653: (8 23)->(9 22) 0 3 0 1 #timing (1641 1685) ps  polarity 0
net 653: (10 21)->(10 21) 5 0 1 0 #timing (1381 1398) ps polarity 1
net 653: (10 21)->(10 5) 13 1 0 0 #timing (2068 1924) ps polarity 0
net 653: (10 5)->(2 13) 5 3 0 1 #timing (2760 2597) ps  polarity 0
net 653: (2 13)->(6 13) 4 2 0 1 #timing (2895 3052) ps  polarity 1
net 653: (6 13)->(4 15) 1 3 0 1 #timing (3176 3277) ps  polarity 0
net 653: (4 15)->(5 14) 0 3 0 1 #timing (3441 3357) ps  polarity 1
net 654: (9 27)->(9 27) 0 0 0 0 #timing (760 760) ps polarity 1
net 654: (9 27)->(11 25) 1 3 0 0 #timing (934 899) ps polarity 0
net 654: (11 25)->(9 27) 1 3 0 1 #timing (1282 1183) ps  polarity 1
net 654: (9 27)->(9 27) 0 0 0 1 #timing (1336 1472) ps  polarity 0
net 654: (11 25)->(11 25) 5 0 0 0 #timing (1024 1108) ps polarity 1
net 654: (11 25)->(11 8) 13 1 1 0 #timing (1833 1602) ps polarity 0
net 654: (11 8)->(11 8) 5 0 0 1 #timing (2067 1847) ps  polarity 0
net 654: (11 8)->(7 8) 4 5 0 1 #timing (2524 2211) ps  polarity 1
net 654: (7 8)->(7 12) 3 1 0 1 #timing (2823 2460) ps  polarity 1
net 654: (7 12)->(5 14) 1 3 0 1 #timing (3000 2619) ps  polarity 0
net 654: (5 14)->(5 14) 0 0 0 1 #timing (2732 3147) ps  polarity 1
net 654: (11 25)->(27 25) 13 2 0 0 #timing (1770 1557) ps polarity 0
net 654: (27 25)->(19 17) 5 3 0 1 #timing (2528 2293) ps  polarity 0
net 654: (19 17)->(19 13) 3 4 0 1 #timing (2943 2611) ps  polarity 1
net 654: (19 13)->(17 13) 1 2 0 1 #timing (3084 2741) ps  polarity 0
net 654: (17 13)->(17 13) 0 0 0 1 #timing (2872 3233) ps  polarity 1
net 654: (11 25)->(26 25) 13 2 1 0 #timing (1740 1534) ps polarity 0
net 654: (26 25)->(26 25) 5 0 0 1 #timing (1974 1781) ps  polarity 0
net 654: (26 25)->(22 25) 4 5 0 1 #timing (2347 2091) ps  polarity 1
net 654: (22 25)->(22 21) 3 4 0 1 #timing (2650 2333) ps  polarity 1
net 654: (22 21)->(20 21) 1 2 0 1 #timing (2800 2474) ps  polarity 0
net 654: (20 21)->(21 21) 0 2 0 1 #timing (2601 2938) ps  polarity 1
net 655: (21 16)->(20 17) 0 3 0 0 #timing (208 208) ps polarity 0
net 655: (20 17)->(20 17) 1 0 0 0 #timing (294 295) ps polarity 1
net 655: (20 17)->(20 17) 5 0 1 0 #timing (401 416) ps polarity 0
net 655: (20 17)->(5 17) 13 2 1 0 #timing (1044 913) ps polarity 1
net 655: (5 17)->(5 17) 5 0 1 1 #timing (1286 1167) ps  polarity 1
net 655: (5 17)->(5 13) 3 4 0 1 #timing (1646 1453) ps  polarity 0
net 655: (5 13)->(5 15) 1 1 0 1 #timing (1784 1585) ps  polarity 1
net 655: (5 15)->(5 14) 0 1 0 1 #timing (1715 1922) ps  polarity 0
net 656: (17 15)->(16 14) 0 3 0 0 #timing (199 199) ps polarity 0
net 656: (16 14)->(16 12) 1 1 0 0 #timing (348 326) ps polarity 1
net 656: (16 12)->(12 12) 4 5 0 0 #timing (639 625) ps polarity 1
net 656: (12 12)->(12 12) 5 0 1 0 #timing (765 770) ps polarity 0
net 656: (12 12)->(4 12) 5 2 0 1 #timing (1108 1113) ps  polarity 1
net 656: (4 12)->(4 14) 1 1 0 1 #timing (1360 1309) ps  polarity 0
net 656: (4 14)->(5 14) 0 2 0 1 #timing (1415 1485) ps  polarity 1
net 657: (21 21)->(21 20) 0 1 0 0 #timing (190 190) ps polarity 0
net 657: (21 20)->(21 22) 1 1 0 0 #timing (302 292) ps polarity 1
net 657: (21 22)->(21 22) 5 0 1 0 #timing (406 448) ps polarity 0
net 657: (21 22)->(4 22) 13 2 1 0 #timing (1142 964) ps polarity 1
net 657: (4 22)->(4 7) 13 1 1 0 #timing (1642 1731) ps polarity 0
net 657: (4 7)->(4 15) 5 1 0 1 #timing (2078 2148) ps  polarity 1
net 657: (4 15)->(4 13) 1 1 0 1 #timing (2397 2281) ps  polarity 0
net 657: (4 13)->(5 13) 0 2 0 1 #timing (2402 2529) ps  polarity 1
net 658: (25 8)->(25 8) 0 0 0 0 #timing (216 216) ps polarity 1
net 658: (25 8)->(27 8) 1 2 0 0 #timing (363 343) ps polarity 0
net 658: (27 8)->(27 4) 3 4 0 0 #timing (652 647) ps polarity 0
net 658: (27 4)->(27 4) 1 0 0 1 #timing (863 825) ps  polarity 1
net 658: (27 4)->(26 5) 0 3 0 1 #timing (984 995) ps  polarity 0
net 658: (25 8)->(25 9) 0 1 0 0 #timing (230 230) ps polarity 1
net 658: (25 9)->(25 11) 1 1 0 0 #timing (373 362) ps polarity 0
net 658: (25 11)->(25 7) 3 4 0 0 #timing (679 651) ps polarity 0
net 658: (25 7)->(25 7) 1 0 0 1 #timing (901 835) ps  polarity 1
net 658: (25 7)->(25 7) 0 0 0 1 #timing (933 1001) ps  polarity 0
net 658: (25 7)->(25 5) 1 1 0 1 #timing (942 864) ps  polarity 1
net 658: (25 5)->(24 5) 0 2 0 1 #timing (1021 1093) ps  polarity 0
net 658: (25 8)->(24 8) 0 2 0 0 #timing (214 214) ps polarity 1
net 658: (24 8)->(24 8) 1 0 0 0 #timing (299 299) ps polarity 0
net 658: (24 8)->(24 12) 3 1 0 0 #timing (584 533) ps polarity 0
net 658: (24 12)->(24 12) 1 0 0 1 #timing (804 716) ps  polarity 1
net 658: (24 12)->(25 12) 0 2 0 1 #timing (828 913) ps  polarity 0
net 660: (2 5)->(2 5) 0 0 0 0 #timing (161 161) ps polarity 1
net 660: (2 5)->(2 5) 1 0 0 0 #timing (236 239) ps polarity 0
net 660: (2 5)->(2 9) 3 4 0 0 #timing (588 507) ps polarity 0
net 660: (2 9)->(6 9) 4 2 0 0 #timing (892 791) ps polarity 0
net 660: (6 9)->(4 9) 1 2 0 1 #timing (1063 1112) ps  polarity 1
net 660: (4 9)->(5 9) 0 2 0 1 #timing (1240 1203) ps  polarity 0
net 660: (6 9)->(6 9) 5 0 1 0 #timing (1019 933) ps polarity 1
net 660: (6 9)->(6 1) 5 1 0 1 #timing (1372 1290) ps  polarity 0
net 660: (6 1)->(4 3) 1 3 0 1 #timing (1588 1602) ps  polarity 1
net 660: (4 3)->(4 3) 0 0 0 1 #timing (1791 1787) ps  polarity 0
net 663: (18 16)->(18 17) 0 1 0 0 #timing (195 195) ps polarity 0
net 663: (18 17)->(16 17) 1 2 0 0 #timing (331 312) ps polarity 1
net 663: (16 17)->(16 13) 3 4 0 0 #timing (610 603) ps polarity 1
net 663: (16 13)->(16 9) 3 1 0 1 #timing (1046 936) ps  polarity 1
net 663: (16 9)->(16 11) 1 1 0 1 #timing (1176 1063) ps  polarity 0
net 663: (16 11)->(17 11) 0 2 0 1 #timing (1184 1309) ps  polarity 1
net 663: (18 16)->(19 16) 0 2 0 0 #timing (201 201) ps polarity 0
net 663: (19 16)->(19 16) 1 0 0 0 #timing (278 281) ps polarity 1
net 663: (19 16)->(19 16) 1 0 1 1 #timing (481 451) ps  polarity 0
net 663: (19 16)->(18 17) 0 3 0 1 #timing (612 613) ps  polarity 1
net 663: (19 16)->(19 12) 3 4 0 0 #timing (569 511) ps polarity 1
net 663: (19 12)->(19 8) 3 1 0 1 #timing (1008 842) ps  polarity 1
net 663: (19 8)->(17 10) 1 3 0 1 #timing (1183 995) ps  polarity 0
net 663: (17 10)->(16 10) 0 2 0 1 #timing (1149 1368) ps  polarity 1
net 663: (19 12)->(15 12) 4 5 0 1 #timing (987 842) ps  polarity 1
net 663: (15 12)->(15 8) 3 1 0 1 #timing (1288 1080) ps  polarity 1
net 663: (15 8)->(15 8) 1 0 1 1 #timing (1383 1181) ps  polarity 0
net 663: (15 8)->(14 9) 0 3 0 1 #timing (1323 1505) ps  polarity 1
net 664: (8 7)->(8 7) 0 0 0 0 #timing (209 209) ps polarity 0
net 664: (8 7)->(8 7) 1 0 0 0 #timing (289 293) ps polarity 1
net 664: (8 7)->(12 7) 4 2 0 0 #timing (555 533) ps polarity 1
net 664: (12 7)->(12 7) 5 0 0 0 #timing (672 668) ps polarity 0
net 664: (12 7)->(12 15) 5 1 0 1 #timing (1008 1005) ps  polarity 1
net 664: (12 15)->(12 19) 3 4 0 1 #timing (1218 1171) ps 
net 664: (12 15)->(16 15) 4 5 0 1 #timing (1284 1245) ps  polarity 1
net 664: (16 15)->(16 13) 1 1 0 1 #timing (1512 1438) ps  polarity 0
net 664: (16 13)->(16 12) 0 1 0 1 #timing (1575 1651) ps  polarity 1
net 664: (8 7)->(8 7) 5 0 0 0 #timing (396 409) ps polarity 0
net 664: (8 7)->(8 15) 5 1 0 1 #timing (732 750) ps  polarity 1
net 664: (8 15)->(12 15) 4 2 0 1 #timing (951 955) ps  polarity 1
net 664: (12 15)->(12 19) 3 4 0 1 #timing (1218 1171) ps  polarity 1
net 664: (12 19)->(12 19) 1 0 0 1 #timing (1311 1271) ps  polarity 0
net 664: (12 19)->(12 18) 0 1 0 1 #timing (1418 1437) ps  polarity 1
net 665: (18 15)->(18 14) 0 1 0 0 #timing (198 198) ps polarity 0
net 665: (18 14)->(18 14) 1 0 0 0 #timing (283 281) ps polarity 1
net 665: (18 14)->(18 18) 3 4 0 0 #timing (533 497) ps polarity 1
net 665: (18 18)->(14 18) 4 5 0 0 #timing (860 775) ps polarity 1
net 665: (14 18)->(14 18) 5 0 0 0 #timing (987 920) ps polarity 0
net 665: (14 18)->(14 26) 5 1 0 1 #timing (1329 1262) ps  polarity 1
net 665: (14 26)->(12 24) 1 3 0 1 #timing (1550 1553) ps  polarity 0
net 665: (12 24)->(12 24) 0 0 0 1 #timing (1677 1699) ps  polarity 1
net 665: (18 14)->(14 14) 4 5 0 0 #timing (606 548) ps polarity 1
net 665: (14 14)->(14 12) 1 1 0 1 #timing (791 813) ps  polarity 0
net 665: (14 12)->(14 13) 0 1 0 1 #timing (948 945) ps  polarity 1
net 667: (15 22)->(15 22) 0 0 0 0 #timing (183 183) ps polarity 0
net 667: (15 22)->(13 22) 1 2 0 0 #timing (311 297) ps polarity 1
net 667: (13 22)->(17 22) 4 5 0 1 #timing (735 656) ps  polarity 1
net 667: (17 22)->(17 22) 1 0 1 1 #timing (920 817) ps  polarity 0
net 667: (17 22)->(16 23) 0 3 0 1 #timing (980 1054) ps  polarity 1
net 668: (17 22)->(16 23) 0 3 0 0 #timing (208 208) ps polarity 0
net 668: (16 23)->(16 23) 1 0 0 0 #timing (294 295) ps polarity 1
net 668: (16 23)->(16 23) 1 0 0 1 #timing (498 466) ps  polarity 0
net 668: (16 23)->(16 23) 0 0 0 1 #timing (593 615) ps  polarity 1
net 669: (16 27)->(16 26) 0 1 0 0 #timing (198 198) ps polarity 0
net 669: (16 26)->(18 24) 1 3 0 0 #timing (393 348) ps polarity 1
net 669: (18 24)->(18 20) 3 4 0 1 #timing (903 749) ps  polarity 1
net 669: (18 20)->(16 22) 1 3 0 1 #timing (1074 902) ps  polarity 0
net 669: (16 22)->(16 23) 0 1 0 1 #timing (1039 1229) ps  polarity 1
net 670: (17 24)->(17 25) 0 1 0 0 #timing (193 193) ps polarity 0
net 670: (17 25)->(17 27) 1 1 0 0 #timing (317 302) ps polarity 1
net 670: (17 27)->(17 23) 3 4 0 1 #timing (783 670) ps  polarity 1
net 670: (17 23)->(17 23) 1 0 0 1 #timing (882 773) ps  polarity 0
net 670: (17 23)->(16 23) 0 2 0 1 #timing (906 1001) ps  polarity 1
net 671: (13 16)->(13 17) 0 1 0 0 #timing (190 190) ps polarity 0
net 671: (13 17)->(13 17) 1 0 0 0 #timing (269 268) ps polarity 1
net 671: (13 17)->(13 13) 3 4 0 0 #timing (551 498) ps polarity 1
net 671: (13 13)->(17 13) 4 5 0 0 #timing (885 786) ps polarity 1
net 671: (17 13)->(17 13) 1 0 1 1 #timing (980 1054) ps  polarity 0
net 671: (17 13)->(16 12) 0 3 0 1 #timing (1200 1103) ps  polarity 1
net 673: (13 17)->(13 16) 0 1 0 0 #timing (157 157) ps polarity 1
net 673: (13 16)->(13 18) 1 1 0 0 #timing (268 260) ps polarity 0
net 673: (13 18)->(9 18) 4 2 0 0 #timing (562 564) ps polarity 0
net 673: (9 18)->(5 18) 4 5 0 1 #timing (865 840) ps  polarity 0
net 673: (5 18)->(5 14) 3 4 0 1 #timing (1215 1118) ps  polarity 0
net 673: (5 14)->(5 14) 1 0 0 1 #timing (1310 1218) ps  polarity 1
net 673: (5 14)->(4 14) 0 2 0 1 #timing (1340 1423) ps  polarity 0
net 676: (6 21)->(7 21) 0 2 0 0 #timing (207 207) ps polarity 0
net 676: (7 21)->(7 21) 1 0 0 0 #timing (280 286) ps polarity 1
net 676: (7 21)->(7 17) 3 1 0 0 #timing (567 519) ps polarity 1
net 676: (7 17)->(7 19) 1 1 0 1 #timing (829 731) ps  polarity 0
net 676: (7 19)->(7 19) 0 0 0 1 #timing (848 960) ps  polarity 1
net 677: (4 8)->(4 8) 0 0 0 0 #timing (163 163) ps polarity 1
net 677: (4 8)->(4 8) 1 0 0 0 #timing (239 241) ps polarity 0
net 677: (4 8)->(4 4) 3 4 0 0 #timing (488 453) ps polarity 0
net 677: (4 4)->(4 6) 1 1 0 1 #timing (734 655) ps  polarity 1
net 677: (4 6)->(4 6) 0 0 0 1 #timing (791 876) ps  polarity 0
net 677: (4 8)->(4 8) 5 0 0 0 #timing (343 358) ps polarity 1
net 677: (4 8)->(4 0) 5 1 0 1 #timing (722 734) ps  polarity 0
net 677: (4 0)->(4 0) 1 0 0 1 #timing (939 893) ps  polarity 1
net 677: (4 0)->(4 1) 0 1 0 1 #timing (1052 1069) ps  polarity 0
net 677: (4 0)->(6 0) 1 2 0 1 #timing (994 932) ps  polarity 1
net 677: (6 0)->(6 1) 0 1 0 1 #timing (1124 1196) ps  polarity 0
net 677: (4 0)->(0 0) 4 2 0 1 #timing (996 975) ps  polarity 0
net 677: (0 0)->(2 0) 1 2 0 1 #timing (1260 1188) ps  polarity 1
net 677: (2 0)->(2 1) 0 1 0 1 #timing (1337 1431) ps  polarity 0
net 677: (4 8)->(12 8) 5 2 0 1 #timing (695 710) ps  polarity 0
net 677: (12 8)->(12 4) 3 4 0 1 #timing (1150 1021) ps  polarity 0
net 677: (12 4)->(12 6) 1 1 0 1 #timing (1281 1148) ps  polarity 1
net 677: (12 6)->(12 6) 0 0 0 1 #timing (1285 1423) ps  polarity 0
net 686: (15 17)->(15 17) 0 0 0 0 #timing (156 156) ps polarity 1
net 686: (15 17)->(15 17) 1 0 0 0 #timing (233 235) ps polarity 0
net 686: (15 17)->(15 17) 1 0 1 1 #timing (436 406) ps  polarity 1
net 686: (15 17)->(14 16) 0 3 0 1 #timing (529 549) ps  polarity 0
net 686: (15 17)->(15 21) 3 1 0 0 #timing (508 458) ps polarity 0
net 686: (15 21)->(19 21) 4 5 0 0 #timing (866 769) ps polarity 0
net 686: (19 21)->(17 21) 1 2 0 1 #timing (1008 1066) ps  polarity 1
net 686: (17 21)->(17 20) 0 1 0 1 #timing (1192 1149) ps  polarity 0
net 686: (15 17)->(15 13) 3 4 0 0 #timing (543 477) ps polarity 0
net 686: (15 13)->(19 13) 4 5 0 0 #timing (890 781) ps polarity 0
net 686: (19 13)->(23 13) 4 2 0 1 #timing (1150 1029) ps  polarity 0
net 686: (23 13)->(23 9) 3 1 0 1 #timing (1524 1325) ps  polarity 0
net 686: (23 9)->(21 9) 1 2 0 1 #timing (1664 1464) ps  polarity 1
net 686: (21 9)->(21 8) 0 1 0 1 #timing (1580 1796) ps  polarity 0
net 686: (15 17)->(19 17) 4 5 0 0 #timing (547 499) ps polarity 0
net 686: (19 17)->(19 17) 5 0 1 0 #timing (669 637) ps polarity 1
net 686: (19 17)->(19 1) 13 1 0 0 #timing (1265 1180) ps polarity 0
net 686: (19 1)->(19 1) 5 0 1 1 #timing (1499 1425) ps  polarity 0
net 686: (19 1)->(23 1) 4 2 0 1 #timing (1803 1703) ps  polarity 1
net 686: (23 1)->(23 3) 1 1 0 1 #timing (2037 1901) ps  polarity 0
net 686: (23 3)->(23 2) 0 1 0 1 #timing (2010 2164) ps  polarity 1
net 686: (19 1)->(27 1) 5 2 0 1 #timing (1859 1730) ps  polarity 1
net 686: (27 1)->(27 3) 1 1 0 1 #timing (1987 2068) ps  polarity 0
net 686: (27 3)->(27 2) 0 1 0 1 #timing (2181 2114) ps  polarity 1
net 686: (15 17)->(15 16) 0 1 0 0 #timing (157 157) ps polarity 1
net 686: (15 16)->(13 18) 1 3 0 0 #timing (314 284) ps polarity 0
net 686: (13 18)->(13 14) 3 4 0 0 #timing (590 617) ps polarity 0
net 686: (13 14)->(17 14) 4 5 0 0 #timing (926 913) ps polarity 0
net 686: (17 14)->(17 14) 5 0 0 0 #timing (1046 1049) ps polarity 1
net 686: (17 14)->(25 14) 5 2 0 1 #timing (1429 1428) ps  polarity 0
net 686: (25 14)->(25 10) 3 1 0 1 #timing (1883 1777) ps  polarity 0
net 686: (25 10)->(25 8) 1 1 0 1 #timing (2035 1927) ps  polarity 1
net 686: (25 8)->(25 8) 0 0 0 1 #timing (2011 2143) ps  polarity 0
net 686: (15 17)->(14 16) 0 3 0 0 #timing (180 180) ps polarity 1
net 686: (14 16)->(12 16) 1 2 0 0 #timing (322 302) ps polarity 0
net 686: (12 16)->(12 12) 3 4 0 0 #timing (593 587) ps polarity 0
net 686: (12 12)->(16 12) 4 5 0 0 #timing (881 856) ps polarity 0
net 686: (16 12)->(16 12) 5 0 0 0 #timing (1003 993) ps polarity 1
net 686: (16 12)->(16 4) 5 1 0 1 #timing (1326 1325) ps  polarity 0
net 686: (16 4)->(20 4) 4 2 0 1 #timing (1583 1555) ps  polarity 0
net 686: (20 4)->(20 6) 1 1 0 1 #timing (1818 1753) ps  polarity 1
net 686: (20 6)->(20 7) 0 1 0 1 #timing (1862 1948) ps  polarity 0
net 687: (14 9)->(14 9) 0 0 0 0 #timing (191 191) ps polarity 0
net 687: (14 9)->(14 9) 1 0 0 0 #timing (263 269) ps polarity 1
net 687: (14 9)->(18 9) 4 5 0 0 #timing (546 511) ps polarity 1
net 687: (18 9)->(18 13) 3 1 0 1 #timing (883 838) ps  polarity 1
net 687: (18 13)->(18 13) 1 0 0 1 #timing (981 942) ps  polarity 0
net 687: (18 13)->(18 12) 0 1 0 1 #timing (1086 1105) ps  polarity 1
net 688: (13 7)->(12 7) 0 2 0 0 #timing (221 220) ps polarity 0
net 688: (12 7)->(12 5) 1 1 0 0 #timing (337 330) ps polarity 1
net 688: (12 5)->(12 5) 5 0 1 0 #timing (442 481) ps polarity 0
net 688: (12 5)->(4 13) 5 3 0 1 #timing (1086 1127) ps  polarity 0
net 688: (4 13)->(8 13) 4 5 0 1 #timing (1541 1457) ps  polarity 1
net 688: (8 13)->(10 13) 1 2 0 1 #timing (1780 1655) ps  polarity 0
net 688: (10 13)->(10 13) 0 0 0 1 #timing (1818 1921) ps  polarity 1
net 698: (6 17)->(6 17) 0 0 0 0 #timing (198 198) ps polarity 1
net 698: (6 17)->(4 19) 1 3 0 0 #timing (365 336) ps polarity 0
net 698: (4 19)->(6 19) 1 2 0 1 #timing (672 606) ps  polarity 1
net 698: (6 19)->(6 19) 0 0 0 1 #timing (764 842) ps  polarity 0
net 698: (4 19)->(4 23) 3 1 0 0 #timing (656 681) ps polarity 0
net 698: (4 23)->(4 23) 5 0 0 0 #timing (779 816) ps polarity 1
net 698: (4 23)->(4 6) 13 1 1 0 #timing (1461 1302) ps polarity 0
net 698: (4 6)->(4 6) 5 0 0 1 #timing (1705 1558) ps  polarity 0
net 698: (4 6)->(8 6) 4 5 0 1 #timing (2110 1891) ps  polarity 1
net 698: (8 6)->(10 6) 1 2 0 1 #timing (2354 2090) ps  polarity 0
net 698: (10 6)->(10 7) 0 1 0 1 #timing (2279 2504) ps  polarity 1
net 698: (4 6)->(12 6) 5 2 0 1 #timing (1943 1755) ps  polarity 1
net 698: (12 6)->(14 6) 1 2 0 1 #timing (2009 2147) ps  polarity 0
net 698: (14 6)->(14 7) 0 1 0 1 #timing (2315 2178) ps  polarity 1
net 698: (6 17)->(7 17) 0 2 0 0 #timing (198 198) ps polarity 1
net 698: (7 17)->(5 17) 1 2 0 0 #timing (348 322) ps polarity 0
net 698: (5 17)->(5 13) 3 4 0 0 #timing (643 616) ps polarity 0
net 698: (5 13)->(9 13) 4 5 0 0 #timing (1007 937) ps polarity 0
net 698: (9 13)->(9 13) 1 0 1 1 #timing (1130 1175) ps  polarity 1
net 698: (9 13)->(8 12) 0 3 0 1 #timing (1327 1257) ps  polarity 0
net 699: (17 7)->(17 6) 0 1 0 0 #timing (202 202) ps polarity 0
net 699: (17 6)->(17 6) 1 0 0 0 #timing (288 290) ps polarity 1
net 699: (17 6)->(17 6) 5 0 0 0 #timing (391 405) ps polarity 0
net 699: (17 6)->(17 22) 13 1 0 0 #timing (1003 880) ps polarity 1
net 699: (17 22)->(17 22) 5 0 1 1 #timing (1236 1121) ps  polarity 1
net 699: (17 22)->(21 22) 4 2 0 1 #timing (1545 1393) ps  polarity 0
net 699: (21 22)->(21 26) 3 4 0 1 #timing (1821 1618) ps  polarity 0
net 699: (21 26)->(21 24) 1 1 0 1 #timing (1990 1768) ps  polarity 1
net 699: (21 24)->(20 24) 0 2 0 1 #timing (1900 2129) ps  polarity 0
net 699: (21 24)->(20 25) 0 3 0 1 #timing (1923 2140) ps  polarity 0
net 699: (17 6)->(17 4) 1 1 0 0 #timing (322 314) ps polarity 1
net 699: (17 4)->(17 4) 5 0 0 0 #timing (423 460) ps polarity 0
net 699: (17 4)->(17 12) 5 1 0 1 #timing (773 813) ps  polarity 1
net 699: (17 12)->(17 16) 3 4 0 1 #timing (1205 1075) ps  polarity 1
net 699: (17 16)->(19 18) 1 3 0 1 #timing (1394 1235) ps  polarity 0
net 699: (19 18)->(18 19) 0 3 0 1 #timing (1422 1586) ps  polarity 1
net 700: (14 15)->(15 14) 0 3 0 0 #timing (209 209) ps polarity 0
net 700: (15 14)->(15 12) 1 1 0 0 #timing (338 326) ps polarity 1
net 700: (15 12)->(15 12) 1 0 1 1 #timing (555 518) ps  polarity 0
net 700: (15 12)->(14 13) 0 3 0 1 #timing (655 675) ps  polarity 1
net 700: (15 12)->(15 16) 3 4 0 0 #timing (625 599) ps polarity 1
net 700: (15 16)->(15 16) 5 0 0 0 #timing (748 735) ps polarity 0
net 700: (15 16)->(15 24) 5 1 0 1 #timing (1070 1062) ps  polarity 1
net 700: (15 24)->(13 24) 1 2 0 1 #timing (1315 1273) ps  polarity 0
net 700: (13 24)->(12 24) 0 2 0 1 #timing (1419 1471) ps  polarity 1
net 701: (17 12)->(17 12) 0 0 0 0 #timing (184 184) ps polarity 0
net 701: (17 12)->(19 14) 1 3 0 0 #timing (327 307) ps polarity 1
net 701: (19 14)->(19 10) 3 1 0 0 #timing (620 623) ps polarity 1
net 701: (19 10)->(19 10) 1 0 1 1 #timing (831 799) ps  polarity 0
net 701: (19 10)->(18 10) 0 2 0 1 #timing (928 948) ps  polarity 1
net 701: (19 10)->(17 10) 1 2 0 1 #timing (875 830) ps  polarity 0
net 701: (17 10)->(16 11) 0 3 0 1 #timing (1007 1046) ps  polarity 1
net 701: (17 12)->(17 13) 0 1 0 0 #timing (193 193) ps polarity 0
net 701: (17 13)->(19 13) 1 2 0 0 #timing (339 320) ps polarity 1
net 701: (19 13)->(19 9) 3 1 0 0 #timing (627 626) ps polarity 1
net 701: (19 9)->(19 11) 1 1 0 1 #timing (884 834) ps  polarity 0
net 701: (19 11)->(18 11) 0 2 0 1 #timing (968 1024) ps  polarity 1
net 704: (19 13)->(19 12) 0 1 0 0 #timing (203 203) ps polarity 0
net 704: (19 12)->(19 12) 1 0 0 0 #timing (290 294) ps polarity 1
net 704: (19 12)->(19 8) 3 1 0 0 #timing (576 518) ps polarity 1
net 704: (19 8)->(17 8) 1 2 0 1 #timing (838 729) ps  polarity 0
net 704: (17 8)->(17 9) 0 1 0 1 #timing (896 1011) ps  polarity 1
net 704: (19 12)->(17 14) 1 3 0 0 #timing (372 348) ps polarity 1
net 704: (17 14)->(17 18) 3 4 0 0 #timing (667 676) ps polarity 1
net 704: (17 18)->(17 18) 5 0 1 0 #timing (796 817) ps polarity 0
net 704: (17 18)->(17 3) 13 1 1 0 #timing (1396 1270) ps polarity 1
net 704: (17 3)->(17 11) 5 1 0 1 #timing (1853 1706) ps  polarity 0
net 704: (17 11)->(17 11) 1 0 1 1 #timing (1915 2025) ps  polarity 1
net 704: (17 11)->(16 11) 0 2 0 1 #timing (2158 2034) ps  polarity 0
net 705: (6 14)->(6 14) 0 0 0 0 #timing (178 178) ps polarity 1
net 705: (6 14)->(6 14) 1 0 0 0 #timing (260 263) ps polarity 0
net 705: (6 14)->(6 14) 1 0 0 1 #timing (467 436) ps  polarity 1
net 705: (6 14)->(6 14) 0 0 0 1 #timing (539 570) ps  polarity 0
net 705: (6 14)->(6 15) 0 1 0 1 #timing (548 574) ps  polarity 0
net 705: (6 14)->(7 15) 0 3 0 0 #timing (193 193) ps polarity 1
net 705: (7 15)->(5 15) 1 2 0 0 #timing (360 336) ps polarity 0
net 705: (5 15)->(5 19) 3 4 0 0 #timing (649 637) ps polarity 0
net 705: (5 19)->(1 19) 4 2 0 0 #timing (926 895) ps polarity 0
net 705: (1 19)->(1 19) 5 0 1 0 #timing (1064 1049) ps polarity 1
net 705: (1 19)->(1 2) 13 1 1 0 #timing (1746 1623) ps polarity 0
net 705: (1 2)->(9 10) 5 3 0 1 #timing (2536 2377) ps  polarity 0
net 705: (9 10)->(5 10) 4 5 0 1 #timing (2640 2806) ps  polarity 1
net 705: (5 10)->(5 10) 1 0 1 1 #timing (2844 2983) ps  polarity 0
net 705: (5 10)->(4 11) 0 3 0 1 #timing (3149 2979) ps  polarity 1
net 707: (5 15)->(4 15) 0 2 0 0 #timing (183 183) ps polarity 0
net 707: (4 15)->(6 13) 1 3 0 0 #timing (351 326) ps polarity 1
net 707: (6 13)->(6 13) 5 0 1 0 #timing (452 523) ps polarity 0
net 707: (6 13)->(6 28) 13 1 1 0 #timing (1155 962) ps polarity 1
net 707: (6 28)->(6 28) 5 0 1 1 #timing (1396 1213) ps  polarity 1
net 707: (6 28)->(4 30) 1 3 0 1 #timing (1635 1415) ps  polarity 1
net 707: (4 30)->(4 31) 0 1 0 1 #timing (1572 1818) ps  polarity 0
net 708: (18 5)->(18 5) 0 0 0 0 #timing (161 161) ps polarity 1
net 708: (18 5)->(16 7) 1 3 0 0 #timing (304 282) ps polarity 0
net 708: (16 7)->(18 5) 1 3 0 1 #timing (625 555) ps  polarity 1
net 708: (18 5)->(19 5) 0 2 0 1 #timing (678 780) ps  polarity 0
net 708: (16 7)->(16 3) 3 1 0 0 #timing (628 627) ps polarity 0
net 708: (16 3)->(18 3) 1 2 0 1 #timing (878 830) ps  polarity 1
net 708: (18 3)->(19 3) 0 2 0 1 #timing (958 1026) ps  polarity 0
net 708: (16 7)->(20 7) 4 2 0 0 #timing (570 612) ps polarity 0
net 708: (20 7)->(20 5) 1 1 0 1 #timing (858 777) ps  polarity 1
net 708: (20 5)->(21 4) 0 3 0 1 #timing (914 1010) ps  polarity 0
net 709: (19 4)->(19 4) 0 0 0 0 #timing (637 637) ps polarity 1
net 709: (19 4)->(17 6) 1 3 0 0 #timing (786 763) ps polarity 0
net 709: (17 6)->(19 4) 1 3 0 1 #timing (1106 1039) ps  polarity 1
net 709: (19 4)->(18 4) 0 2 0 1 #timing (1192 1275) ps  polarity 0
net 709: (17 6)->(17 2) 3 1 0 0 #timing (1065 1083) ps polarity 0
net 709: (17 2)->(19 2) 1 2 0 1 #timing (1330 1298) ps  polarity 1
net 709: (19 2)->(19 3) 0 1 0 1 #timing (1459 1490) ps  polarity 0
net 709: (17 6)->(13 6) 4 5 0 0 #timing (1055 1086) ps polarity 0
net 709: (13 6)->(13 6) 5 0 1 0 #timing (1186 1234) ps polarity 1
net 709: (13 6)->(28 6) 13 2 1 0 #timing (1907 1727) ps polarity 0
net 709: (28 6)->(20 6) 5 2 0 1 #timing (2472 2258) ps  polarity 1
net 709: (20 6)->(20 6) 1 0 0 1 #timing (2454 2639) ps  polarity 0
net 709: (20 6)->(21 6) 0 2 0 1 #timing (2735 2552) ps  polarity 1
net 710: (4 13)->(5 12) 0 3 0 0 #timing (705 705) ps polarity 1
net 710: (5 12)->(7 12) 1 2 0 0 #timing (864 841) ps polarity 0
net 710: (7 12)->(7 8) 3 1 0 0 #timing (1153 1135) ps polarity 0
net 710: (7 8)->(3 8) 4 2 0 0 #timing (1414 1385) ps polarity 0
net 710: (3 8)->(3 8) 5 0 1 0 #timing (1550 1543) ps polarity 1
net 710: (3 8)->(18 8) 13 2 1 0 #timing (2142 2037) ps polarity 0
net 710: (18 8)->(18 0) 5 1 0 1 #timing (2629 2508) ps  polarity 1
net 710: (18 0)->(18 2) 1 1 0 1 #timing (2755 2828) ps  polarity 0
net 710: (18 2)->(19 3) 0 3 0 1 #timing (2952 2890) ps  polarity 1
net 711: (17 6)->(17 7) 0 1 0 0 #timing (193 193) ps polarity 0
net 711: (17 7)->(19 5) 1 3 0 0 #timing (371 332) ps polarity 1
net 711: (19 5)->(19 1) 3 1 0 1 #timing (876 722) ps  polarity 1
net 711: (19 1)->(19 3) 1 1 0 1 #timing (1015 853) ps  polarity 0
net 711: (19 3)->(19 3) 0 0 0 1 #timing (977 1150) ps  polarity 1
net 711: (19 5)->(23 5) 4 2 0 0 #timing (628 681) ps polarity 1
net 711: (23 5)->(21 7) 1 3 0 1 #timing (958 850) ps  polarity 0
net 711: (21 7)->(20 6) 0 3 0 1 #timing (956 1097) ps  polarity 1
net 713: (5 21)->(5 21) 0 0 0 0 #timing (178 178) ps polarity 0
net 713: (5 21)->(7 23) 1 3 0 0 #timing (310 296) ps polarity 1
net 713: (7 23)->(7 19) 3 1 0 0 #timing (598 603) ps polarity 1
net 713: (7 19)->(7 15) 3 4 0 1 #timing (1107 992) ps  polarity 1
net 713: (7 15)->(7 15) 1 0 0 1 #timing (1218 1109) ps  polarity 0
net 713: (7 15)->(7 15) 0 0 0 1 #timing (1193 1309) ps  polarity 1
net 714: (9 18)->(8 19) 0 3 0 0 #timing (191 191) ps polarity 0
net 714: (8 19)->(8 17) 1 1 0 0 #timing (326 312) ps polarity 1
net 714: (8 17)->(8 13) 3 4 0 0 #timing (625 596) ps polarity 1
net 714: (8 13)->(4 13) 4 5 0 0 #timing (996 904) ps polarity 1
net 714: (4 13)->(6 15) 1 3 0 1 #timing (1166 1216) ps  polarity 0
net 714: (6 15)->(7 15) 0 2 0 1 #timing (1338 1320) ps  polarity 1
net 729: (2 17)->(2 16) 0 1 0 0 #timing (161 161) ps polarity 1
net 729: (2 16)->(0 18) 1 3 0 0 #timing (314 287) ps polarity 0
net 729: (0 18)->(4 18) 4 2 0 1 #timing (744 658) ps  polarity 0
net 729: (4 18)->(4 16) 1 1 0 1 #timing (987 860) ps  polarity 1
net 729: (4 16)->(5 16) 0 2 0 1 #timing (966 1111) ps  polarity 0
net 730: (7 19)->(7 19) 0 0 0 0 #timing (199 199) ps polarity 0
net 730: (7 19)->(7 19) 1 0 0 0 #timing (283 286) ps polarity 1
net 730: (7 19)->(5 17) 1 3 0 1 #timing (551 500) ps  polarity 0
net 730: (5 17)->(5 17) 0 0 0 1 #timing (617 697) ps  polarity 1
net 730: (5 17)->(5 16) 0 1 0 1 #timing (631 706) ps  polarity 1
net 733: (3 29)->(2 29) 0 2 0 0 #timing (235 235) ps polarity 1
net 733: (2 29)->(2 31) 1 1 0 0 #timing (350 340) ps polarity 0
net 733: (2 31)->(6 31) 4 2 0 0 #timing (628 644) ps polarity 0
net 733: (6 31)->(6 31) 5 0 1 0 #timing (759 788) ps polarity 1
net 733: (6 31)->(14 23) 5 3 0 1 #timing (1364 1390) ps  polarity 1
net 733: (14 23)->(14 23) 1 0 1 1 #timing (1535 1550) ps  polarity 1
net 733: (14 23)->(14 23) 0 0 0 1 #timing (1677 1652) ps  polarity 0
net 734: (11 13)->(10 12) 0 3 0 0 #timing (202 202) ps polarity 0
net 734: (10 12)->(10 14) 1 1 0 0 #timing (327 319) ps polarity 1
net 734: (10 14)->(10 14) 1 0 1 1 #timing (554 523) ps  polarity 0
net 734: (10 14)->(10 14) 0 0 0 1 #timing (627 655) ps  polarity 1
net 734: (10 14)->(10 10) 3 1 0 0 #timing (654 624) ps polarity 1
net 734: (10 10)->(10 6) 3 4 0 1 #timing (1091 958) ps  polarity 1
net 734: (10 6)->(10 6) 1 0 1 1 #timing (1196 1066) ps  polarity 0
net 734: (10 6)->(10 6) 0 0 0 1 #timing (1197 1314) ps  polarity 1
net 734: (10 10)->(10 10) 5 0 1 0 #timing (783 766) ps polarity 0
net 734: (10 10)->(10 27) 13 1 1 0 #timing (1441 1331) ps polarity 1
net 734: (10 27)->(10 27) 5 0 1 1 #timing (1676 1576) ps  polarity 1
net 734: (10 27)->(14 27) 4 2 0 1 #timing (1990 1848) ps  polarity 0
net 734: (14 27)->(14 25) 1 1 0 1 #timing (2222 2043) ps  polarity 1
net 734: (14 25)->(15 24) 0 3 0 1 #timing (2210 2379) ps  polarity 0
net 741: (23 29)->(22 29) 0 2 0 0 #timing (219 219) ps polarity 1
net 741: (22 29)->(22 31) 1 1 0 0 #timing (342 331) ps polarity 0
net 741: (22 31)->(22 31) 5 0 1 0 #timing (450 498) ps polarity 1
net 741: (22 31)->(7 31) 13 2 1 0 #timing (1146 978) ps polarity 0
net 741: (7 31)->(7 14) 13 1 1 0 #timing (1699 1757) ps polarity 1
net 741: (7 14)->(7 14) 5 0 0 1 #timing (2075 2147) ps  polarity 1
net 741: (7 14)->(7 10) 3 1 0 1 #timing (2521 2493) ps  polarity 0
net 741: (7 10)->(7 8) 1 1 0 1 #timing (2672 2638) ps  polarity 1
net 741: (7 8)->(7 9) 0 1 0 1 #timing (2744 2797) ps  polarity 0
net 742: (9 13)->(9 13) 0 0 0 0 #timing (199 199) ps polarity 0
net 742: (9 13)->(9 15) 1 1 0 0 #timing (314 309) ps polarity 1
net 742: (9 15)->(5 15) 4 5 0 1 #timing (721 655) ps  polarity 1
net 742: (5 15)->(5 13) 1 1 0 1 #timing (966 860) ps  polarity 0
net 742: (5 13)->(5 12) 0 1 0 1 #timing (984 1102) ps  polarity 1
net 742: (9 13)->(11 13) 1 2 0 0 #timing (349 329) ps polarity 1
net 742: (11 13)->(11 13) 5 0 0 0 #timing (450 510) ps polarity 0
net 742: (11 13)->(11 5) 5 1 0 1 #timing (796 860) ps  polarity 1
net 742: (11 5)->(7 5) 4 5 0 1 #timing (1185 1174) ps  polarity 1
net 742: (7 5)->(7 5) 1 0 1 1 #timing (1378 1340) ps  polarity 0
net 742: (7 5)->(6 5) 0 2 0 1 #timing (1437 1477) ps  polarity 1
net 761: (2 20)->(3 21) 0 3 0 0 #timing (191 191) ps polarity 1
net 761: (3 21)->(3 23) 1 1 0 0 #timing (318 307) ps polarity 0
net 761: (3 23)->(3 23) 5 0 1 0 #timing (422 469) ps polarity 1
net 761: (3 23)->(3 7) 13 1 0 0 #timing (1052 900) ps polarity 0
net 761: (3 7)->(11 15) 5 3 0 1 #timing (1730 1565) ps  polarity 0
net 761: (11 15)->(9 15) 1 2 0 1 #timing (1948 1757) ps  polarity 0
net 761: (9 15)->(9 15) 0 0 0 1 #timing (1880 2101) ps  polarity 1
net 762: (10 17)->(10 17) 0 0 0 0 #timing (155 155) ps polarity 1
net 762: (10 17)->(8 19) 1 3 0 0 #timing (292 274) ps polarity 0
net 762: (8 19)->(8 15) 3 4 0 1 #timing (801 675) ps  polarity 0
net 762: (8 15)->(8 13) 1 1 0 1 #timing (948 813) ps  polarity 1
net 762: (8 13)->(9 13) 0 2 0 1 #timing (939 1086) ps  polarity 0
net 762: (8 19)->(12 19) 4 2 0 0 #timing (554 595) ps polarity 0
net 762: (12 19)->(12 19) 5 0 0 0 #timing (673 731) ps polarity 1
net 762: (12 19)->(12 2) 13 1 1 0 #timing (1337 1168) ps polarity 0
net 762: (12 2)->(4 10) 5 3 0 1 #timing (2055 1861) ps  polarity 0
net 762: (4 10)->(4 14) 3 1 0 1 #timing (2448 2174) ps  polarity 1
net 762: (4 14)->(4 14) 1 0 1 1 #timing (2551 2280) ps  polarity 0
net 762: (4 14)->(4 15) 0 1 0 1 #timing (2401 2663) ps  polarity 1
net 762: (4 10)->(8 10) 4 5 0 1 #timing (2228 2387) ps  polarity 1
net 762: (8 10)->(8 14) 3 1 0 1 #timing (2528 2629) ps  polarity 1
net 762: (8 14)->(8 14) 1 0 0 1 #timing (2632 2737) ps  polarity 0
net 762: (8 14)->(9 15) 0 3 0 1 #timing (2851 2740) ps  polarity 1
net 762: (8 19)->(4 19) 4 5 0 0 #timing (627 632) ps polarity 0
net 762: (4 19)->(4 19) 1 0 0 1 #timing (844 810) ps  polarity 1
net 762: (4 19)->(5 18) 0 3 0 1 #timing (932 957) ps  polarity 0
net 763: (7 13)->(6 13) 0 2 0 0 #timing (207 207) ps polarity 0
net 763: (6 13)->(4 13) 1 2 0 0 #timing (339 330) ps polarity 1
net 763: (4 13)->(8 13) 4 5 0 0 #timing (678 676) ps polarity 1
net 763: (8 13)->(8 13) 1 0 0 1 #timing (875 850) ps  polarity 0
net 763: (8 13)->(8 13) 0 0 0 1 #timing (1010 1008) ps  polarity 1
net 764: (9 12)->(9 12) 0 0 0 0 #timing (187 187) ps polarity 0
net 764: (9 12)->(9 12) 1 0 0 0 #timing (268 272) ps polarity 1
net 764: (9 12)->(9 12) 1 0 1 1 #timing (473 443) ps  polarity 0
net 764: (9 12)->(8 12) 0 2 0 1 #timing (572 590) ps  polarity 1
net 764: (9 12)->(9 8) 3 1 0 0 #timing (559 504) ps polarity 1
net 764: (9 8)->(11 8) 1 2 0 1 #timing (866 745) ps  polarity 0
net 764: (11 8)->(11 9) 0 1 0 1 #timing (875 1020) ps  polarity 1
net 792: (11 14)->(11 15) 0 1 0 0 #timing (174 174) ps polarity 1
net 792: (11 15)->(11 13) 1 1 0 0 #timing (308 292) ps polarity 0
net 792: (11 13)->(11 13) 1 0 1 1 #timing (522 480) ps  polarity 1
net 792: (11 13)->(11 13) 0 0 0 1 #timing (595 632) ps  polarity 0
net 792: (11 13)->(11 12) 0 1 0 1 #timing (616 641) ps  polarity 0
net 814: (15 9)->(14 9) 0 2 0 0 #timing (183 183) ps polarity 0
net 814: (14 9)->(14 11) 1 1 0 0 #timing (288 285) ps polarity 1
net 814: (14 11)->(14 7) 3 4 0 0 #timing (574 542) ps polarity 1
net 814: (14 7)->(14 7) 1 0 1 1 #timing (787 722) ps  polarity 0
net 814: (14 7)->(15 7) 0 2 0 1 #timing (820 887) ps  polarity 1
net 842: (23 8)->(23 9) 0 1 0 0 #timing (230 230) ps polarity 1
net 842: (23 9)->(21 9) 1 2 0 0 #timing (381 367) ps polarity 0
net 842: (21 9)->(21 5) 3 4 0 0 #timing (662 635) ps polarity 0
net 842: (21 5)->(21 5) 1 0 1 1 #timing (875 813) ps  polarity 1
net 842: (21 5)->(21 5) 0 0 0 1 #timing (938 990) ps  polarity 0
net 861: (13 23)->(13 22) 0 1 0 0 #timing (157 157) ps polarity 1
net 861: (13 22)->(15 20) 1 3 0 0 #timing (334 293) ps polarity 0
net 861: (15 20)->(15 24) 3 4 0 0 #timing (645 650) ps polarity 0
net 861: (15 24)->(15 26) 1 1 0 1 #timing (908 862) ps  polarity 1
net 861: (15 26)->(15 27) 0 1 0 1 #timing (1012 1056) ps  polarity 0
net 861: (15 24)->(15 28) 3 1 0 1 #timing (1056 958) ps  polarity 0
net 861: (15 28)->(15 28) 1 0 1 1 #timing (1158 1062) ps  polarity 1
net 861: (15 28)->(15 28) 0 0 0 1 #timing (1208 1284) ps  polarity 0
net 868: (13 22)->(12 23) 0 3 0 0 #timing (208 208) ps polarity 0
net 868: (12 23)->(12 23) 1 0 0 0 #timing (294 295) ps polarity 1
net 868: (12 23)->(12 19) 3 1 0 0 #timing (602 538) ps polarity 1
net 868: (12 19)->(12 15) 3 4 0 1 #timing (1022 856) ps  polarity 1
net 868: (12 15)->(14 15) 1 2 0 1 #timing (1155 982) ps  polarity 0
net 868: (14 15)->(15 15) 0 2 0 1 #timing (1112 1307) ps  polarity 1
net 869: (12 22)->(12 23) 0 1 0 0 #timing (410 410) ps polarity 0
net 869: (12 23)->(14 21) 1 3 0 0 #timing (577 547) ps polarity 1
net 869: (14 21)->(14 21) 1 0 1 1 #timing (809 760) ps  polarity 0
net 869: (14 21)->(14 20) 0 1 0 1 #timing (887 925) ps  polarity 1
net 869: (14 21)->(15 20) 0 3 0 1 #timing (916 940) ps  polarity 1
net 869: (14 21)->(14 17) 3 1 0 0 #timing (839 854) ps polarity 1
net 869: (14 17)->(14 13) 3 4 0 1 #timing (1280 1187) ps  polarity 1
net 869: (14 13)->(14 13) 1 0 0 1 #timing (1377 1290) ps  polarity 0
net 869: (14 13)->(15 13) 0 2 0 1 #timing (1388 1477) ps  polarity 1
net 869: (14 21)->(14 25) 3 4 0 0 #timing (887 893) ps polarity 1
net 869: (14 25)->(18 25) 4 5 0 0 #timing (1175 1158) ps polarity 1
net 869: (18 25)->(16 27) 1 3 0 1 #timing (1435 1397) ps  polarity 0
net 869: (16 27)->(16 26) 0 1 0 1 #timing (1566 1617) ps  polarity 1
net 869: (16 27)->(17 26) 0 3 0 1 #timing (1538 1601) ps  polarity 1
net 869: (14 21)->(10 21) 4 2 0 0 #timing (839 874) ps polarity 1
net 869: (10 21)->(8 21) 1 2 0 1 #timing (1140 1058) ps  polarity 0
net 869: (8 21)->(9 20) 0 3 0 1 #timing (1217 1285) ps  polarity 1
net 869: (10 21)->(10 17) 3 1 0 1 #timing (1315 1182) ps  polarity 1
net 869: (10 17)->(8 17) 1 2 0 1 #timing (1425 1293) ps  polarity 0
net 869: (8 17)->(8 16) 0 1 0 1 #timing (1408 1541) ps  polarity 1
net 870: (13 24)->(13 25) 0 1 0 0 #timing (420 420) ps polarity 0
net 870: (13 25)->(13 27) 1 1 0 0 #timing (542 530) ps polarity 1
net 870: (13 27)->(13 27) 5 0 1 0 #timing (648 698) ps polarity 0
net 870: (13 27)->(13 19) 5 1 0 1 #timing (994 1046) ps  polarity 1
net 870: (13 19)->(13 15) 3 4 0 1 #timing (1497 1330) ps  polarity 1
net 870: (13 15)->(15 13) 1 3 0 1 #timing (1694 1492) ps  polarity 0
net 870: (15 13)->(14 13) 0 2 0 1 #timing (1635 1858) ps  polarity 1
net 871: (12 24)->(12 25) 0 1 0 0 #timing (400 400) ps polarity 0
net 871: (12 25)->(12 25) 1 0 0 0 #timing (481 482) ps polarity 1
net 871: (12 25)->(12 25) 5 0 0 0 #timing (585 600) ps polarity 0
net 871: (12 25)->(12 17) 5 1 0 1 #timing (928 947) ps  polarity 1
net 871: (12 17)->(12 13) 3 4 0 1 #timing (1344 1231) ps  polarity 1
net 871: (12 13)->(14 13) 1 2 0 1 #timing (1481 1361) ps  polarity 0
net 871: (14 13)->(14 13) 0 0 0 1 #timing (1514 1641) ps  polarity 1
net 881: (24 8)->(24 8) 0 0 0 0 #timing (177 177) ps polarity 1
net 881: (24 8)->(26 10) 1 3 0 0 #timing (333 309) ps polarity 0
net 881: (26 10)->(22 10) 4 5 0 0 #timing (658 659) ps polarity 0
net 881: (22 10)->(18 10) 4 2 0 1 #timing (950 926) ps  polarity 0
net 881: (18 10)->(16 10) 1 2 0 1 #timing (1205 1134) ps  polarity 1
net 881: (16 10)->(16 10) 0 0 0 1 #timing (1273 1354) ps  polarity 0
net 881: (24 8)->(24 9) 0 1 0 0 #timing (189 189) ps polarity 1
net 881: (24 9)->(26 9) 1 2 0 0 #timing (319 302) ps polarity 0
net 881: (26 9)->(26 5) 3 4 0 0 #timing (591 573) ps polarity 0
net 881: (26 5)->(26 5) 5 0 0 0 #timing (717 712) ps polarity 1
net 881: (26 5)->(26 20) 13 1 1 0 #timing (1353 1230) ps polarity 0
net 881: (26 20)->(18 20) 5 2 0 1 #timing (1842 1691) ps  polarity 1
net 881: (18 20)->(18 20) 1 0 1 1 #timing (1891 2009) ps  polarity 0
net 881: (18 20)->(18 21) 0 1 0 1 #timing (2128 2002) ps  polarity 1
net 881: (26 9)->(26 9) 5 0 0 0 #timing (414 461) ps polarity 1
net 881: (26 9)->(18 9) 5 2 0 1 #timing (770 814) ps  polarity 0
net 881: (18 9)->(14 9) 4 5 0 1 #timing (1080 1077) ps  polarity 0
net 881: (14 9)->(14 9) 1 0 0 1 #timing (1269 1242) ps  polarity 1
net 881: (14 9)->(14 9) 0 0 0 1 #timing (1357 1380) ps  polarity 0
net 882: (16 20)->(16 20) 0 0 0 0 #timing (163 163) ps polarity 1
net 882: (16 20)->(18 22) 1 3 0 0 #timing (317 292) ps polarity 0
net 882: (18 22)->(18 18) 3 1 0 0 #timing (583 604) ps polarity 0
net 882: (18 18)->(18 18) 1 0 0 1 #timing (794 779) ps  polarity 1
net 882: (18 18)->(19 19) 0 3 0 1 #timing (895 903) ps  polarity 0
net 882: (18 22)->(18 26) 3 4 0 0 #timing (661 654) ps polarity 0
net 882: (18 26)->(18 26) 5 0 1 0 #timing (787 793) ps polarity 1
net 882: (18 26)->(18 11) 13 1 1 0 #timing (1397 1279) ps polarity 0
net 882: (18 11)->(18 11) 5 0 1 1 #timing (1603 1499) ps  polarity 0
net 882: (18 11)->(16 11) 1 2 0 1 #timing (1802 1676) ps  polarity 0
net 882: (16 11)->(16 10) 0 1 0 1 #timing (1801 1942) ps  polarity 1
net 888: (19 16)->(19 16) 0 0 0 0 #timing (183 183) ps polarity 0
net 888: (19 16)->(19 18) 1 1 0 0 #timing (298 290) ps polarity 1
net 888: (19 18)->(15 18) 4 5 0 0 #timing (571 567) ps polarity 1
net 888: (15 18)->(15 14) 3 4 0 1 #timing (1001 906) ps  polarity 1
net 888: (15 14)->(15 14) 1 0 0 1 #timing (1094 1006) ps  polarity 0
net 888: (15 14)->(14 15) 0 3 0 1 #timing (1149 1217) ps  polarity 1
net 888: (19 16)->(19 17) 0 1 0 0 #timing (190 191) ps polarity 0
net 888: (19 17)->(17 17) 1 2 0 0 #timing (330 307) ps polarity 1
net 888: (17 17)->(19 17) 1 2 0 1 #timing (603 544) ps  polarity 0
net 888: (19 17)->(19 17) 0 0 0 1 #timing (683 751) ps  polarity 1
net 888: (17 17)->(17 13) 3 4 0 0 #timing (598 599) ps polarity 1
net 888: (17 13)->(19 13) 1 2 0 1 #timing (881 823) ps  polarity 0
net 888: (19 13)->(19 12) 0 1 0 1 #timing (960 1021) ps  polarity 1
net 888: (19 16)->(18 17) 0 3 0 0 #timing (208 208) ps polarity 0
net 888: (18 17)->(18 19) 1 1 0 0 #timing (334 322) ps polarity 1
net 888: (18 19)->(18 15) 3 4 0 0 #timing (607 589) ps polarity 1
net 888: (18 15)->(18 15) 1 0 1 1 #timing (817 766) ps  polarity 0
net 888: (18 15)->(18 15) 0 0 0 1 #timing (880 926) ps  polarity 1
net 889: (20 8)->(21 8) 0 2 0 0 #timing (180 180) ps polarity 1
net 889: (21 8)->(23 8) 1 2 0 0 #timing (318 299) ps polarity 0
net 889: (23 8)->(23 12) 3 1 0 0 #timing (688 632) ps polarity 0
net 889: (23 12)->(19 12) 4 2 0 0 #timing (951 880) ps polarity 0
net 889: (19 12)->(19 14) 1 1 0 1 #timing (1140 1170) ps  polarity 1
net 889: (19 14)->(18 15) 0 3 0 1 #timing (1322 1290) ps  polarity 0
net 889: (23 8)->(19 8) 4 2 0 0 #timing (545 566) ps polarity 0
net 889: (19 8)->(19 10) 1 1 0 1 #timing (817 759) ps  polarity 1
net 889: (19 10)->(19 10) 0 0 0 1 #timing (904 967) ps  polarity 0
net 890: (24 5)->(24 4) 0 1 0 0 #timing (200 201) ps polarity 1
net 890: (24 4)->(26 4) 1 2 0 0 #timing (320 309) ps polarity 0
net 890: (26 4)->(26 4) 5 0 0 0 #timing (422 464) ps polarity 1
net 890: (26 4)->(18 4) 5 2 0 1 #timing (772 815) ps  polarity 0
net 890: (18 4)->(14 4) 4 5 0 1 #timing (1085 1083) ps  polarity 0
net 890: (14 4)->(14 8) 3 4 0 1 #timing (1344 1301) ps  polarity 0
net 890: (14 8)->(14 8) 1 0 1 1 #timing (1447 1406) ps  polarity 1
net 890: (14 8)->(15 9) 0 3 0 1 #timing (1523 1557) ps  polarity 0
net 890: (24 5)->(25 5) 0 2 0 0 #timing (201 201) ps polarity 1
net 890: (25 5)->(25 7) 1 1 0 0 #timing (323 313) ps polarity 0
net 890: (25 7)->(25 7) 5 0 0 0 #timing (424 468) ps polarity 1
net 890: (25 7)->(17 7) 5 2 0 1 #timing (774 819) ps  polarity 0
net 890: (17 7)->(17 11) 3 4 0 1 #timing (1271 1119) ps  polarity 0
net 890: (17 11)->(19 11) 1 2 0 1 #timing (1437 1267) ps  polarity 1
net 890: (19 11)->(19 10) 0 1 0 1 #timing (1397 1575) ps  polarity 0
net 890: (25 7)->(17 15) 5 3 0 1 #timing (982 1032) ps  polarity 1
net 890: (17 15)->(19 15) 1 2 0 1 #timing (1230 1243) ps  polarity 1
net 890: (19 15)->(18 15) 0 2 0 1 #timing (1375 1371) ps  polarity 0
net 898: (8 23)->(8 23) 0 0 0 0 #timing (198 198) ps polarity 1
net 898: (8 23)->(8 21) 1 1 0 0 #timing (331 314) ps polarity 0
net 898: (8 21)->(8 17) 3 1 0 0 #timing (607 583) ps polarity 0
net 898: (8 17)->(4 17) 4 5 0 0 #timing (979 891) ps polarity 0
net 898: (4 17)->(4 13) 3 4 0 1 #timing (1363 1319) ps  polarity 0
net 898: (4 13)->(4 15) 1 1 0 1 #timing (1499 1449) ps  polarity 1
net 898: (4 15)->(5 15) 0 2 0 1 #timing (1557 1626) ps  polarity 0
net 899: (17 13)->(17 13) 0 0 0 0 #timing (204 204) ps polarity 0
net 899: (17 13)->(19 15) 1 3 0 0 #timing (355 326) ps polarity 1
net 899: (19 15)->(19 19) 3 4 0 0 #timing (652 660) ps polarity 1
net 899: (19 19)->(19 19) 5 0 1 0 #timing (775 798) ps polarity 0
net 899: (19 19)->(19 2) 13 1 1 0 #timing (1398 1267) ps polarity 1
net 899: (19 2)->(2 2) 13 2 1 0 #timing (2049 2056) ps polarity 0
net 899: (2 2)->(10 10) 5 3 0 1 #timing (2773 2757) ps  polarity 0
net 899: (10 10)->(6 10) 4 5 0 1 #timing (3078 3085) ps  polarity 1
net 899: (6 10)->(6 14) 3 1 0 1 #timing (3396 3346) ps  polarity 1
net 899: (6 14)->(4 14) 1 2 0 1 #timing (3577 3505) ps  polarity 0
net 899: (4 14)->(5 15) 0 3 0 1 #timing (3631 3717) ps  polarity 1
net 900: (5 13)->(5 13) 0 0 0 0 #timing (204 204) ps polarity 0
net 900: (5 13)->(7 15) 1 3 0 0 #timing (346 321) ps polarity 1
net 900: (7 15)->(5 15) 1 2 0 1 #timing (617 561) ps  polarity 0
net 900: (5 15)->(5 15) 0 0 0 1 #timing (654 733) ps  polarity 1
net 905: (3 1)->(3 1) 0 0 0 0 #timing (204 204) ps polarity 0
net 905: (3 1)->(1 1) 1 2 0 0 #timing (332 313) ps polarity 1
net 905: (1 1)->(5 1) 4 2 0 0 #timing (613 636) ps polarity 1
net 905: (5 1)->(5 1) 1 0 1 1 #timing (840 789) ps  polarity 0
net 905: (5 1)->(4 1) 0 2 0 1 #timing (920 959) ps  polarity 1
net 920: (6 15)->(6 15) 0 0 0 0 #timing (204 204) ps polarity 0
net 920: (6 15)->(6 13) 1 1 0 0 #timing (319 312) ps polarity 1
net 920: (6 13)->(10 13) 4 5 0 0 #timing (602 600) ps polarity 1
net 920: (10 13)->(10 17) 3 4 0 1 #timing (1007 916) ps  polarity 1
net 920: (10 17)->(8 19) 1 3 0 1 #timing (1155 1053) ps  polarity 0
net 920: (8 19)->(9 18) 0 3 0 1 #timing (1197 1308) ps  polarity 1
net 920: (6 15)->(7 15) 0 2 0 0 #timing (207 207) ps polarity 0
net 920: (7 15)->(7 13) 1 1 0 0 #timing (316 312) ps polarity 1
net 920: (7 13)->(7 13) 1 0 1 1 #timing (532 501) ps  polarity 0
net 920: (7 13)->(7 13) 0 0 0 1 #timing (598 630) ps  polarity 1
net 920: (7 13)->(3 13) 4 2 0 0 #timing (563 563) ps polarity 1
net 920: (3 13)->(3 9) 3 1 0 1 #timing (1011 897) ps  polarity 1
net 920: (3 9)->(3 11) 1 1 0 1 #timing (1142 1024) ps  polarity 0
net 920: (3 11)->(3 10) 0 1 0 1 #timing (1151 1285) ps  polarity 1
net 921: (2 14)->(2 15) 0 1 0 0 #timing (183 183) ps polarity 1
net 921: (2 15)->(0 13) 1 3 0 0 #timing (365 324) ps polarity 0
net 921: (0 13)->(0 9) 3 1 0 1 #timing (850 699) ps  polarity 0
net 921: (0 9)->(2 9) 1 2 0 1 #timing (986 828) ps  polarity 1
net 921: (2 9)->(2 8) 0 1 0 1 #timing (952 1133) ps  polarity 0
net 921: (2 14)->(3 14) 0 2 0 0 #timing (180 180) ps polarity 1
net 921: (3 14)->(3 14) 1 0 0 0 #timing (261 262) ps polarity 0
net 921: (3 14)->(3 14) 1 0 0 1 #timing (465 434) ps  polarity 1
net 921: (3 14)->(2 15) 0 3 0 1 #timing (575 587) ps  polarity 0
net 929: (20 17)->(20 17) 0 0 0 0 #timing (161 161) ps polarity 1
net 929: (20 17)->(22 19) 1 3 0 0 #timing (324 294) ps polarity 0
net 929: (22 19)->(22 15) 3 4 0 0 #timing (629 645) ps polarity 0
net 929: (22 15)->(22 15) 5 0 1 0 #timing (768 793) ps polarity 1
net 929: (22 15)->(7 15) 13 2 1 0 #timing (1438 1292) ps polarity 0
net 929: (7 15)->(7 15) 5 0 1 1 #timing (1685 1555) ps  polarity 0
net 929: (7 15)->(11 15) 4 5 0 1 #timing (2100 1892) ps  polarity 1
net 929: (11 15)->(11 13) 1 1 0 1 #timing (2343 2095) ps  polarity 0
net 929: (11 13)->(10 13) 0 2 0 1 #timing (2228 2483) ps  polarity 1
net 929: (7 15)->(15 7) 5 3 0 1 #timing (2151 1981) ps  polarity 0
net 929: (15 7)->(13 7) 1 2 0 1 #timing (2409 2215) ps  polarity 0
net 929: (13 7)->(12 7) 0 2 0 1 #timing (2359 2559) ps  polarity 1
net 946: (7 26)->(7 26) 0 0 0 0 #timing (210 210) ps polarity 1
net 946: (7 26)->(5 24) 1 3 0 0 #timing (373 346) ps polarity 0
net 946: (5 24)->(9 24) 4 5 0 0 #timing (744 744) ps polarity 0
net 946: (9 24)->(11 26) 1 3 0 1 #timing (1019 968) ps  polarity 1
net 946: (11 26)->(11 27) 0 1 0 1 #timing (1128 1206) ps  polarity 0
net 946: (9 24)->(9 20) 3 4 0 1 #timing (1274 1068) ps 
net 946: (9 24)->(13 24) 4 2 0 1 #timing (1054 1006) ps  polarity 0
net 946: (13 24)->(13 28) 3 1 0 1 #timing (1354 1250) ps  polarity 0
net 946: (13 28)->(13 28) 1 0 1 1 #timing (1454 1355) ps  polarity 1
net 946: (13 28)->(12 29) 0 3 0 1 #timing (1516 1587) ps  polarity 0
net 946: (13 28)->(15 28) 1 2 0 1 #timing (1515 1397) ps  polarity 1
net 946: (15 28)->(15 29) 0 1 0 1 #timing (1572 1679) ps  polarity 0
net 946: (15 28)->(14 29) 0 3 0 1 #timing (1570 1677) ps  polarity 0
net 946: (13 24)->(13 20) 3 4 0 1 #timing (1389 1266) ps  polarity 0
net 946: (13 20)->(15 20) 1 2 0 1 #timing (1546 1410) ps  polarity 1
net 946: (15 20)->(15 20) 0 0 0 1 #timing (1550 1686) ps  polarity 0
net 946: (15 20)->(14 20) 0 2 0 1 #timing (1540 1680) ps  polarity 0
net 946: (9 24)->(9 24) 5 0 1 0 #timing (867 883) ps polarity 1
net 946: (9 24)->(9 16) 5 1 0 1 #timing (1251 1271) ps  polarity 0
net 946: (9 16)->(9 16) 1 0 0 1 #timing (1488 1433) ps  polarity 1
net 946: (9 16)->(8 16) 0 2 0 1 #timing (1507 1571) ps  polarity 0
net 946: (9 16)->(13 16) 4 2 0 1 #timing (1576 1546) ps  polarity 0
net 946: (13 16)->(13 12) 3 4 0 1 #timing (1904 1802) ps  polarity 0
net 946: (13 12)->(15 14) 1 3 0 1 #timing (2086 1959) ps  polarity 1
net 946: (15 14)->(15 14) 0 0 0 1 #timing (2083 2234) ps  polarity 0
net 946: (15 14)->(15 15) 0 1 0 1 #timing (2115 2254) ps  polarity 0
net 946: (15 14)->(14 14) 0 2 0 1 #timing (2109 2249) ps  polarity 0
net 946: (9 24)->(24 24) 13 2 1 0 #timing (1559 1414) ps polarity 0
net 946: (24 24)->(16 24) 5 2 0 1 #timing (2135 1963) ps  polarity 1
net 946: (16 24)->(16 26) 1 1 0 1 #timing (2216 2337) ps  polarity 0
net 946: (16 26)->(16 26) 0 0 0 1 #timing (2478 2363) ps  polarity 1
net 946: (16 26)->(17 26) 0 2 0 1 #timing (2443 2342) ps  polarity 1
net 946: (5 24)->(9 24) 4 5 0 1 #timing (887 776) ps  polarity 0
net 946: (9 24)->(11 26) 1 3 0 1 #timing (899 848) ps 
net 946: (9 24)->(9 20) 3 4 0 1 #timing (1274 1068) ps  polarity 0
net 946: (9 20)->(9 20) 1 0 1 1 #timing (1387 1184) ps  polarity 1
net 946: (9 20)->(9 20) 0 0 0 1 #timing (1279 1484) ps  polarity 0
net 947: (6 26)->(6 26) 0 0 0 0 #timing (178 178) ps polarity 1
net 947: (6 26)->(4 24) 1 3 0 0 #timing (363 325) ps polarity 0
net 947: (4 24)->(8 24) 4 5 0 0 #timing (695 720) ps polarity 0
net 947: (8 24)->(10 24) 1 2 0 1 #timing (972 900) ps  polarity 1
net 947: (10 24)->(10 25) 0 1 0 1 #timing (1090 1123) ps  polarity 0
net 947: (8 24)->(8 20) 3 4 0 1 #timing (1204 1050) ps  polarity 0
net 947: (8 20)->(8 20) 1 0 1 1 #timing (1315 1162) ps  polarity 1
net 947: (8 20)->(9 20) 0 2 0 1 #timing (1271 1421) ps  polarity 0
net 947: (8 24)->(12 24) 4 2 0 1 #timing (944 954) ps  polarity 0
net 947: (12 24)->(14 26) 1 3 0 1 #timing (1192 1162) ps  polarity 1
net 947: (14 26)->(15 27) 0 3 0 1 #timing (1299 1354) ps  polarity 0
net 947: (12 24)->(12 28) 3 1 0 1 #timing (1242 1190) ps  polarity 0
net 947: (12 28)->(12 28) 1 0 0 1 #timing (1343 1296) ps  polarity 1
net 947: (12 28)->(12 29) 0 1 0 1 #timing (1391 1439) ps  polarity 0
net 947: (12 28)->(14 30) 1 3 0 1 #timing (1414 1343) ps  polarity 1
net 947: (14 30)->(15 30) 0 2 0 1 #timing (1494 1593) ps  polarity 0
net 947: (12 24)->(12 20) 3 4 0 1 #timing (1276 1210) ps  polarity 0
net 947: (12 20)->(14 20) 1 2 0 1 #timing (1412 1339) ps  polarity 1
net 947: (14 20)->(14 20) 0 0 0 1 #timing (1461 1556) ps  polarity 0
net 947: (14 20)->(15 20) 0 2 0 1 #timing (1499 1579) ps  polarity 0
net 947: (8 24)->(8 24) 5 0 0 0 #timing (821 859) ps polarity 1
net 947: (8 24)->(8 16) 5 1 0 1 #timing (1175 1217) ps  polarity 0
net 947: (8 16)->(8 16) 1 0 0 1 #timing (1429 1349) ps  polarity 1
net 947: (8 16)->(8 16) 0 0 0 1 #timing (1457 1535) ps  polarity 0
net 947: (8 16)->(12 16) 4 2 0 1 #timing (1394 1421) ps  polarity 0
net 947: (12 16)->(12 12) 3 4 0 1 #timing (1708 1667) ps  polarity 0
net 947: (12 12)->(14 14) 1 3 0 1 #timing (1877 1814) ps  polarity 1
net 947: (14 14)->(14 14) 0 0 0 1 #timing (1969 2052) ps  polarity 0
net 947: (14 14)->(15 14) 0 2 0 1 #timing (1933 2028) ps  polarity 0
net 947: (14 14)->(15 15) 0 3 0 1 #timing (1951 2041) ps  polarity 0
net 947: (8 24)->(25 24) 13 2 1 0 #timing (1537 1369) ps polarity 0
net 947: (25 24)->(17 24) 5 2 0 1 #timing (2023 1825) ps  polarity 1
net 947: (17 24)->(17 26) 1 1 0 1 #timing (2085 2235) ps  polarity 0
net 947: (17 26)->(17 26) 0 0 0 1 #timing (2357 2225) ps  polarity 1
net 947: (17 26)->(16 26) 0 2 0 1 #timing (2380 2239) ps  polarity 1
net 948: (7 29)->(7 29) 0 0 0 0 #timing (211 211) ps polarity 1
net 948: (7 29)->(7 29) 1 0 0 0 #timing (297 298) ps polarity 0
net 948: (7 29)->(7 25) 3 1 0 0 #timing (602 546) ps polarity 0
net 948: (7 25)->(11 25) 4 5 0 0 #timing (972 860) ps polarity 0
net 948: (11 25)->(11 27) 1 1 0 1 #timing (1116 1186) ps  polarity 1
net 948: (11 27)->(11 27) 0 0 0 1 #timing (1312 1256) ps  polarity 0
net 948: (11 27)->(10 27) 0 2 0 1 #timing (1331 1266) ps  polarity 0
net 948: (11 27)->(10 26) 0 3 0 1 #timing (1342 1269) ps  polarity 0
net 948: (7 25)->(7 25) 5 0 1 0 #timing (736 691) ps polarity 1
net 948: (7 25)->(15 25) 5 2 0 1 #timing (1101 1045) ps  polarity 0
net 948: (15 25)->(15 27) 1 1 0 1 #timing (1320 1322) ps  polarity 1
net 948: (15 27)->(15 27) 0 0 0 1 #timing (1444 1455) ps  polarity 0
net 948: (15 27)->(14 27) 0 2 0 1 #timing (1464 1466) ps  polarity 0
net 948: (15 27)->(14 26) 0 3 0 1 #timing (1477 1472) ps  polarity 0
net 948: (15 25)->(19 25) 4 5 0 1 #timing (1441 1339) ps  polarity 0
net 948: (19 25)->(19 27) 1 1 0 1 #timing (1668 1530) ps  polarity 1
net 948: (19 27)->(19 27) 0 0 0 1 #timing (1652 1802) ps  polarity 0
net 948: (19 27)->(19 26) 0 1 0 1 #timing (1666 1808) ps  polarity 0
net 948: (19 27)->(18 26) 0 3 0 1 #timing (1679 1814) ps  polarity 0
net 948: (7 29)->(7 29) 5 0 0 0 #timing (400 416) ps polarity 1
net 948: (7 29)->(15 21) 5 3 0 1 #timing (1002 1019) ps  polarity 1
net 948: (15 21)->(15 21) 1 0 1 1 #timing (1216 1219) ps  polarity 1
net 948: (15 21)->(15 20) 0 1 0 1 #timing (1334 1324) ps  polarity 0
net 948: (15 21)->(14 20) 0 3 0 1 #timing (1359 1338) ps  polarity 0
net 948: (7 29)->(5 29) 1 2 0 0 #timing (337 326) ps polarity 0
net 948: (5 29)->(5 29) 5 0 0 0 #timing (440 483) ps polarity 1
net 948: (5 29)->(13 29) 5 2 0 1 #timing (819 853) ps  polarity 0
net 948: (13 29)->(13 29) 1 0 1 1 #timing (1057 988) ps  polarity 1
net 948: (13 29)->(12 29) 0 2 0 1 #timing (1118 1175) ps  polarity 0
net 948: (13 29)->(12 28) 0 3 0 1 #timing (1110 1170) ps  polarity 0
net 948: (13 29)->(15 29) 1 2 0 1 #timing (1107 1024) ps  polarity 1
net 948: (15 29)->(15 29) 0 0 0 1 #timing (1162 1255) ps  polarity 0
net 948: (15 29)->(14 29) 0 2 0 1 #timing (1168 1259) ps  polarity 0
net 948: (7 29)->(5 31) 1 3 0 0 #timing (357 337) ps polarity 0
net 948: (5 31)->(5 31) 5 0 0 0 #timing (463 532) ps polarity 1
net 948: (5 31)->(5 23) 5 1 0 1 #timing (795 870) ps  polarity 0
net 948: (5 23)->(9 23) 4 5 0 1 #timing (1151 1168) ps  polarity 0
net 948: (9 23)->(9 19) 3 1 0 1 #timing (1476 1432) ps  polarity 0
net 948: (9 19)->(9 19) 1 0 0 1 #timing (1587 1551) ps  polarity 1
net 948: (9 19)->(9 18) 0 1 0 1 #timing (1660 1693) ps  polarity 0
net 948: (5 31)->(13 31) 5 2 0 1 #timing (811 880) ps  polarity 0
net 948: (13 31)->(17 31) 4 5 0 1 #timing (1121 1140) ps  polarity 0
net 948: (17 31)->(17 27) 3 1 0 1 #timing (1445 1394) ps  polarity 0
net 948: (17 27)->(17 27) 1 0 0 1 #timing (1538 1494) ps  polarity 1
net 948: (17 27)->(17 26) 0 1 0 1 #timing (1606 1645) ps  polarity 0
net 948: (17 27)->(16 26) 0 3 0 1 #timing (1631 1659) ps  polarity 0
net 948: (7 29)->(6 29) 0 2 0 0 #timing (219 219) ps polarity 1
net 948: (6 29)->(6 29) 1 0 0 0 #timing (303 304) ps polarity 0
net 948: (6 29)->(6 29) 5 0 0 0 #timing (406 422) ps polarity 1
net 948: (6 29)->(14 29) 5 2 0 1 #timing (760 771) ps  polarity 0
net 948: (14 29)->(14 29) 1 0 0 1 #timing (974 931) ps  polarity 1
net 948: (14 29)->(15 28) 0 3 0 1 #timing (1059 1090) ps  polarity 0
net 951: (22 11)->(23 11) 0 2 0 0 #timing (201 201) ps polarity 1
net 951: (23 11)->(23 11) 1 0 0 0 #timing (290 289) ps polarity 0
net 951: (23 11)->(21 11) 1 2 0 1 #timing (527 483) ps  polarity 1
net 951: (21 11)->(21 10) 0 1 0 1 #timing (570 636) ps  polarity 0
net 951: (23 11)->(23 9) 1 1 0 0 #timing (326 315) ps polarity 0
net 951: (23 9)->(23 13) 3 1 0 0 #timing (682 621) ps polarity 0
net 951: (23 13)->(19 13) 4 2 0 1 #timing (1065 932) ps  polarity 0
net 951: (19 13)->(19 17) 3 4 0 1 #timing (1377 1175) ps  polarity 0
net 951: (19 17)->(19 17) 1 0 1 1 #timing (1472 1275) ps  polarity 1
net 951: (19 17)->(18 17) 0 2 0 1 #timing (1406 1590) ps  polarity 0
net 951: (22 11)->(23 10) 0 3 0 0 #timing (204 204) ps polarity 1
net 951: (23 10)->(21 10) 1 2 0 0 #timing (346 323) ps polarity 0
net 951: (21 10)->(17 10) 4 2 0 0 #timing (582 605) ps polarity 0
net 951: (17 10)->(17 10) 1 0 1 1 #timing (823 769) ps  polarity 1
net 951: (17 10)->(17 11) 0 1 0 1 #timing (931 957) ps  polarity 0
net 952: (20 11)->(20 11) 0 0 0 0 #timing (155 155) ps polarity 1
net 952: (20 11)->(20 9) 1 1 0 0 #timing (265 258) ps polarity 0
net 952: (20 9)->(20 13) 3 1 0 0 #timing (594 550) ps polarity 0
net 952: (20 13)->(16 13) 4 2 0 0 #timing (903 818) ps polarity 0
net 952: (16 13)->(16 17) 3 4 0 1 #timing (1214 1215) ps  polarity 0
net 952: (16 17)->(18 17) 1 2 0 1 #timing (1349 1344) ps  polarity 1
net 952: (18 17)->(18 17) 0 0 0 1 #timing (1489 1509) ps  polarity 0
net 952: (20 11)->(20 10) 0 1 0 0 #timing (161 161) ps polarity 1
net 952: (20 10)->(20 8) 1 1 0 0 #timing (278 267) ps polarity 0
net 952: (20 8)->(20 12) 3 1 0 0 #timing (569 543) ps polarity 0
net 952: (20 12)->(20 12) 1 0 0 1 #timing (783 722) ps  polarity 1
net 952: (20 12)->(21 12) 0 2 0 1 #timing (816 880) ps  polarity 0
net 986: (22 14)->(22 14) 0 0 0 0 #timing (178 178) ps polarity 1
net 986: (22 14)->(20 12) 1 3 0 0 #timing (344 314) ps polarity 0
net 986: (20 12)->(24 12) 4 5 0 0 #timing (642 663) ps polarity 0
net 986: (24 12)->(24 12) 1 0 1 1 #timing (862 814) ps  polarity 1
net 986: (24 12)->(24 12) 0 0 0 1 #timing (959 988) ps  polarity 0
net 986: (22 14)->(23 15) 0 3 0 0 #timing (193 193) ps polarity 1
net 986: (23 15)->(23 15) 1 0 0 0 #timing (301 299) ps polarity 0
net 986: (23 15)->(23 13) 1 1 0 1 #timing (550 502) ps  polarity 1
net 986: (23 13)->(22 12) 0 3 0 1 #timing (613 680) ps  polarity 0
net 994: (20 4)->(20 5) 0 1 0 0 #timing (195 195) ps polarity 0
net 994: (20 5)->(20 7) 1 1 0 0 #timing (314 301) ps polarity 1
net 994: (20 7)->(20 7) 1 0 0 1 #timing (537 497) ps  polarity 0
net 994: (20 7)->(20 7) 0 0 0 1 #timing (636 660) ps  polarity 1
net 999: (17 18)->(16 19) 0 3 0 0 #timing (187 187) ps polarity 0
net 999: (16 19)->(18 19) 1 2 0 0 #timing (331 311) ps polarity 1
net 999: (18 19)->(18 19) 5 0 0 0 #timing (426 480) ps polarity 0
net 999: (18 19)->(26 19) 5 2 0 1 #timing (817 859) ps  polarity 1
net 999: (26 19)->(26 19) 1 0 0 1 #timing (1059 985) ps  polarity 0
net 999: (26 19)->(26 18) 0 1 0 1 #timing (1129 1183) ps  polarity 1
net 1002: (21 18)->(21 18) 0 0 0 0 #timing (184 184) ps polarity 0
net 1002: (21 18)->(21 16) 1 1 0 0 #timing (293 287) ps polarity 1
net 1002: (21 16)->(21 16) 5 0 0 0 #timing (396 432) ps polarity 0
net 1002: (21 16)->(21 1) 13 1 1 0 #timing (1097 933) ps polarity 1
net 1002: (21 1)->(21 1) 5 0 0 1 #timing (1304 1155) ps  polarity 1
net 1002: (21 1)->(23 3) 1 3 0 1 #timing (1523 1346) ps  polarity 1
net 1002: (23 3)->(22 2) 0 3 0 1 #timing (1494 1684) ps  polarity 0
net 1004: (23 2)->(23 2) 0 0 0 0 #timing (210 210) ps polarity 1
net 1004: (23 2)->(23 2) 1 0 0 0 #timing (294 296) ps polarity 0
net 1004: (23 2)->(23 2) 1 0 1 1 #timing (501 468) ps  polarity 1
net 1004: (23 2)->(23 3) 0 1 0 1 #timing (579 607) ps  polarity 0
net 1004: (23 2)->(23 0) 1 1 0 1 #timing (546 501) ps  polarity 1
net 1004: (23 0)->(22 1) 0 3 0 1 #timing (595 661) ps  polarity 0
net 1005: (14 16)->(14 16) 0 0 0 0 #timing (190 190) ps polarity 0
net 1005: (14 16)->(12 18) 1 3 0 0 #timing (334 313) ps polarity 1
net 1005: (12 18)->(16 18) 4 5 0 0 #timing (621 656) ps polarity 1
net 1005: (16 18)->(16 18) 1 0 0 1 #timing (854 792) ps  polarity 0
net 1005: (16 18)->(16 19) 0 1 0 1 #timing (958 986) ps  polarity 1
net 1005: (14 16)->(14 17) 0 1 0 0 #timing (195 195) ps polarity 0
net 1005: (14 17)->(14 17) 1 0 0 0 #timing (277 275) ps polarity 1
net 1005: (14 17)->(18 17) 4 5 0 0 #timing (556 525) ps polarity 1
net 1005: (18 17)->(18 17) 5 0 0 0 #timing (680 664) ps polarity 0
net 1005: (18 17)->(18 0) 13 1 1 0 #timing (1301 1195) ps polarity 1
net 1005: (18 0)->(18 0) 5 0 0 1 #timing (1537 1445) ps  polarity 1
net 1005: (18 0)->(22 0) 4 2 0 1 #timing (1865 1729) ps  polarity 0
net 1005: (22 0)->(22 0) 1 0 1 1 #timing (2060 1897) ps  polarity 1
net 1005: (22 0)->(22 1) 0 1 0 1 #timing (2079 2200) ps  polarity 0
net 1020: (7 16)->(6 16) 0 2 0 0 #timing (196 196) ps polarity 0
net 1020: (6 16)->(6 16) 1 0 0 0 #timing (280 283) ps polarity 1
net 1020: (6 16)->(10 16) 4 5 0 1 #timing (754 651) ps  polarity 1
net 1020: (10 16)->(10 16) 1 0 1 1 #timing (948 819) ps  polarity 0
net 1020: (10 16)->(10 16) 0 0 0 1 #timing (944 1062) ps  polarity 1
net 1021: (11 16)->(10 17) 0 3 0 0 #timing (208 208) ps polarity 0
net 1021: (10 17)->(10 17) 1 0 0 0 #timing (293 294) ps polarity 1
net 1021: (10 17)->(10 17) 1 0 1 1 #timing (498 465) ps  polarity 0
net 1021: (10 17)->(10 16) 0 1 0 1 #timing (577 605) ps  polarity 1
net 1022: (15 18)->(14 18) 0 2 0 0 #timing (192 192) ps polarity 0
net 1022: (14 18)->(14 18) 1 0 0 0 #timing (270 270) ps polarity 1
net 1022: (14 18)->(14 14) 3 4 0 0 #timing (512 478) ps polarity 1
net 1022: (14 14)->(10 14) 4 2 0 0 #timing (815 746) ps polarity 1
net 1022: (10 14)->(10 14) 5 0 1 0 #timing (944 895) ps polarity 0
net 1022: (10 14)->(27 14) 13 2 1 0 #timing (1584 1502) ps polarity 1
net 1022: (27 14)->(27 6) 5 1 0 1 #timing (2064 1962) ps  polarity 0
net 1022: (27 6)->(25 4) 1 3 0 1 #timing (2267 2299) ps  polarity 1
net 1022: (25 4)->(25 4) 0 0 0 1 #timing (2440 2440) ps  polarity 0
net 1022: (14 14)->(18 14) 4 5 0 0 #timing (801 746) ps polarity 1
net 1022: (18 14)->(18 14) 5 0 1 0 #timing (930 888) ps polarity 0
net 1022: (18 14)->(18 6) 5 1 0 1 #timing (1275 1235) ps  polarity 1
net 1022: (18 6)->(22 6) 4 2 0 1 #timing (1564 1480) ps  polarity 1
net 1022: (22 6)->(22 2) 3 1 0 1 #timing (1930 1767) ps  polarity 1
net 1022: (22 2)->(20 2) 1 2 0 1 #timing (2094 1917) ps  polarity 0
net 1022: (20 2)->(21 2) 0 2 0 1 #timing (2042 2235) ps  polarity 1
net 1022: (18 14)->(26 6) 5 3 0 1 #timing (1565 1519) ps  polarity 0
net 1022: (26 6)->(26 4) 1 1 0 1 #timing (1790 1720) ps  polarity 0
net 1022: (26 4)->(27 4) 0 2 0 1 #timing (1826 1914) ps  polarity 1
net 1026: (23 5)->(23 4) 0 1 0 0 #timing (228 228) ps polarity 1
net 1026: (23 4)->(21 6) 1 3 0 0 #timing (371 350) ps polarity 0
net 1026: (21 6)->(25 6) 4 5 0 0 #timing (720 727) ps polarity 0
net 1026: (25 6)->(25 10) 3 4 0 1 #timing (1166 1064) ps  polarity 0
net 1026: (25 10)->(25 10) 1 0 1 1 #timing (1290 1189) ps  polarity 1
net 1026: (25 10)->(24 10) 0 2 0 1 #timing (1262 1371) ps  polarity 0
net 1026: (23 5)->(22 5) 0 2 0 0 #timing (227 227) ps polarity 1
net 1026: (22 5)->(22 7) 1 1 0 0 #timing (338 331) ps polarity 0
net 1026: (22 7)->(22 7) 5 0 1 0 #timing (445 483) ps polarity 1
net 1026: (22 7)->(22 15) 5 1 0 1 #timing (828 857) ps  polarity 0
net 1026: (22 15)->(20 13) 1 3 0 1 #timing (1167 1064) ps  polarity 1
net 1026: (20 13)->(20 12) 0 1 0 1 #timing (1208 1334) ps  polarity 0
net 1033: (17 11)->(16 11) 0 2 0 0 #timing (172 172) ps polarity 1
net 1033: (16 11)->(18 9) 1 3 0 0 #timing (345 314) ps polarity 0
net 1033: (18 9)->(18 11) 1 1 0 1 #timing (617 553) ps  polarity 1
net 1033: (18 11)->(18 10) 0 1 0 1 #timing (689 760) ps  polarity 0
net 1033: (18 9)->(18 9) 5 0 0 0 #timing (435 510) ps polarity 1
net 1033: (18 9)->(3 9) 13 2 1 0 #timing (1141 949) ps polarity 0
net 1033: (3 9)->(3 9) 5 0 0 1 #timing (1383 1205) ps  polarity 0
net 1033: (3 9)->(7 9) 4 2 0 1 #timing (1671 1473) ps  polarity 1
net 1033: (7 9)->(7 5) 3 4 0 1 #timing (2090 1800) ps  polarity 1
net 1033: (7 5)->(7 7) 1 1 0 1 #timing (2246 1948) ps  polarity 0
net 1033: (7 7)->(7 7) 0 0 0 1 #timing (2064 2371) ps  polarity 1
net 1034: (22 26)->(23 27) 0 3 0 0 #timing (193 193) ps polarity 1
net 1034: (23 27)->(23 27) 1 0 0 0 #timing (302 299) ps polarity 0
net 1034: (23 27)->(23 27) 5 0 1 0 #timing (405 425) ps polarity 1
net 1034: (23 27)->(6 27) 13 2 1 0 #timing (1110 962) ps polarity 0
net 1034: (6 27)->(6 10) 13 1 1 0 #timing (1670 1717) ps polarity 1
net 1034: (6 10)->(6 10) 5 0 1 1 #timing (1915 1973) ps  polarity 1
net 1034: (6 10)->(6 8) 1 1 0 1 #timing (2100 2142) ps  polarity 1
net 1034: (6 8)->(6 8) 0 0 0 1 #timing (2259 2230) ps  polarity 0
net 1035: (23 4)->(23 5) 0 1 0 0 #timing (204 204) ps polarity 0
net 1035: (23 5)->(23 5) 1 0 0 0 #timing (295 295) ps polarity 1
net 1035: (23 5)->(27 5) 4 5 0 0 #timing (646 582) ps polarity 1
net 1035: (27 5)->(25 5) 1 2 0 1 #timing (829 852) ps  polarity 0
net 1035: (25 5)->(24 4) 0 3 0 1 #timing (1004 1004) ps  polarity 1
net 1038: (21 5)->(21 4) 0 1 0 0 #timing (157 157) ps polarity 1
net 1038: (21 4)->(23 6) 1 3 0 0 #timing (305 282) ps polarity 0
net 1038: (23 6)->(27 6) 4 5 0 0 #timing (639 651) ps polarity 0
net 1038: (27 6)->(27 6) 1 0 1 1 #timing (861 821) ps  polarity 1
net 1038: (27 6)->(26 6) 0 2 0 1 #timing (953 979) ps  polarity 0
net 1038: (21 5)->(20 4) 0 3 0 0 #timing (180 180) ps polarity 1
net 1038: (20 4)->(22 4) 1 2 0 0 #timing (310 299) ps polarity 0
net 1038: (22 4)->(26 4) 4 5 0 0 #timing (657 645) ps polarity 0
net 1038: (26 4)->(26 4) 1 0 1 1 #timing (844 829) ps  polarity 1
net 1038: (26 4)->(27 5) 0 3 0 1 #timing (972 968) ps  polarity 0
net 1039: (22 5)->(22 5) 0 0 0 0 #timing (198 198) ps polarity 1
net 1039: (22 5)->(20 5) 1 2 0 0 #timing (349 326) ps polarity 0
net 1039: (20 5)->(24 5) 4 5 0 0 #timing (657 660) ps polarity 0
net 1039: (24 5)->(24 7) 1 1 0 1 #timing (918 867) ps  polarity 1
net 1039: (24 7)->(24 6) 0 1 0 1 #timing (979 1049) ps  polarity 0
net 1041: (23 26)->(22 27) 0 3 0 0 #timing (236 236) ps polarity 1
net 1041: (22 27)->(20 27) 1 2 0 0 #timing (365 353) ps polarity 0
net 1041: (20 27)->(16 27) 4 2 0 0 #timing (679 677) ps polarity 0
net 1041: (16 27)->(12 27) 4 5 0 1 #timing (1000 958) ps  polarity 0
net 1041: (12 27)->(12 23) 3 4 0 1 #timing (1291 1190) ps  polarity 0
net 1041: (12 23)->(14 21) 1 3 0 1 #timing (1469 1344) ps  polarity 1
net 1041: (14 21)->(14 21) 0 0 0 1 #timing (1500 1648) ps  polarity 0
net 1042: (24 11)->(24 11) 0 0 0 0 #timing (197 197) ps polarity 1
net 1042: (24 11)->(24 11) 1 0 0 0 #timing (281 283) ps polarity 0
net 1042: (24 11)->(28 11) 4 2 0 0 #timing (526 510) ps polarity 0
net 1042: (28 11)->(28 9) 1 1 0 1 #timing (759 735) ps  polarity 1
net 1042: (28 9)->(28 9) 0 0 0 1 #timing (872 900) ps  polarity 0
net 1042: (24 11)->(20 11) 4 5 0 0 #timing (610 548) ps polarity 0
net 1042: (20 11)->(20 11) 5 0 1 0 #timing (743 696) ps polarity 1
net 1042: (20 11)->(5 11) 13 2 1 0 #timing (1327 1256) ps polarity 0
net 1042: (5 11)->(5 11) 5 0 1 1 #timing (1551 1493) ps  polarity 0
net 1042: (5 11)->(7 9) 1 3 0 1 #timing (1780 1688) ps  polarity 0
net 1042: (7 9)->(7 9) 0 0 0 1 #timing (1834 1941) ps  polarity 1
net 1042: (7 9)->(6 8) 0 3 0 1 #timing (1829 1937) ps  polarity 1
net 1042: (24 11)->(24 11) 5 0 0 0 #timing (386 401) ps polarity 1
net 1042: (24 11)->(16 11) 5 2 0 1 #timing (804 799) ps  polarity 0
net 1042: (16 11)->(16 15) 3 1 0 1 #timing (1207 1113) ps  polarity 0
net 1042: (16 15)->(16 15) 1 0 1 1 #timing (1304 1214) ps  polarity 1
net 1042: (16 15)->(16 15) 0 0 0 1 #timing (1330 1415) ps  polarity 0
net 1042: (24 11)->(24 9) 1 1 0 0 #timing (317 305) ps polarity 0
net 1042: (24 9)->(24 13) 3 1 0 0 #timing (673 606) ps polarity 0
net 1042: (24 13)->(20 13) 4 5 0 0 #timing (1033 908) ps polarity 0
net 1042: (20 13)->(20 17) 3 4 0 1 #timing (1323 1348) ps  polarity 0
net 1042: (20 17)->(20 17) 1 0 1 1 #timing (1423 1450) ps  polarity 1
net 1042: (20 17)->(20 17) 0 0 0 1 #timing (1576 1539) ps  polarity 0
net 1042: (24 9)->(20 9) 4 5 0 0 #timing (633 605) ps polarity 0
net 1042: (20 9)->(20 9) 5 0 0 0 #timing (767 753) ps polarity 1
net 1042: (20 9)->(20 24) 13 1 1 0 #timing (1342 1241) ps polarity 0
net 1042: (20 24)->(20 24) 5 0 0 1 #timing (1572 1484) ps  polarity 0
net 1042: (20 24)->(20 20) 3 4 0 1 #timing (1958 1784) ps  polarity 1
net 1042: (20 20)->(20 20) 1 0 0 1 #timing (2055 1887) ps  polarity 0
net 1042: (20 20)->(20 21) 0 1 0 1 #timing (2005 2166) ps  polarity 1
net 1042: (24 11)->(26 9) 1 3 0 0 #timing (356 331) ps polarity 0
net 1042: (26 9)->(26 9) 5 0 1 0 #timing (450 514) ps polarity 1
net 1042: (26 9)->(26 24) 13 1 1 0 #timing (1102 929) ps polarity 0
net 1042: (26 24)->(18 24) 5 2 0 1 #timing (1572 1373) ps  polarity 1
net 1042: (18 24)->(14 24) 4 5 0 1 #timing (1863 1618) ps  polarity 1
net 1042: (14 24)->(14 20) 3 4 0 1 #timing (2228 1891) ps  polarity 1
net 1042: (14 20)->(14 20) 1 0 0 1 #timing (2325 1995) ps  polarity 0
net 1042: (14 20)->(14 21) 0 1 0 1 #timing (2114 2436) ps  polarity 1
net 1042: (24 11)->(25 11) 0 2 0 0 #timing (201 201) ps polarity 1
net 1042: (25 11)->(25 11) 1 0 0 0 #timing (290 289) ps polarity 0
net 1042: (25 11)->(21 11) 4 5 0 1 #timing (661 598) ps  polarity 0
net 1042: (21 11)->(21 7) 3 4 0 1 #timing (993 860) ps  polarity 0
net 1042: (21 7)->(23 5) 1 3 0 1 #timing (1157 1007) ps  polarity 1
net 1042: (23 5)->(22 5) 0 2 0 1 #timing (1159 1321) ps  polarity 0
net 1042: (25 11)->(27 9) 1 3 0 0 #timing (374 345) ps polarity 0
net 1042: (27 9)->(27 9) 5 0 0 0 #timing (470 547) ps polarity 1
net 1042: (27 9)->(27 24) 13 1 1 0 #timing (1112 931) ps polarity 0
net 1042: (27 24)->(19 16) 5 3 0 1 #timing (1865 1648) ps  polarity 0
net 1042: (19 16)->(17 16) 1 2 0 1 #timing (2126 1869) ps  polarity 0
net 1042: (17 16)->(16 17) 0 3 0 1 #timing (2045 2300) ps  polarity 1
net 1042: (24 11)->(25 10) 0 3 0 0 #timing (203 203) ps polarity 1
net 1042: (25 10)->(25 10) 1 0 0 0 #timing (290 290) ps polarity 0
net 1042: (25 10)->(27 10) 1 2 0 1 #timing (569 510) ps  polarity 1
net 1042: (27 10)->(26 11) 0 3 0 1 #timing (643 729) ps  polarity 0
net 1042: (25 10)->(25 14) 3 1 0 0 #timing (628 555) ps polarity 0
net 1042: (25 14)->(25 12) 1 1 0 1 #timing (893 771) ps  polarity 1
net 1042: (25 12)->(24 13) 0 3 0 1 #timing (864 1007) ps  polarity 0
net 1042: (25 14)->(21 14) 4 5 0 0 #timing (941 835) ps polarity 0
net 1042: (21 14)->(21 12) 1 1 0 1 #timing (1090 1155) ps  polarity 1
net 1042: (21 12)->(21 13) 0 1 0 1 #timing (1314 1245) ps  polarity 0
net 1042: (25 14)->(25 14) 5 0 0 0 #timing (760 701) ps polarity 1
net 1042: (25 14)->(17 14) 5 2 0 1 #timing (1094 1036) ps  polarity 0
net 1042: (17 14)->(13 14) 4 5 0 1 #timing (1397 1302) ps  polarity 0
net 1042: (13 14)->(13 18) 3 4 0 1 #timing (1672 1525) ps  polarity 0
net 1042: (13 18)->(15 16) 1 3 0 1 #timing (1860 1685) ps  polarity 1
net 1042: (15 16)->(14 17) 0 3 0 1 #timing (1865 2055) ps  polarity 0
net 1042: (25 10)->(25 6) 3 4 0 0 #timing (592 534) ps polarity 0
net 1042: (25 6)->(21 6) 4 5 0 0 #timing (913 818) ps polarity 0
net 1042: (21 6)->(21 4) 1 1 0 1 #timing (1072 1126) ps  polarity 1
net 1042: (21 4)->(20 5) 0 3 0 1 #timing (1292 1229) ps  polarity 0
net 1042: (21 6)->(23 6) 1 2 0 1 #timing (1110 1147) ps  polarity 1
net 1042: (23 6)->(22 7) 0 3 0 1 #timing (1310 1260) ps  polarity 0
net 1043: (21 15)->(21 15) 0 0 0 0 #timing (178 178) ps polarity 0
net 1043: (21 15)->(21 15) 1 0 0 0 #timing (251 256) ps polarity 1
net 1043: (21 15)->(21 15) 1 0 0 1 #timing (456 427) ps  polarity 0
net 1043: (21 15)->(21 14) 0 1 0 1 #timing (538 563) ps  polarity 1
net 1043: (21 15)->(20 15) 0 2 0 1 #timing (550 571) ps  polarity 1
net 1043: (21 15)->(20 14) 0 3 0 1 #timing (563 576) ps  polarity 1
net 1043: (21 15)->(21 11) 3 1 0 0 #timing (511 470) ps polarity 1
net 1043: (21 11)->(23 9) 1 3 0 1 #timing (805 697) ps  polarity 0
net 1043: (23 9)->(22 9) 0 2 0 1 #timing (846 960) ps  polarity 1
net 1043: (23 9)->(22 8) 0 3 0 1 #timing (835 953) ps  polarity 1
net 1043: (21 11)->(25 11) 4 5 0 0 #timing (871 783) ps polarity 1
net 1043: (25 11)->(27 11) 1 2 0 1 #timing (1025 1078) ps  polarity 0
net 1043: (27 11)->(26 11) 0 2 0 1 #timing (1195 1171) ps  polarity 1
net 1043: (21 15)->(25 15) 4 5 0 0 #timing (594 539) ps polarity 1
net 1043: (25 15)->(25 15) 1 0 1 1 #timing (736 765) ps  polarity 0
net 1043: (25 15)->(25 14) 0 1 0 1 #timing (874 841) ps  polarity 1
net 1043: (25 15)->(24 15) 0 2 0 1 #timing (846 824) ps  polarity 1
net 1043: (25 15)->(24 14) 0 3 0 1 #timing (867 839) ps  polarity 1
net 1043: (21 15)->(23 13) 1 3 0 0 #timing (328 306) ps polarity 1
net 1043: (23 13)->(19 13) 4 2 0 0 #timing (572 599) ps polarity 1
net 1043: (19 13)->(15 13) 4 5 0 1 #timing (906 894) ps  polarity 1
net 1043: (15 13)->(15 17) 3 4 0 1 #timing (1198 1132) ps  polarity 1
net 1043: (15 17)->(15 17) 1 0 0 1 #timing (1295 1234) ps  polarity 0
net 1043: (15 17)->(14 17) 0 2 0 1 #timing (1367 1415) ps  polarity 1
net 1043: (21 15)->(21 14) 0 1 0 0 #timing (190 190) ps polarity 0
net 1043: (21 14)->(21 14) 1 0 0 0 #timing (271 270) ps polarity 1
net 1043: (21 14)->(17 14) 4 2 0 0 #timing (509 489) ps polarity 1
net 1043: (17 14)->(17 14) 1 0 0 1 #timing (703 695) ps  polarity 0
net 1043: (17 14)->(16 15) 0 3 0 1 #timing (835 825) ps  polarity 1
net 1043: (21 14)->(21 12) 1 1 0 0 #timing (313 298) ps polarity 1
net 1043: (21 12)->(21 8) 3 1 0 0 #timing (577 561) ps polarity 1
net 1043: (21 8)->(21 8) 5 0 0 0 #timing (713 706) ps polarity 0
net 1043: (21 8)->(29 8) 5 2 0 1 #timing (1147 1123) ps  polarity 1
net 1043: (29 8)->(29 8) 1 0 0 1 #timing (1324 1317) ps  polarity 0
net 1043: (29 8)->(28 9) 0 3 0 1 #timing (1462 1448) ps  polarity 1
net 1043: (21 12)->(21 12) 5 0 0 0 #timing (408 453) ps polarity 0
net 1043: (21 12)->(21 4) 5 1 0 1 #timing (727 783) ps  polarity 1
net 1043: (21 4)->(23 4) 1 2 0 1 #timing (1038 927) ps  polarity 0
net 1043: (23 4)->(22 5) 0 3 0 1 #timing (1097 1188) ps  polarity 1
net 1043: (21 14)->(23 14) 1 2 0 0 #timing (316 301) ps polarity 1
net 1043: (23 14)->(23 18) 3 4 0 0 #timing (652 613) ps polarity 1
net 1043: (23 18)->(19 18) 4 2 0 0 #timing (909 860) ps polarity 1
net 1043: (19 18)->(15 18) 4 5 0 1 #timing (1232 1148) ps  polarity 1
net 1043: (15 18)->(15 22) 3 1 0 1 #timing (1539 1398) ps  polarity 1
net 1043: (15 22)->(15 20) 1 1 0 1 #timing (1684 1535) ps  polarity 0
net 1043: (15 20)->(14 21) 0 3 0 1 #timing (1713 1855) ps  polarity 1
net 1043: (21 15)->(20 15) 0 2 0 0 #timing (183 183) ps polarity 0
net 1043: (20 15)->(20 13) 1 1 0 0 #timing (303 294) ps polarity 1
net 1043: (20 13)->(20 17) 3 4 0 0 #timing (589 559) ps polarity 1
net 1043: (20 17)->(20 21) 3 1 0 1 #timing (1004 875) ps  polarity 1
net 1043: (20 21)->(20 21) 1 0 0 1 #timing (1102 978) ps  polarity 0
net 1043: (20 21)->(20 21) 0 0 0 1 #timing (1092 1211) ps  polarity 1
net 1043: (20 17)->(16 17) 4 2 0 0 #timing (894 830) ps polarity 1
net 1043: (16 17)->(16 17) 1 0 0 1 #timing (1038 1077) ps  polarity 0
net 1043: (16 17)->(16 17) 0 0 0 1 #timing (1203 1155) ps  polarity 1
net 1043: (20 13)->(20 13) 5 0 0 0 #timing (401 437) ps polarity 0
net 1043: (20 13)->(20 5) 5 1 0 1 #timing (737 777) ps  polarity 1
net 1043: (20 5)->(20 5) 1 0 0 1 #timing (980 906) ps  polarity 0
net 1043: (20 5)->(20 5) 0 0 0 1 #timing (1035 1098) ps  polarity 1
net 1043: (21 15)->(20 14) 0 3 0 0 #timing (199 200) ps polarity 0
net 1043: (20 14)->(20 12) 1 1 0 0 #timing (334 320) ps polarity 1
net 1043: (20 12)->(20 16) 3 4 0 0 #timing (605 582) ps polarity 1
net 1043: (20 16)->(20 16) 1 0 1 1 #timing (813 758) ps  polarity 0
net 1043: (20 16)->(20 17) 0 1 0 1 #timing (855 910) ps  polarity 1
net 1049: (6 8)->(6 9) 0 1 0 0 #timing (189 189) ps polarity 1
net 1049: (6 9)->(6 9) 1 0 0 0 #timing (279 276) ps polarity 0
net 1049: (6 9)->(10 9) 4 5 0 0 #timing (577 544) ps polarity 0
net 1049: (10 9)->(10 9) 5 0 0 0 #timing (702 684) ps polarity 1
net 1049: (10 9)->(26 9) 13 2 0 0 #timing (1342 1233) ps polarity 0
net 1049: (26 9)->(26 9) 5 0 1 1 #timing (1591 1494) ps  polarity 0
net 1049: (26 9)->(26 5) 3 4 0 1 #timing (1946 1777) ps  polarity 1
net 1049: (26 5)->(24 5) 1 2 0 1 #timing (2065 1895) ps  polarity 0
net 1049: (24 5)->(24 5) 0 0 0 1 #timing (2031 2196) ps  polarity 1
net 1049: (6 8)->(7 8) 0 2 0 0 #timing (183 183) ps polarity 1
net 1049: (7 8)->(5 8) 1 2 0 0 #timing (325 304) ps polarity 0
net 1049: (5 8)->(5 8) 5 0 1 0 #timing (419 469) ps polarity 1
net 1049: (5 8)->(20 8) 13 2 1 0 #timing (1079 915) ps polarity 0
net 1049: (20 8)->(20 8) 5 0 1 1 #timing (1329 1178) ps  polarity 0
net 1049: (20 8)->(24 8) 4 5 0 1 #timing (1747 1511) ps  polarity 1
net 1049: (24 8)->(24 4) 3 4 0 1 #timing (2141 1811) ps  polarity 1
net 1049: (24 4)->(26 4) 1 2 0 1 #timing (2259 1927) ps  polarity 0
net 1049: (26 4)->(26 5) 0 1 0 1 #timing (2058 2384) ps  polarity 1
net 1049: (20 8)->(20 0) 5 1 0 1 #timing (1568 1386) ps  polarity 1
net 1049: (20 0)->(20 0) 1 0 0 1 #timing (1589 1737) ps  polarity 0
net 1049: (20 0)->(20 1) 0 1 0 1 #timing (1888 1716) ps  polarity 1
net 1054: (4 3)->(5 2) 0 3 0 0 #timing (209 209) ps polarity 0
net 1054: (5 2)->(5 0) 1 1 0 0 #timing (342 329) ps polarity 1
net 1054: (5 0)->(5 0) 1 0 1 1 #timing (560 519) ps  polarity 0
net 1054: (5 0)->(4 1) 0 3 0 1 #timing (664 684) ps  polarity 1
net 1054: (5 0)->(1 0) 4 2 0 0 #timing (634 628) ps polarity 1
net 1054: (1 0)->(3 0) 1 2 0 1 #timing (889 852) ps  polarity 0
net 1054: (3 0)->(2 1) 0 3 0 1 #timing (988 1036) ps  polarity 1
net 1055: (2 13)->(2 13) 0 0 0 0 #timing (406 406) ps polarity 0
net 1055: (2 13)->(2 13) 1 0 0 0 #timing (477 483) ps polarity 1
net 1055: (2 13)->(2 17) 3 4 0 0 #timing (781 718) ps polarity 1
net 1055: (2 17)->(6 17) 4 2 0 0 #timing (1085 999) ps polarity 1
net 1055: (6 17)->(6 17) 1 0 0 1 #timing (1207 1263) ps  polarity 0
net 1055: (6 17)->(6 17) 0 0 0 1 #timing (1393 1325) ps  polarity 1
net 1056: (7 18)->(7 18) 0 0 0 0 #timing (187 187) ps polarity 0
net 1056: (7 18)->(5 18) 1 2 0 0 #timing (307 298) ps polarity 1
net 1056: (5 18)->(7 16) 1 3 0 1 #timing (593 538) ps  polarity 0
net 1056: (7 16)->(6 17) 0 3 0 1 #timing (699 760) ps  polarity 1
net 1056: (7 18)->(6 18) 0 2 0 0 #timing (189 189) ps polarity 0
net 1056: (6 18)->(6 16) 1 1 0 0 #timing (321 305) ps polarity 1
net 1056: (6 16)->(6 12) 3 4 0 0 #timing (593 581) ps polarity 1
net 1056: (6 12)->(4 12) 1 2 0 1 #timing (871 808) ps  polarity 0
net 1056: (4 12)->(5 13) 0 3 0 1 #timing (952 1023) ps  polarity 1
